Airbnb_ListingID,City,Neighbourhood,Lat,Lng,RoomType_Clean,RoomAndPropertyType,PersonCapacity,Bathrooms,Bedrooms,Beds,BasicNightPrice,StarRating,LocationRating,CleanlinessRating,ValueRating,AccuracyRating,CheckinRating,CommunicationRating,ReviewCount,AvailableMoreThan30Days,PriceCategory,RatingBand,PropertySize,AvailabilityStatus
1.00127E+18,Pimpri-Chinchwad,Tathawade,18.6131798,73.74503577,Entire Home,Entire rental unit,3,1,1,1,1947,4.82,4.8,4.77,,,,,0,1,Budget,4.75-5.0,Medium,Available >30 Days
1.01282E+18,Pune,Unknown,18.4948,73.8365,Entire Home,Entire rental unit,5,2,2,2,4794,4.88,4.69,4.91,4.81,4.88,4.94,4.94,32,1,Premium,4.75-5.0,Medium,Available >30 Days
1.28324E+18,Pune,Gahunje,18.67365041,73.70619981,Entire Home,Entire rental unit,3,1,1,1,2794,4.88,4.97,4.88,4.88,4.91,5,4.94,33,1,Mid-Range,4.75-5.0,Medium,Available >30 Days
1.28897E+18,Pune,Unknown,18.55467519,73.96922817,Entire Home,Entire apartment,4,2,2,2,4230,4.95,4.4,4.93,4.79,4.86,4.9,4.86,42,1,Premium,4.75-5.0,Medium,Available >30 Days
1.29249E+18,Pune,Unknown,18.45931831,73.82113955,Entire Home,Entire apartment,2,1,1,1,4335,5,4.67,5,4.67,5,5,5,3,1,Premium,4.75-5.0,Small,Available >30 Days
1.29379E+18,Pune,Unknown,18.5188,73.9327,Entire Home,Entire rental unit,4,2,2,2,3508,5,5,5,5,5,5,5,1,1,Mid-Range,4.75-5.0,Medium,Available >30 Days
1.29559E+18,Pune,Unknown,18.5461,73.7791,Entire Home,Entire apartment,2,1,1,1,2722,4.87,4.95,4.84,4.71,4.84,4.95,5,38,1,Mid-Range,4.75-5.0,Small,Available >30 Days
1.29866E+18,Pune,Shivneri Park,18.56989906,73.77891681,Hotel,Room in hotel,2,1,1,1,5677,4.82,4.8,4.77,,,,,0,1,Premium,4.75-5.0,Small,Available >30 Days
1.46006E+18,Pimpri-Chinchwad,Unknown,18.68026,73.78825,Hotel,Room in boutique hotel,2,1,1,1,1344,4.82,4.8,4.77,,,,,0,1,Budget,4.75-5.0,Small,Available >30 Days
1.46288E+18,Pune,Unknown,18.53403429,73.89740574,Entire Home,Entire rental unit,2,1,1,1,2450,4.24,4.67,4.48,4.33,4.43,4.67,4.62,21,1,Mid-Range,4.0-4.5,Small,Available >30 Days
1.4657E+18,Pune,Unknown,18.52335,73.96302,Entire Home,Entire rental unit,3,1,1,1,1788,4.71,4,4.41,4.71,4.53,4.71,4.71,17,1,Budget,4.5-4.75,Medium,Available >30 Days
1.53961E+18,Pune,Blue Ridge Town,18.57878,73.73839,Entire Home,Entire rental unit,2,1,1,1,2170,3,3,3,3,3,2.5,3,2,1,Mid-Range,Below 3,Small,Available >30 Days
1.54094E+18,Pune,Unknown,18.56755,73.91345,Entire Home,Entire home,14,3,3,3,5323,4.33,5,4,4.33,4.33,5,5,3,1,Premium,4.0-4.5,Large,Available >30 Days
1.54565E+18,Gorhe Bk.,Gorhe,18.4166,73.758,Private Room,Private room in home,2,1,1,1,1754,4.82,4.8,4.77,,,,,0,1,Budget,4.75-5.0,Small,Available >30 Days
1.54568E+18,Pune,Unknown,18.5411,73.9225,Entire Home,Entire rental unit,3,1,1,1,1988,4.84,4.76,4.78,4.84,4.86,4.86,4.84,37,1,Budget,4.75-5.0,Medium,Available >30 Days
1.62185E+18,Pimpri-Chinchwad,Nande,18.5705775,73.72813309,Entire Home,Entire rental unit,8,2,3,3,9652,4.82,4.8,4.77,,,,,0,1,Luxury,4.75-5.0,Large,Available >30 Days
1.62245E+18,Pimpri-Chinchwad,Punawale,18.6288,73.7451,Entire Home,Entire home,3,1,1,1,1833,4.82,4.8,4.77,,,,,0,1,Budget,4.75-5.0,Medium,Available >30 Days
1.62391E+18,Pune,Unknown,18.56405206,73.83034087,Hotel,Room in boutique hotel,2,1,1,1,1203,4.82,4.8,4.77,,,,,0,1,Budget,4.75-5.0,Small,Available >30 Days
42470906,Pune,Unknown,18.39598,73.76198,Entire Home,Entire villa,16,4.5,4,4,10371,2,4,2,1,2,5,4,1,1,Luxury,Below 3,Large,Available >30 Days
46743273,Pune,Shivneri Park,18.56479,73.77728,Hotel,Room in aparthotel,2,1,1,1,3976,4.82,4.8,4.77,,,,,0,1,Mid-Range,4.75-5.0,Small,Available >30 Days
46745655,Pune,Balewadi Phata,18.56497,73.77746,Hotel,Room in aparthotel,2,1,1,1,3976,4.82,4.8,4.77,,,,,0,1,Mid-Range,4.75-5.0,Small,Available >30 Days
47129578,Pune,Unknown,18.54988,73.94141,Serviced Apartment,Entire serviced apartment,3,1.5,1,1,3500,4,4,4,3.5,3.75,4,4,4,1,Mid-Range,3.0-4.0,Medium,Available >30 Days
1.25567E+18,Pimpri-Chinchwad,Blue Ridge Town,18.5784,73.7408,Private Room,Private room in rental unit,2,1,1,1,2104,4.97,5,5,4.88,4.94,5,5,33,1,Mid-Range,4.75-5.0,Small,Available >30 Days
1.34055E+18,Pune,Unknown,18.5415,73.9222,Entire Home,Entire rental unit,2,1,1,1,3048,4.83,4.73,4.73,4.73,4.93,4.8,4.93,40,1,Mid-Range,4.75-5.0,Small,Available >30 Days
1.35079E+18,Pune,Pallod Farms,18.55599511,73.79956432,Entire Home,Entire rental unit,5,2,2,2,3570,5,5,5,5,5,5,5,1,1,Mid-Range,4.75-5.0,Medium,Available >30 Days
1.48267E+18,Pune,Unknown,18.58,73.8946,Hotel,Room in hotel,2,1,1,1,2280,1,1,1,1,1,3,1,1,1,Mid-Range,Below 3,Small,Available >30 Days
1.48304E+18,Pune,Unknown,18.5801,73.8946,Hotel,Room in hotel,2,1,1,1,2556,4.83,4.67,4.67,4.67,4.5,5,4.5,6,1,Mid-Range,4.75-5.0,Small,Available >30 Days
1.48311E+18,Pune,Unknown,18.54708,73.94701,Hotel,Room in hotel,2,0,1,1,3090,5,5,5,5,5,5,5,1,1,Mid-Range,4.75-5.0,Small,Available >30 Days
1.4869E+18,Pune,Unknown,18.5423,73.8904,Private Room,Private room in rental unit,2,1,1,1,1452,4.64,4.91,4.73,4.55,4.64,4.64,4.82,11,1,Budget,4.5-4.75,Small,Available >30 Days
1.48746E+18,Pune,Balewadi High Street,18.5726,73.7722,Private Room,Private room in bed and breakfast,2,1,1,1,2198,4.82,4.8,4.77,,,,,0,1,Mid-Range,4.75-5.0,Small,Available >30 Days
1.56997E+18,Pune,Gahunje,18.67408,73.70616,Entire Home,Entire rental unit,2,1,1,1,3257,5,5,5,5,5,5,5,2,1,Mid-Range,4.75-5.0,Small,Available >30 Days
1.57078E+18,Pune,Unknown,18.4757,73.8265,Entire Home,Entire home,5,3,3,3,3286,4.75,5,5,5,4.75,4.75,5,4,1,Mid-Range,4.5-4.75,Medium,Available >30 Days
1.57123E+18,Pune,Unknown,18.57660268,73.91377607,Entire Home,Entire rental unit,4,1,1,1,3318,4,4.5,3,4,4,5,3.5,2,1,Mid-Range,3.0-4.0,Medium,Available >30 Days
1.57444E+18,Pune,Mhalunge,18.57853171,73.75446576,Private Room,Private room in rental unit,2,1,1,1,3406,4.82,4.8,4.77,,,,,0,1,Mid-Range,4.75-5.0,Small,Available >30 Days
1.5747E+18,Pune,Balewadi Phata,18.56646,73.78735,Entire Home,Entire rental unit,9,3.5,3,3,6106,3,4.5,4,3,3.5,3,3,2,1,Premium,Below 3,Large,Available >30 Days
1.57471E+18,Pune,Unknown,18.5415,73.9224,Entire Home,Entire apartment,2,1,1,1,2380,4.63,4.47,4.74,4.79,4.79,4.79,4.74,19,1,Mid-Range,4.5-4.75,Small,Available >30 Days
1.62876E+18,Pune,Unknown,18.65091,73.72686,Entire Home,Entire rental unit,6,3,3,3,3402,4.82,4.8,4.77,,,,,0,1,Mid-Range,4.75-5.0,Large,Available >30 Days
1.62907E+18,Pune,Unknown,18.5464,73.7792,Entire Home,Entire rental unit,2,1,1,1,2670,5,5,5,5,5,5,5,1,1,Mid-Range,4.75-5.0,Small,Available >30 Days
1.63262E+18,Pune,Unknown,18.56762015,73.76545608,Entire Home,Entire rental unit,3,1,1,1,2252,4.82,4.8,4.77,,,,,0,1,Mid-Range,4.75-5.0,Medium,Available >30 Days
5.75782E+17,Pune,Samarth Colony,18.5529,73.77623,Hotel,Room in hotel,2,1,1,1,1771,4.45,4.59,4.41,4.32,4.41,4.55,4.73,22,1,Budget,4.0-4.5,Small,Available >30 Days
5.83044E+17,Pune,Unknown,18.5947,73.9687,Private Room,Private room in apartment,2,2.5,1,1,2454,4.82,4.8,4.77,,,,,0,1,Mid-Range,4.75-5.0,Small,Available >30 Days
6.05389E+17,Pune,Unknown,18.47007,73.89675,Entire Home,Entire bungalow,4,4,3,3,5847,4.82,4.8,4.77,,,,,0,1,Premium,4.75-5.0,Medium,Available >30 Days
6.14174E+17,Pune,Mhalunge,18.55972,73.76155,Private Room,Private room in apartment,2,2,1,1,2315,5,5,5,5,5,5,5,1,1,Mid-Range,4.75-5.0,Small,Available >30 Days
1.04188E+18,Pune,Unknown,18.54241,73.88674,Entire Home,Entire apartment,3,1,1,1,3240,4.81,4.67,4.83,4.71,4.83,4.76,4.83,90,1,Mid-Range,4.75-5.0,Medium,Available >30 Days
1.06407E+18,Pimpri-Chinchwad,Blue Ridge Town,18.58104,73.73633,Entire Home,Entire apartment,2,1,1,1,2666,4.86,4.92,4.66,4.79,4.86,4.94,4.95,119,1,Mid-Range,4.75-5.0,Small,Available >30 Days
1.06511E+18,Pimpri-Chinchwad,Unknown,18.64623703,73.80511525,Entire Home,Entire rental unit,4,2,2,2,3377,4,4.5,4.75,4.5,3.75,4.75,5,4,1,Mid-Range,3.0-4.0,Medium,Available >30 Days
1.30216E+18,Pune,Gahunje,18.6622,73.7081,Entire Home,Entire rental unit,3,1,1,1,4428,4.82,4.8,4.77,,,,,0,1,Premium,4.75-5.0,Medium,Available >30 Days
1.30689E+18,Pune,Unknown,18.5132,73.9336,Private Room,Private room in serviced apartment,2,4,3,3,1768,4.93,4.64,4.71,4.64,4.71,4.86,4.93,14,1,Budget,4.75-5.0,Small,Available >30 Days
1.46957E+18,Pune,Unknown,18.55354808,73.95248858,Entire Home,Entire apartment,2,1,1,1,2988,4.69,4.41,4.67,4.69,4.74,4.95,4.72,39,1,Mid-Range,4.5-4.75,Small,Available >30 Days
1.47154E+18,Pune,Unknown,18.52598557,73.85212339,Hotel,Room in boutique hotel,2,1,1,1,2918,4.82,4.8,4.77,,,,,0,1,Mid-Range,4.75-5.0,Small,Available >30 Days
1.47162E+18,Pune,Unknown,18.51790642,73.94913361,Hotel,Room in boutique hotel,2,1,1,1,1928,1,4,1,1,1,1,1,1,1,Budget,Below 3,Small,Available >30 Days
1.47184E+18,Pune,Unknown,18.60088,73.7323,Hotel,Room in boutique hotel,2,1,1,1,1919,4.82,4.8,4.77,,,,,0,1,Budget,4.75-5.0,Small,Available >30 Days
1.55799E+18,Dattwadi,Tathawade,18.61335686,73.74412395,Entire Home,Entire rental unit,4,1,1,1,1737,4.75,4,4.75,4.75,4.75,4.75,4.75,4,1,Budget,4.5-4.75,Medium,Available >30 Days
1.55844E+18,Pune,Unknown,18.56997099,73.90926307,Entire Home,Entire apartment,4,2,2,2,4319,5,5,5,5,5,4.89,5,9,1,Premium,4.75-5.0,Medium,Available >30 Days
1.62599E+18,Pune,Unknown,18.47249932,73.82159822,Hotel,Room in boutique hotel,2,1,1,1,2353,4.82,4.8,4.77,,,,,0,1,Mid-Range,4.75-5.0,Small,Available >30 Days
48048670,Pune,Unknown,18.5399,73.90022,Private Room,Private room in home,2,1,1,1,2551,5,5,4.86,4.86,5,5,5,7,1,Mid-Range,4.75-5.0,Small,Available >30 Days
49782261,Pune,Unknown,18.5506,73.77022,Serviced Apartment,Entire serviced apartment,2,1,1,1,2345,4.48,4.41,4.3,4.33,4.48,4.67,4.59,27,1,Mid-Range,4.0-4.5,Small,Available >30 Days
50557332,Pune,Unknown,18.5493,73.91481,Private Room,Private room in bungalow,7,3,3,3,4677,5,5,5,5,5,5,5,1,1,Premium,4.75-5.0,Large,Available >30 Days
1.07164E+18,Donaje,Unknown,18.3974,73.7709,Other,Farm stay,10,4,5,5,5578,4.82,4.8,4.77,,,,,0,1,Premium,4.75-5.0,Large,Available >30 Days
1.08337E+18,Pune,Unknown,18.53545,73.89565,Entire Home,Entire rental unit,4,1,1,1,3507,4.82,4.8,4.77,,,,,0,1,Mid-Range,4.75-5.0,Medium,Available >30 Days
1.3165E+18,Pune,Unknown,18.5654,73.9167,Private Room,Private room in rental unit,2,1,1,1,2500,3.75,4.25,3.5,3.75,4,4.5,4.5,4,1,Mid-Range,3.0-4.0,Small,Available >30 Days
1.31658E+18,Pune,Unknown,18.5655,73.9167,Private Room,Private room in rental unit,2,1,1,1,2300,3.86,4.14,3.79,3.64,3.79,4.29,4.07,14,1,Mid-Range,3.0-4.0,Small,Available >30 Days
1.4492E+18,Khadakwadi,Unknown,18.41821,73.71669,Entire Home,Entire villa,16,7,6,6,29239,4.82,4.8,4.77,,,,,0,1,Luxury,4.75-5.0,Large,Available >30 Days
1.45192E+18,Pune,Unknown,18.5901002,73.96177411,Private Room,Private room in home,2,1,1,1,1886,4,2,5,4,4,5,5,1,1,Budget,3.0-4.0,Small,Available >30 Days
1.45545E+18,Pune,Gahunje,18.6608,73.7105,Entire Home,Entire rental unit,5,1,1,1,2727,5,4.88,4.91,4.81,4.91,4.97,4.97,32,1,Mid-Range,4.75-5.0,Medium,Available >30 Days
1.57809E+18,Pune,Lavale,18.51764,73.72856,Entire Home,Entire rental unit,7,4,4,4,4600,4.82,4.8,4.77,,,,,0,1,Premium,4.75-5.0,Large,Available >30 Days
1.57894E+18,Pune,Unknown,18.56541806,73.91140911,Private Room,Private room in home,2,2,2,2,4565,4.5,4.5,4.5,4.5,4.5,4.5,4.5,2,1,Premium,4.0-4.5,Small,Available >30 Days
1.63814E+18,Pune,Unknown,18.5415,73.9225,Entire Home,Entire rental unit,2,1,1,1,1988,5,5,5,5,5,4.5,5,2,1,Budget,4.75-5.0,Small,Available >30 Days
1.63894E+18,Pune,Unknown,18.51463,73.94575,Entire Home,Entire rental unit,4,2,2,2,5432,5,5,5,5,5,5,5,1,1,Premium,4.75-5.0,Medium,Available >30 Days
1.64102E+18,Pune,Unknown,18.54204622,73.92308709,Entire Home,Entire rental unit,4,1,1,1,2553,5,5,5,5,5,5,5,1,1,Mid-Range,4.75-5.0,Medium,Available >30 Days
1.6411E+18,Pune,Kalyani Nagar,18.55213961,73.90622852,Entire Home,Entire rental unit,3,1,1,1,2338,1,4,1,1,2,3,4,1,1,Mid-Range,Below 3,Medium,Available >30 Days
1.64182E+18,Pune,Unknown,18.5119,73.8518,Entire Home,Entire rental unit,6,2,2,2,7600,4.82,4.8,4.77,,,,,0,1,Luxury,4.75-5.0,Large,Available >30 Days
1.21506E+18,Pune,Unknown,18.57112,73.90381,Private Room,Private room in bed and breakfast,2,1.5,1,1,1124,4.26,4.21,4.42,4.32,4.42,4.68,4.63,19,1,Budget,4.0-4.5,Small,Available >30 Days
12154657,Pune,Unknown,18.58856,73.72534,Entire Home,Entire rental unit,4,2.5,3,3,3273,3.5,3.5,3.5,3.5,2.5,3.5,2.5,2,1,Mid-Range,3.0-4.0,Medium,Available >30 Days
1.22674E+18,Pune,Balewadi Phata,18.5645,73.7838,Private Room,Private room in bed and breakfast,2,1,1,1,1620,4.5,4.38,4.63,4.44,4.5,4.63,4.63,16,1,Budget,4.0-4.5,Small,Available >30 Days
1.35871E+18,Pune,Gahunje,18.66286743,73.70966839,Entire Home,Entire rental unit,2,1,1,1,2750,4.82,4.82,4.82,4.82,4.82,4.82,4.82,11,1,Mid-Range,4.75-5.0,Small,Available >30 Days
1.35948E+18,Pune,Bavdhan,18.5076,73.7684,Entire Home,Entire rental unit,6,2,2,2,4081,4.75,4.63,4.88,4.75,4.75,5,5,8,1,Premium,4.5-4.75,Large,Available >30 Days
1.36082E+18,Pune,Unknown,18.5462,73.7792,Entire Home,Entire rental unit,2,1,1,1,2250,4.71,4.79,4.61,4.5,4.74,4.87,4.87,38,1,Mid-Range,4.5-4.75,Small,Available >30 Days
1.49918E+18,Pune,Unknown,18.57616,73.9138,Entire Home,Entire apartment,2,1,1,1,2922,4.73,4.83,4.67,4.63,4.8,4.9,4.87,30,1,Mid-Range,4.5-4.75,Small,Available >30 Days
1.49985E+18,Pune,Unknown,18.57508054,73.91410793,Entire Home,Entire rental unit,2,1,1,1,2596,4.78,4.78,4.72,4.72,4.89,4.89,4.72,18,1,Mid-Range,4.75-5.0,Small,Available >30 Days
1.50207E+18,Pune,Unknown,18.548,73.9479,Hotel,Room in hotel,2,1,1,1,2875,4.82,4.8,4.77,,,,,0,1,Mid-Range,4.75-5.0,Small,Available >30 Days
1.5036E+18,Pune,Unknown,18.57702,73.91367,Entire Home,Entire rental unit,3,1,1,1,4034,5,5,5,4.89,5,4.94,4.94,18,1,Premium,4.75-5.0,Medium,Available >30 Days
1.64271E+18,Pune,Balewadi High Street,18.5708,73.7747,Shared Room,Shared room in rental unit,4,2,1,1,1403,4.82,4.8,4.77,,,,,0,1,Budget,4.75-5.0,Medium,Available >30 Days
1.64292E+18,Pune,Unknown,18.62426036,73.80228262,Entire Home,Entire villa,2,1,1,1,1088,4.82,4.8,4.77,,,,,0,1,Budget,4.75-5.0,Small,Available >30 Days
1.64421E+18,Pune,Unknown,18.51214,73.82867,Private Room,Private room in bed and breakfast,2,2,1,1,4677,4.82,4.8,4.77,,,,,0,1,Premium,4.75-5.0,Small,Available >30 Days
1.64467E+18,Pune,Manjari,18.5115,73.9676,Serviced Apartment,Entire serviced apartment,4,1,1,1,1105,4.82,4.8,4.77,,,,,0,1,Budget,4.75-5.0,Medium,Available >30 Days
1.64623E+18,Pune,Unknown,18.52939,73.91353,Entire Home,Entire rental unit,4,1,1,1,1798,5,5,5,5,5,5,5,4,1,Budget,4.75-5.0,Medium,Available >30 Days
1.6471E+18,Pune,Gahunje,18.6745,73.7065,Entire Home,Entire rental unit,4,1,1,1,2775,4.82,4.8,4.77,,,,,0,1,Mid-Range,4.75-5.0,Medium,Available >30 Days
6.33782E+17,Pune,Shivneri Park,18.567,73.7778,Hotel,Room in hotel,2,1,1,1,2099,4.2,4.2,4.5,4.3,4.2,4.6,4.5,10,1,Mid-Range,4.0-4.5,Small,Available >30 Days
6.3516E+17,Pune,Shivneri Park,18.56645,73.77825,Hotel,Room in hotel,2,1,1,1,2099,5,5,5,5,5,5,5,2,1,Mid-Range,4.75-5.0,Small,Available >30 Days
6.3975E+17,Pune,Shivneri Park,18.568,73.77721,Hotel,Room in hotel,2,1,1,1,1800,4.61,4.55,4.63,4.5,4.5,4.66,4.74,38,1,Budget,4.5-4.75,Small,Available >30 Days
6.41065E+17,Pune,Unknown,18.4698,73.9025,Entire Home,Entire apartment,4,2,1,1,2952,4.82,4.8,4.77,,,,,0,1,Mid-Range,4.75-5.0,Medium,Available >30 Days
6.4495E+17,Pune,Unknown,18.57335,73.91446,Entire Home,Entire apartment,4,2,1,1,2841,4.97,4.94,4.83,4.86,4.95,4.99,4.94,143,1,Mid-Range,4.75-5.0,Medium,Available >30 Days
1.11607E+18,Pune,Unknown,18.53624258,73.8869073,Entire Home,Entire rental unit,2,1,1,1,2586,4.73,4.73,4.66,4.63,4.74,4.83,4.8,110,1,Mid-Range,4.5-4.75,Small,Available >30 Days
1.11752E+18,Pune,Samarth Colony,18.55798,73.7744,Private Room,Private room in home,2,1,1,1,1800,3,3,3,3,3,3,3,2,1,Budget,Below 3,Small,Available >30 Days
1.13597E+18,Pune,Unknown,18.5537,73.9397,Serviced Apartment,Entire serviced apartment,3,1,1,1,2974,4.82,4.8,4.77,,,,,0,1,Mid-Range,4.75-5.0,Medium,Available >30 Days
1.136E+18,Pune,Unknown,18.5538,73.9393,Serviced Apartment,Entire serviced apartment,4,1,1,1,4080,4.67,4.67,5,5,5,4.67,5,3,1,Premium,4.5-4.75,Medium,Available >30 Days
1.38453E+18,Pune,Unknown,18.54492307,73.7783774,Entire Home,Entire rental unit,2,1,1,1,2922,4.82,4.8,4.77,,,,,0,1,Mid-Range,4.75-5.0,Small,Available >30 Days
1.39466E+18,Pune,Unknown,18.59677838,73.90560397,Private Room,Private room in home,4,2,2,2,4443,4.82,4.8,4.77,,,,,0,1,Premium,4.75-5.0,Medium,Available >30 Days
1.50927E+18,Pimpri-Chinchwad,Unknown,18.60087442,73.75612001,Private Room,Private room in rental unit,2,1.5,1,1,2292,4.82,4.8,4.77,,,,,0,1,Mid-Range,4.75-5.0,Small,Available >30 Days
1.51026E+18,Pune,Vasantdada Sugar Institute Colony,18.52502678,73.95819065,Entire Home,Entire apartment,2,1,1,1,2023,4.93,4.5,4.86,4.79,4.89,5,5,28,1,Mid-Range,4.75-5.0,Small,Available >30 Days
1.58848E+18,Pune,Unknown,18.57286435,73.77680552,Entire Home,Entire rental unit,4,2,2,2,5152,4.82,4.8,4.77,,,,,0,1,Premium,4.75-5.0,Medium,Available >30 Days
1.58975E+18,Pune,Unknown,18.5303,73.91258,Entire Home,Entire rental unit,2,1,1,1,1810,3,2,2.5,2,3,3.5,4,2,1,Budget,Below 3,Small,Available >30 Days
1.59138E+18,Pune,Unknown,18.57569311,73.90215932,Entire Home,Entire apartment,2,1,1,1,2501,5,4.67,5,4.83,5,5,5,6,1,Mid-Range,4.75-5.0,Small,Available >30 Days
1.64928E+18,Pune,Unknown,18.5417171,73.88898362,Private Room,Private room in rental unit,2,1,1,1,1335,4.82,4.8,4.77,,,,,0,1,Budget,4.75-5.0,Small,Available >30 Days
1.65077E+18,Pune,Unknown,18.51681413,73.87916948,Entire Home,Entire villa,2,1,1,1,2187,4.82,4.8,4.77,,,,,0,1,Mid-Range,4.75-5.0,Small,Available >30 Days
8.06248E+17,Pune,Unknown,18.55354,73.95355,Private Room,Private room in guest house,1,1,1,1,3508,4.82,4.8,4.77,,,,,0,1,Mid-Range,4.75-5.0,Small,Available >30 Days
8.11696E+17,Pune,Unknown,18.56173,73.77974,Entire Home,Entire rental unit,6,2,2,2,2985,4.73,4.68,4.6,4.55,4.65,4.73,4.68,40,1,Mid-Range,4.5-4.75,Large,Available >30 Days
8.16198E+17,Pune,Kalyani Nagar,18.5484,73.899,Entire Home,Entire home,15,3,4,4,9940,4.88,4.95,4.75,4.77,4.86,4.95,4.95,77,1,Luxury,4.75-5.0,Large,Available >30 Days
8.24949E+17,Pune,Unknown,18.5679,73.9143,Entire Home,Entire apartment,4,2,2,2,5921,4.78,4.83,4.69,4.68,4.72,4.97,4.85,87,1,Premium,4.75-5.0,Medium,Available >30 Days
1.16951E+18,Pimpri-Chinchwad,Unknown,18.58458,73.72584,Private Room,Private room in apartment,2,1,1,1,1519,4.42,4.58,4.67,4.58,4.58,4.67,4.75,12,1,Budget,4.0-4.5,Small,Available >30 Days
1.17024E+18,Pune,Unknown,18.57201,73.76955,Serviced Apartment,Entire serviced apartment,12,4,4,4,7016,4.82,4.8,4.77,,,,,0,1,Luxury,4.75-5.0,Large,Available >30 Days
1.17827E+18,Pune,Ramnagar Colony,18.5248,73.7822,Private Room,Private room in apartment,2,2,3,3,2572,4.82,4.8,4.77,,,,,0,1,Mid-Range,4.75-5.0,Small,Available >30 Days
1.18099E+18,Pune,Unknown,18.4510776,73.89846512,Hotel,Room in hotel,2,1,1,1,5845,4.82,4.8,4.77,,,,,0,1,Premium,4.75-5.0,Small,Available >30 Days
1.18631E+18,Pimpri-Chinchwad,Mhalunge,18.5768,73.7429,Entire Home,Entire rental unit,3,1,1,1,3420,5,4.87,4.98,4.93,4.99,4.99,4.99,91,1,Mid-Range,4.75-5.0,Medium,Available >30 Days
1.19031E+18,Dattwadi,Tathawade,18.61166,73.74391,Entire Home,Entire rental unit,3,1,1,1,2271,4.82,4.8,4.77,,,,,0,1,Mid-Range,4.75-5.0,Medium,Available >30 Days
1.36661E+18,Pune,Unknown,18.5391,73.8976,Entire Home,Entire rental unit,7,2,2,2,6110,4.78,4.89,4.78,4.67,4.78,4.89,5,9,1,Premium,4.75-5.0,Large,Available >30 Days
1.3708E+18,Pune,Prosperity Society,18.48794946,73.82371311,Private Room,Private room in bed and breakfast,2,1,1,1,3788,4.81,4.71,4.81,4.62,4.81,4.9,4.86,21,1,Mid-Range,4.75-5.0,Small,Available >30 Days
1.49338E+18,Pune,Unknown,18.57442913,73.91318997,Entire Home,Entire rental unit,4,1,1,1,3027,4.92,4.85,4.9,4.79,4.85,4.98,4.92,48,1,Mid-Range,4.75-5.0,Medium,Available >30 Days
1.49408E+18,Pune,Bhukum,18.4914,73.7241,Entire Home,Entire apartment,5,2,2,2,2455,4.82,4.8,4.77,,,,,0,1,Mid-Range,4.75-5.0,Medium,Available >30 Days
1.49542E+18,Pimpri-Chinchwad,Unknown,18.5883,73.8007,Entire Home,Entire rental unit,10,3,3,3,5262,4.82,4.8,4.77,,,,,0,1,Premium,4.75-5.0,Large,Available >30 Days
1.5616E+18,Pune,Unknown,18.57098,73.95306,Entire Home,Entire rental unit,2,1,1,1,931,3.5,4,3.5,4,4,4.5,5,2,1,Budget,3.0-4.0,Small,Available >30 Days
1.56213E+18,Pune,Gahunje,18.6745,73.7065,Entire Home,Entire apartment,3,1,1,1,4794,4.96,4.96,4.93,4.82,4.96,4.93,4.96,28,1,Premium,4.75-5.0,Medium,Available >30 Days
1.56214E+18,Pune,Unknown,18.41042505,73.70270736,Entire Home,Entire villa,8,3,3,3,12960,4.82,4.8,4.77,,,,,0,1,Luxury,4.75-5.0,Large,Available >30 Days
1.56317E+18,Pune,Chakankar Mala,18.567,73.7818,Entire Home,Entire home,6,3,3,3,9831,4.96,4.79,4.67,4.88,4.83,4.88,4.92,24,1,Luxury,4.75-5.0,Large,Available >30 Days
1.56373E+18,Pune,Samarth Colony,18.558,73.7774,Hotel,Room in hotel,2,1,1,1,2338,4,5,5,5,4,5,5,1,1,Mid-Range,3.0-4.0,Small,Available >30 Days
1.63742E+18,Pune,Samarth Colony,18.5584972,73.77419191,Entire Home,Entire rental unit,4,2,2,2,2946,5,4.75,4.5,4.75,4.75,4.75,5,4,1,Mid-Range,4.75-5.0,Medium,Available >30 Days
7.32385E+17,Pune,Unknown,18.55798,73.95653,Serviced Apartment,Entire serviced apartment,8,4,4,4,14602,4.82,4.8,4.77,,,,,0,1,Luxury,4.75-5.0,Large,Available >30 Days
1.19249E+18,Pune,Unknown,18.5713,73.9063,Hotel,Room in hotel,10,20,20,20,10524,4.82,4.8,4.77,,,,,0,1,Luxury,4.75-5.0,Large,Available >30 Days
1.1963E+18,Pimpri-Chinchwad,Unknown,18.60132,73.79808,Private Room,Private room in rental unit,2,1,1,1,2093,4.71,5,4.57,4.57,4.86,4.86,5,7,1,Mid-Range,4.5-4.75,Small,Available >30 Days
1.19737E+18,Dattwadi,Tathawade,18.61317,73.7452,Entire Home,Entire rental unit,3,1,1,1,2234,4.82,4.8,4.77,,,,,0,1,Mid-Range,4.75-5.0,Medium,Available >30 Days
1.20427E+18,Pune,Unknown,18.54576798,73.77956155,Entire Home,Entire apartment,4,1,1,1,3040,4.72,4.75,4.67,4.59,4.66,4.88,4.86,92,1,Mid-Range,4.5-4.75,Medium,Available >30 Days
1.2074E+18,Pune,Unknown,18.5529,73.9372,Entire Home,Entire rental unit,6,2,2,2,4424,3.67,4,3.33,3.17,3.33,3.67,3.83,6,1,Premium,3.0-4.0,Large,Available >30 Days
1.20763E+18,Pune,Unknown,18.5424,73.8898,Entire Home,Entire rental unit,2,1,1,1,1636,4.7,4.65,4.55,4.65,4.8,4.8,4.9,20,1,Budget,4.5-4.75,Small,Available >30 Days
1.4397E+18,Pune,Unknown,18.59581013,73.89744181,Entire Home,Entire home,4,1,2,2,4810,5,5,5,5,5,5,5,9,1,Premium,4.75-5.0,Medium,Available >30 Days
1.44506E+18,Pune,Unknown,18.5757,73.9144,Entire Home,Entire rental unit,3,1,1,1,2722,4.67,4.76,4.85,4.73,4.91,4.88,4.76,33,1,Mid-Range,4.5-4.75,Medium,Available >30 Days
1.52149E+18,Pune,Unknown,18.5727,73.9068,Entire Home,Entire rental unit,2,2,1,1,2315,5,5,5,5,5,5,5,3,1,Mid-Range,4.75-5.0,Small,Available >30 Days
15226079,Pune,Anupam Park,18.51446,73.78019,Private Room,Private room in bungalow,3,1,1,1,2245,4.66,4.88,4.73,4.65,4.79,4.93,4.88,131,1,Mid-Range,4.5-4.75,Medium,Available >30 Days
1.52304E+18,Pune,Unknown,18.5907,73.9095,Entire Home,Entire rental unit,4,1,1,1,1333,5,5,5,5,5,5,5,2,1,Budget,4.75-5.0,Medium,Available >30 Days
1.52364E+18,Pune,Gahunje,18.6745,73.7065,Entire Home,Entire rental unit,2,1,1,1,4092,5,5,5,5,5,5,5,1,1,Premium,4.75-5.0,Small,Available >30 Days
1.60078E+18,Pune,Unknown,18.51923292,73.94603291,Entire Home,Entire rental unit,2,1,1,1,2111,4.83,4.83,4.33,4.17,4.83,4.67,5,6,1,Mid-Range,4.75-5.0,Small,Available >30 Days
1.60214E+18,Pune,Unknown,18.57533336,73.91551319,Entire Home,Entire rental unit,3,1,1,1,2689,5,5,5,4.91,5,5,5,11,1,Mid-Range,4.75-5.0,Medium,Available >30 Days
1.60331E+18,Pune,Unknown,18.5423,73.8904,Private Room,Private room in rental unit,2,1,1,1,1186,5,5,5,4.78,5,5,5,9,1,Budget,4.75-5.0,Small,Available >30 Days
1.65207E+18,Pune,Unknown,18.51677,73.94648,Entire Home,Entire rental unit,4,2,2,2,6011,4.82,4.8,4.77,,,,,0,1,Premium,4.75-5.0,Medium,Available >30 Days
1.6529E+18,Pimpri-Chinchwad,Unknown,18.67138639,73.78646915,Entire Home,Entire villa,2,1,1,1,1627,4.82,4.8,4.77,,,,,0,1,Budget,4.75-5.0,Small,Available >30 Days
9.05615E+17,Pune,Unknown,18.5395,73.8953,Private Room,Private room in bungalow,4,1,1,1,2123,4.8,4.91,4.69,4.69,4.82,4.86,4.89,94,1,Mid-Range,4.75-5.0,Medium,Available >30 Days
9.06442E+17,Pune,Balewadi High Street,18.57023,73.77267,Private Room,Private room in bed and breakfast,2,1,1,1,3040,4.5,4.75,4.5,4.25,3.75,4.67,5,4,1,Mid-Range,4.0-4.5,Small,Available >30 Days
9.08366E+17,Pune,Unknown,18.5348,73.8969,Entire Home,Entire home,10,3,2,2,3657,4.82,4.8,4.77,,,,,0,1,Mid-Range,4.75-5.0,Large,Available >30 Days
9.18547E+17,Pune,Unknown,18.4591,73.7886,Entire Home,Entire rental unit,4,2,2,2,3226,4.78,4.76,4.54,4.7,4.8,4.81,4.81,54,1,Mid-Range,4.75-5.0,Medium,Available >30 Days
1.26867E+18,Pune,Unknown,18.52019566,73.93893614,Entire Home,Entire rental unit,6,2,3,3,4771,4.67,4.87,4.2,4.47,4.67,4.8,4.67,15,1,Premium,4.5-4.75,Large,Available >30 Days
1.5265E+18,Pune,Unknown,18.56685854,73.91544838,Entire Home,Entire apartment,2,1,1,1,2999,4.55,4.64,4.36,4.55,4.64,4.64,4.73,11,1,Mid-Range,4.5-4.75,Small,Available >30 Days
1.52962E+18,Pune,Unknown,18.5759,73.9143,Entire Home,Entire rental unit,2,1,1,1,3117,4.67,4.92,4.58,4.58,4.58,5,5,12,1,Mid-Range,4.5-4.75,Small,Available >30 Days
1.60886E+18,Pune,Unknown,18.5561,73.7802,Private Room,Private room in rental unit,2,1,1,1,2322,4.82,4.8,4.77,,,,,0,1,Mid-Range,4.75-5.0,Small,Available >30 Days
1.60994E+18,Pune,Unknown,18.40290959,73.77420799,Entire Home,Entire home,5,2,2,2,6572,4.82,4.8,4.77,,,,,0,1,Premium,4.75-5.0,Medium,Available >30 Days
1.61006E+18,Pune,Tathawade,18.6049,73.7374,Private Room,Private room in bed and breakfast,16,15,15,15,22710,4.82,4.8,4.77,,,,,0,1,Luxury,4.75-5.0,Large,Available >30 Days
1.61062E+18,Pune,Unknown,18.54985591,73.791669,Private Room,Private room in rental unit,2,1,1,1,1040,5,5,4.67,5,5,5,5,3,1,Budget,4.75-5.0,Small,Available >30 Days
1.61079E+18,Pimpri-Chinchwad,Punawale,18.62918,73.74402,Entire Home,Entire rental unit,3,1.5,1,1,2042,4.82,4.8,4.77,,,,,0,1,Mid-Range,4.75-5.0,Medium,Available >30 Days
1.61108E+18,Pune,Kondhwa Budruk,18.4532,73.8794,Entire Home,Entire rental unit,4,1,1,1,1754,4.54,5,4.92,5,5,4.85,4.92,13,1,Budget,4.5-4.75,Medium,Available >30 Days
1.65517E+18,Pune,Fursungi,18.4855,73.9664,Private Room,Private room in rental unit,2,1,1,1,1296,4.82,4.8,4.77,,,,,0,1,Budget,4.75-5.0,Small,Available >30 Days
21177279,Donaje,Unknown,18.40355,73.77684,Private Room,Private room in bungalow,10,3.5,2,2,8302,4.78,4.67,4.89,4.78,4.89,4.89,4.89,9,1,Luxury,4.75-5.0,Large,Available >30 Days
8.37521E+17,Pimpri-Chinchwad,Mamurdi,18.67361,73.72973,Entire Home,Entire rental unit,3,1,1,1,3137,4.63,4.74,4.53,4.53,4.68,4.68,4.63,19,1,Mid-Range,4.5-4.75,Medium,Available >30 Days
8.58279E+17,Pimpri-Chinchwad,Tathawade,18.61066,73.7467,Hotel,Room in hotel,3,1,1,1,1772,4.82,4.8,4.77,,,,,0,1,Budget,4.75-5.0,Medium,Available >30 Days
1.15254E+18,Pune,Unknown,18.55324,73.96323,Entire Home,Entire rental unit,4,2,2,2,4230,4.74,4.3,4.93,4.57,4.83,4.81,4.89,54,1,Premium,4.5-4.75,Medium,Available >30 Days
1.15944E+18,Pimpri-Chinchwad,Gahunje,18.66281,73.7066,Entire Home,Entire rental unit,7,2,3,3,6431,5,5,5,5,5,5,5,1,1,Premium,4.75-5.0,Large,Available >30 Days
1.16664E+18,Pune,Gahunje,18.6745,73.7065,Entire Home,Entire rental unit,2,1,1,1,2799,4.92,4.82,4.86,4.83,4.91,4.94,4.98,181,1,Mid-Range,4.75-5.0,Small,Available >30 Days
1.40988E+18,Phursungi,Unknown,18.4835,73.9542,Hotel,Room in hotel,2,1,1,1,1600,4.82,4.8,4.77,,,,,0,1,Budget,4.75-5.0,Small,Available >30 Days
1.41234E+18,Pune,Balewadi Phata,18.56688517,73.78823987,Entire Home,Entire rental unit,6,2,2,2,4086,4.82,4.8,4.77,,,,,0,1,Premium,4.75-5.0,Large,Available >30 Days
1.41311E+18,Pune,Unknown,18.5415,73.9225,Entire Home,Entire rental unit,2,1,1,1,2058,4.79,4.57,4.71,4.64,4.79,5,4.86,14,1,Mid-Range,4.75-5.0,Small,Available >30 Days
1.4134E+18,Pune,Unknown,18.4913,73.7837,Other,Shipping container,2,1,1,1,1871,4.94,4.81,4.94,4.94,4.88,4.88,4.94,16,1,Budget,4.75-5.0,Small,Available >30 Days
1.41654E+18,Pimpri-Chinchwad,Unknown,18.5746,73.7405,Entire Home,Entire rental unit,4,1.5,2,2,5262,4.75,5,4.75,4.75,4.75,5,4.75,4,1,Premium,4.5-4.75,Medium,Available >30 Days
1.41656E+18,Pune,Unknown,18.5217,73.9664,Entire Home,Entire rental unit,3,1,1,1,1904,4.53,3.89,4.26,4.26,4.63,4.53,4.84,19,1,Budget,4.5-4.75,Medium,Available >30 Days
1.5303E+18,Pimpri-Chinchwad,Unknown,18.5791,73.7862,Entire Home,Entire rental unit,2,1,1,1,2000,4.78,4.72,4.72,4.78,4.72,4.89,4.89,18,1,Budget,4.75-5.0,Small,Available >30 Days
1.53422E+18,Pune,Lavale,18.51592,73.7298,Entire Home,Entire rental unit,4,2,2,2,3391,4.75,4.5,4.63,4.63,4.88,4.88,4.88,8,1,Mid-Range,4.5-4.75,Medium,Available >30 Days
1.53466E+18,Pune,Unknown,18.55127377,73.74996274,Entire Home,Entire rental unit,8,1.5,2,2,2715,2.67,2.83,2.5,2.67,2.67,3.33,3.33,6,1,Mid-Range,Below 3,Large,Available >30 Days
1.53695E+18,Pune,Unknown,18.5756,73.914,Entire Home,Entire apartment,3,1,1,1,2700,4.69,4.77,4.77,4.62,4.62,5,4.69,13,1,Mid-Range,4.5-4.75,Medium,Available >30 Days
1.61384E+18,Pune,Unknown,18.5398,73.8986,Entire Home,Entire rental unit,5,1,1,1,3814,4.67,5,4.33,4.67,4.67,5,5,6,1,Mid-Range,4.5-4.75,Medium,Available >30 Days
1.61394E+18,Pune,Unknown,18.5782,73.9041,Entire Home,Entire rental unit,4,2,2,2,3330,5,5,5,5,5,5,5,1,1,Mid-Range,4.75-5.0,Medium,Available >30 Days
1.61394E+18,Pune,Unknown,18.5756,73.914,Entire Home,Entire rental unit,2,1,1,1,3604,5,5,5,5,5,5,5,3,1,Mid-Range,4.75-5.0,Small,Available >30 Days
1.61435E+18,Pune,Unknown,18.57532719,73.9142328,Entire Home,Entire rental unit,4,1,1,1,2783,4.25,5,4.5,4.25,4.25,5,4.25,4,1,Mid-Range,4.0-4.5,Medium,Available >30 Days
37139611,Pune,Unknown,18.49151,73.95398,Private Room,Private room in rental unit,2,1.5,1,1,877,4.82,4.8,4.77,,,,,0,1,Budget,4.75-5.0,Small,Available >30 Days
40076593,Pune,Unknown,18.46317,73.9239,Private Room,Private room in guest suite,2,1,1,1,2935,4.8,4.9,4.85,4.75,4.7,4.9,4.9,20,1,Mid-Range,4.75-5.0,Small,Available >30 Days
9.41236E+17,Pune,Gahunje,18.66414,73.70927,Entire Home,Entire rental unit,4,1,1,1,2958,4.5,5,4,4,4,5,4.5,2,1,Mid-Range,4.0-4.5,Medium,Available >30 Days
9.42504E+17,Pune,Gahunje,18.66495,73.70757,Entire Home,Entire apartment,4,1,1,1,2923,4.81,4.81,4.83,4.67,4.9,4.9,4.86,42,1,Mid-Range,4.75-5.0,Medium,Available >30 Days
9.68884E+17,Pune,Unknown,18.54157,73.93973,Entire Home,Entire apartment,2,1,1,1,2390,5,5,5,5,5,5,5,1,1,Mid-Range,4.75-5.0,Small,Available >30 Days
1.23176E+18,Pune,Unknown,18.49204935,73.95317892,Entire Home,Entire rental unit,8,4,4,4,10211,4.5,4,5,4.5,4,5,4,2,1,Luxury,4.0-4.5,Large,Available >30 Days
1.23694E+18,Pune,Balewadi High Street,18.5687,73.7753,Private Room,Private room in bed and breakfast,3,1,1,1,2337,5,5,5,4,4,5,5,1,1,Mid-Range,4.75-5.0,Medium,Available >30 Days
12396895,Pune,Unknown,18.5535,73.9345,Private Room,Private room in bed and breakfast,2,1,1,1,1922,4.08,4.5,4.1,4.03,4.15,4.55,4.4,40,1,Budget,4.0-4.5,Small,Available >30 Days
1.39527E+18,Hinjawadi,Maan,18.5688,73.7219,Private Room,Private room in serviced apartment,2,1,1,1,1555,4.56,4.67,4.89,4.67,4.89,4.78,4.89,9,1,Budget,4.5-4.75,Small,Available >30 Days
1.39684E+18,Pune,Sambarewadi,18.40388123,73.74613435,Entire Home,Entire home,10,3.5,4,4,17032,4.82,4.8,4.77,,,,,0,1,Luxury,4.75-5.0,Large,Available >30 Days
1.40003E+18,Pune,Unknown,18.58553708,73.99948402,Entire Home,Entire rental unit,4,1,1,1,1361,1,1,1,1,1,1,1,1,1,Budget,Below 3,Medium,Available >30 Days
1.40698E+18,Pimpri-Chinchwad,Blue Ridge Town,18.5785,73.7397,Entire Home,Entire apartment,4,1,1,1,3035,5,4.33,5,5,5,5,5,3,1,Mid-Range,4.75-5.0,Medium,Available >30 Days
1.51249E+18,Pune,Unknown,18.5638803,73.78685545,Entire Home,Entire villa,2,1,1,1,2212,4.82,4.8,4.77,,,,,0,1,Mid-Range,4.75-5.0,Small,Available >30 Days
1.51286E+18,Pune,Unknown,18.57533181,73.91338489,Entire Home,Entire rental unit,4,1,1,1,2748,5,5,4.9,5,5,5,5,10,1,Mid-Range,4.75-5.0,Medium,Available >30 Days
1.59493E+18,Pimpri-Chinchwad,Punawale,18.62745,73.74362,Entire Home,Entire rental unit,3,2,1,1,2042,4.82,4.8,4.77,,,,,0,1,Mid-Range,4.75-5.0,Medium,Available >30 Days
1.59768E+18,Pimpri-Chinchwad,Unknown,18.6857,73.8272,Private Room,Private room in farm stay,2,1,1,1,4826,4.82,4.8,4.77,,,,,0,1,Premium,4.75-5.0,Small,Available >30 Days
1.59904E+18,Pune,Unknown,18.56097964,73.80205406,Entire Home,Entire apartment,4,2,2,2,7011,5,4.88,5,4.94,5,4.94,5,16,1,Luxury,4.75-5.0,Medium,Available >30 Days
28222765,Pune,Kondhwa Budruk,18.46637,73.88481,Entire Home,Entire rental unit,8,2,2,2,4092,4.67,4.67,5,4,5,5,5,3,1,Premium,4.5-4.75,Large,Available >30 Days
30946938,Pune,Unknown,18.52009,73.92322,Entire Home,Entire villa,12,4,3,3,21283,4.82,4.8,4.77,,,,,0,1,Luxury,4.75-5.0,Large,Available >30 Days
31203320,Pune,Panchavati,18.485,73.85,Entire Home,Entire rental unit,4,2,2,2,4457,4.96,4.74,4.78,4.74,4.87,4.96,4.96,23,1,Premium,4.75-5.0,Medium,Available >30 Days
31580162,Pune,Unknown,18.5644,73.9078,Entire Home,Entire rental unit,2,2,1,1,3860,4.82,4.8,4.77,,,,,0,1,Mid-Range,4.75-5.0,Small,Available >30 Days
8.82898E+17,Pimpri-Chinchwad,Gahunje,18.6648,73.7073,Entire Home,Entire apartment,6,1,2,2,5133,4.68,4.76,4.64,4.56,4.63,4.77,4.67,87,1,Premium,4.5-4.75,Large,Available >30 Days
8.83773E+17,Pune,Unknown,18.55393,73.89778,Private Room,Private room in home,2,1,1,1,2497,4.82,4.8,4.77,,,,,0,1,Mid-Range,4.75-5.0,Small,Available >30 Days
8.95213E+17,Pune,Chakankar Mala,18.56556,73.77917,Private Room,Private room in guest house,2,1,1,1,2895,4.82,4.8,4.77,,,,,0,1,Mid-Range,4.75-5.0,Small,Available >30 Days
10895156,Pune,Unknown,18.5368,73.8953,Private Room,Private room in bungalow,3,1,1,1,4518,4.81,4.97,4.81,4.74,4.9,4.94,5,31,1,Premium,4.75-5.0,Medium,Available >30 Days
1.10209E+18,Pune,Unknown,18.54015,73.90235,Entire Home,Entire rental unit,2,1,1,1,2270,4.77,4.73,4.69,4.53,4.64,4.79,4.74,81,1,Mid-Range,4.75-5.0,Small,Available >30 Days
1.11208E+18,Pune,Unknown,18.5313,73.8995,Private Room,Private room in rental unit,1,1,1,1,1754,4.82,4.8,4.77,,,,,0,1,Budget,4.75-5.0,Small,Available >30 Days
1.32625E+18,Pune,Gahunje,18.6644,73.7082,Entire Home,Entire rental unit,5,1,1,1,4530,4.88,4.88,4.95,4.83,4.86,4.86,4.86,42,1,Premium,4.75-5.0,Medium,Available >30 Days
1.33531E+18,Pune,Unknown,18.5498,73.9433,Serviced Apartment,Entire serviced apartment,6,2,2,2,4756,5,5,5,5,5,5,5,2,1,Premium,4.75-5.0,Large,Available >30 Days
1.33544E+18,Pune,Unknown,18.5159,73.8697,Serviced Apartment,Entire serviced apartment,4,1,1,1,1752,4.83,4.54,4.66,4.74,4.83,4.8,4.66,35,1,Budget,4.75-5.0,Medium,Available >30 Days
1.47684E+18,Pune,Manerwadi,18.38562001,73.73574222,Other,Farm stay,6,2,1,1,3816,5,5,4.67,5,5,5,5,3,1,Mid-Range,4.75-5.0,Large,Available >30 Days
1.47808E+18,Pune,Unknown,18.60042,73.91867,Entire Home,Entire apartment,4,2.5,2,2,4136,4.86,4.41,4.83,4.81,4.9,4.93,4.92,59,1,Premium,4.75-5.0,Medium,Available >30 Days
1.55135E+18,Pune,Unknown,18.5651,73.9132,Entire Home,Entire apartment,5,1.5,2,2,4648,4.8,4.9,4.65,4.55,4.6,4.75,4.6,20,1,Premium,4.75-5.0,Medium,Available >30 Days
1.55152E+18,Pune,Unknown,18.4973,73.8984,Entire Home,Entire home,3,1,1,1,1616,4.46,4.31,4.23,4.31,4.38,4.69,4.69,13,1,Budget,4.0-4.5,Medium,Available >30 Days
1.61654E+18,Pune,Unknown,18.49433792,73.90091814,Entire Home,Entire rental unit,4,1,2,2,2546,5,3.5,4.5,5,5,5,4.5,2,1,Mid-Range,4.75-5.0,Medium,Available >30 Days
1.61737E+18,Pimpri-Chinchwad,Shankar Kalat Nagar,18.6201,73.7472,Entire Home,Entire rental unit,4,2,2,2,2512,5,4,5,4,5,5,3,1,1,Mid-Range,4.75-5.0,Medium,Available >30 Days
1.61877E+18,Pimpri-Chinchwad,Punawale,18.63813,73.751,Entire Home,Entire rental unit,3,1,1,1,2075,5,5,5,5,5,5,5,1,1,Mid-Range,4.75-5.0,Medium,Available >30 Days
1.61922E+18,Pimpri-Chinchwad,Blue Ridge Town,18.579,73.7349,Serviced Apartment,Entire serviced apartment,6,2,2,2,4484,5,5,5,5,5,5,5,2,1,Premium,4.75-5.0,Large,Available >30 Days
52358897,Pune,Samarth Colony,18.55848,73.77413,Hotel,Room in hotel,4,1,1,1,3913,4.82,4.8,4.77,,,,,0,1,Mid-Range,4.75-5.0,Medium,Available >30 Days
53575332,Pune,Unknown,18.59261,73.99593,Entire Home,Entire rental unit,2,1,1,1,1450,4.82,4.8,4.77,,,,,0,1,Budget,4.75-5.0,Small,Available >30 Days
54400253,Pune,Unknown,18.55175,73.77534,Hotel,Room in hotel,2,1,1,1,1644,3.8,4,3.6,3.4,3.6,3.8,4.2,5,1,Budget,3.0-4.0,Small,Available >30 Days
9.84825E+17,Pune,Balewadi High Street,18.57402,73.77333,Private Room,Private room in rental unit,2,1,1,1,2043,4.82,4.8,4.77,,,,,0,1,Mid-Range,4.75-5.0,Small,Available >30 Days
1.02072E+18,Pune,Unknown,18.5681,73.9132,Entire Home,Entire apartment,4,2,2,2,5716,5,4.77,4.87,4.9,4.93,4.9,5,30,1,Premium,4.75-5.0,Medium,Available >30 Days
1.02165E+18,Pune,Bhugaon,18.50056,73.7629,Serviced Apartment,Entire serviced apartment,6,2,2,2,1636,4.72,4.67,4.67,4.69,4.66,4.74,4.67,61,1,Budget,4.5-4.75,Large,Available >30 Days
1.02432E+18,Pune,Unknown,18.5734,73.9136,Shared Room,Shared room in hostel,1,1,1,1,1110,4.5,4.5,4.5,4,4.5,5,5,2,1,Budget,4.0-4.5,Small,Available >30 Days
1.03158E+18,Pune,Unknown,18.57934,73.7702,Entire Home,Entire apartment,5,3,3,3,6431,4.77,4.64,4.59,4.64,4.68,4.82,4.86,22,1,Premium,4.75-5.0,Medium,Available >30 Days
1.03472E+18,Manjari Budruk,Unknown,18.5269,73.9601,Serviced Apartment,Entire serviced apartment,6,2,2,2,1636,4.83,4.72,4.78,4.8,4.78,4.83,4.93,46,1,Budget,4.75-5.0,Large,Available >30 Days
12821815,Pune,Unknown,18.50006,73.80393,Private Room,Private room in bungalow,4,1,1,1,2923,4.8,4.8,4.6,4.6,4.8,5,5,5,1,Mid-Range,4.75-5.0,Medium,Available >30 Days
1.28508E+18,Yewalewadi,Yewalewadi,18.43717256,73.89719234,Private Room,Private room in home,2,1,1,1,4157,4.82,4.8,4.77,,,,,0,1,Premium,4.75-5.0,Small,Available >30 Days
1.46419E+18,Pune,Unknown,18.5759,73.9143,Entire Home,Entire rental unit,4,1,1,1,2901,4.67,4.78,4.83,4.61,4.83,4.83,4.94,18,1,Mid-Range,4.5-4.75,Medium,Available >30 Days
1.53981E+18,Pune,Unknown,18.537,73.9097,Entire Home,Entire home,15,3,4,4,8185,4.8,5,4.4,4.8,4.8,5,4.8,5,1,Luxury,4.75-5.0,Large,Available >30 Days
1.62388E+18,Pune,Unknown,18.57432666,73.76722551,Hotel,Room in boutique hotel,3,1,1,1,1600,4.82,4.8,4.77,,,,,0,1,Budget,4.75-5.0,Medium,Available >30 Days
1.62403E+18,Pune,Unknown,18.5506938,73.77119933,Hotel,Room in boutique hotel,2,1,1,1,1458,4.82,4.8,4.77,,,,,0,1,Budget,4.75-5.0,Small,Available >30 Days
42316123,Pune,Unknown,18.44361,73.90681,Entire Home,Entire rental unit,8,2,2,2,4092,4.82,4.8,4.77,,,,,0,1,Premium,4.75-5.0,Large,Available >30 Days
44127567,Pune,Unknown,18.5527254,73.93990098,Private Room,Private room in serviced apartment,2,1,1,1,1921,4,4.71,3.71,3.86,3.57,4.14,4,7,1,Budget,3.0-4.0,Small,Available >30 Days
45924353,Pune,Gahunje,18.66291,73.70855,Entire Home,Entire rental unit,10,4,3,3,14032,4.82,4.8,4.77,,,,,0,1,Luxury,4.75-5.0,Large,Available >30 Days
46704841,Pune,Shivneri Park,18.56583,73.77804,Hotel,Room in aparthotel,2,1,22,22,5613,4.82,4.8,4.77,,,,,0,1,Premium,4.75-5.0,Small,Available >30 Days
46705504,Pune,Unknown,18.56444,73.77609,Hotel,Room in aparthotel,2,1,1,1,5613,4.82,4.8,4.77,,,,,0,1,Premium,4.75-5.0,Small,Available >30 Days
47191351,Pune,Unknown,18.541,73.891,Shared Room,Shared room in hostel,1,3,1,2,970,4.53,5,4.53,4.33,4.2,4.67,4.4,15,1,Budget,4.5-4.75,Small,Available >30 Days
1.25689E+18,Pune,Balewadi Phata,18.56366311,73.78122685,Private Room,Private room in bed and breakfast,2,1,1,1,1541,2.5,3.5,3,3,3,3,3,2,1,Budget,Below 3,Small,Available >30 Days
12636788,Pune,Balewadi High Street,18.56759,73.77294,Private Room,Private room in home,6,3,3,3,9156,4,5,5,5,5,3,3,1,1,Luxury,3.0-4.0,Large,Available >30 Days
1.33981E+18,Pune,Unknown,18.52938621,73.93442395,Private Room,Private room in rental unit,2,0,1,1,4315,4.82,4.8,4.77,,,,,0,1,Premium,4.75-5.0,Small,Available >30 Days
1.63095E+18,Pimpri-Chinchwad,Mhalunge,18.57620186,73.74398048,Entire Home,Entire rental unit,2,1,1,1,2655,4.82,4.8,4.77,,,,,0,1,Mid-Range,4.75-5.0,Small,Available >30 Days
1.63109E+18,Pune,Unknown,18.4631,73.912,Entire Home,Entire rental unit,4,2,2,2,4069,4.82,4.8,4.77,,,,,0,1,Premium,4.75-5.0,Medium,Available >30 Days
1.63119E+18,Pimpri-Chinchwad,Unknown,18.60169218,73.74367102,Private Room,Private room in rental unit,2,2,2,2,1989,4.82,4.8,4.77,,,,,0,1,Budget,4.75-5.0,Small,Available >30 Days
1.63238E+18,Pimpri-Chinchwad,Bhujbal Chowk,18.58866052,73.75704686,Private Room,Private room in bed and breakfast,2,1,1,1,2838,4.82,4.8,4.77,,,,,0,1,Mid-Range,4.75-5.0,Small,Available >30 Days
6.01666E+17,Pune,Samarth Colony,18.559,73.7782,Entire Home,Entire home,14,7,7,7,17541,4.82,4.8,4.77,,,,,0,1,Luxury,4.75-5.0,Large,Available >30 Days
6.03857E+17,Pune,Unknown,18.56362,73.77491,Entire Home,Entire townhouse,12,4,4,4,9940,4.82,4.8,4.77,,,,,0,1,Luxury,4.75-5.0,Large,Available >30 Days
6.08992E+17,Pune,Unknown,18.5334,73.8867,Private Room,Private room in home,2,1,1,1,1812,4.92,4.97,4.83,4.81,4.81,4.94,4.92,36,0,Budget,4.75-5.0,Small,Available ≤30 Days
1.04695E+18,Pune,Unknown,18.57984,73.76357,Hotel,Room in hotel,2,1,1,1,1637,4.17,4.35,3.96,4.09,4.26,4.43,4.35,23,1,Budget,4.0-4.5,Small,Available >30 Days
1.05268E+18,Pune,Unknown,18.5119,73.8369,Entire Home,Entire rental unit,8,2,2,2,10277,4.98,4.98,4.91,4.84,4.93,5,4.98,45,1,Luxury,4.75-5.0,Large,Available >30 Days
1.06567E+18,Pimpri-Chinchwad,Unknown,18.64286,73.79852,Entire Home,Entire rental unit,4,2,2,2,3557,4.92,4.85,4.77,4.81,4.85,4.96,4.92,26,1,Mid-Range,4.75-5.0,Medium,Available >30 Days
1.31227E+18,Pune,Unknown,18.53810314,73.93954684,Entire Home,Entire rental unit,5,1,1,1,2973,4.93,4.88,4.67,4.74,4.9,4.95,4.9,42,1,Mid-Range,4.75-5.0,Medium,Available >30 Days
1.4672E+18,Pune,Unknown,18.5737,73.9202,Entire Home,Entire rental unit,4,1,1,1,3450,4.86,4.93,4.64,4.64,4.93,5,5,14,1,Mid-Range,4.75-5.0,Medium,Available >30 Days
1.46745E+18,Pune,Unknown,18.5461,73.7791,Entire Home,Entire rental unit,6,1,1,1,3040,4.7,4.93,4.67,4.7,4.7,4.74,4.63,27,1,Mid-Range,4.5-4.75,Large,Available >30 Days
1.47154E+18,Pune,Unknown,18.57459061,73.76845419,Hotel,Room in boutique hotel,2,1,1,1,2051,4.82,4.8,4.77,,,,,0,1,Mid-Range,4.75-5.0,Small,Available >30 Days
1.47181E+18,Pimpri-Chinchwad,Unknown,18.6649,73.7114,Entire Home,Entire rental unit,10,2,2,2,4670,4.9,4.5,4.7,4.7,5,4.8,5,10,1,Premium,4.75-5.0,Large,Available >30 Days
1.55648E+18,Pune,Unknown,18.5406759,73.89741038,Entire Home,Entire rental unit,2,1,1,1,2306,5,5,5,5,5,5,5,4,1,Mid-Range,4.75-5.0,Small,Available >30 Days
15605014,Pune,Bavdhan,18.50352,73.76769,Private Room,Private room in bed and breakfast,2,1,1,1,1929,3.33,3.67,3.67,3,3.67,3.67,4.33,3,1,Budget,3.0-4.0,Small,Available >30 Days
1.56134E+18,Pune,Unknown,18.54507,73.7788,Entire Home,Entire rental unit,3,1,1,1,3370,4.75,4.5,4.75,4.25,5,5,4.75,4,1,Mid-Range,4.5-4.75,Medium,Available >30 Days
1.62596E+18,Pune,Unknown,18.52144068,73.9317301,Hotel,Room in boutique hotel,3,1,1,1,4271,4.82,4.8,4.77,,,,,0,1,Premium,4.75-5.0,Medium,Available >30 Days
1.62766E+18,Pimpri-Chinchwad,Punawale,18.62835672,73.74278231,Entire Home,Entire rental unit,2,1,1,1,2520,4.82,4.8,4.77,,,,,0,1,Mid-Range,4.75-5.0,Small,Available >30 Days
48532763,Pune,Unknown,18.54171,73.89005,Entire Home,Entire home,3,1,1,1,2593,4.39,4.74,4.38,4.28,4.43,4.53,4.51,99,1,Mid-Range,4.0-4.5,Medium,Available >30 Days
48839537,Pune,Unknown,18.51816,73.94529,Entire Home,Entire apartment,4,0,1,1,2851,4.95,4.84,4.91,4.8,4.92,4.96,4.98,135,1,Mid-Range,4.75-5.0,Medium,Available >30 Days
51379145,Pune,Unknown,18.62589,73.72505,Entire Home,Entire apartment,3,1,1,1,4794,4.82,4.8,4.77,,,,,0,1,Premium,4.75-5.0,Medium,Available >30 Days
51717549,Pune,Unknown,18.43584,73.84401,Entire Home,Entire apartment,5,2,2,2,2673,4.8,4.6,4.65,4.7,4.9,4.8,4.95,20,1,Mid-Range,4.75-5.0,Medium,Available >30 Days
1.07077E+18,Pune,Unknown,18.53726,73.83431,Private Room,Private room in rental unit,2,1,1,1,1812,4.5,4.75,4.58,4.58,4.75,4.75,4.75,12,1,Budget,4.0-4.5,Small,Available >30 Days
1.07532E+18,Pune,Unknown,18.4767,73.909,Other,Shipping container,4,2,2,2,18709,4.82,4.8,4.77,,,,,0,1,Luxury,4.75-5.0,Medium,Available >30 Days
1.07649E+18,Pune,Unknown,18.4782,73.9148,Hotel,Room in hotel,2,1,1,1,1300,4.82,4.8,4.77,,,,,0,1,Budget,4.75-5.0,Small,Available >30 Days
1.31532E+18,Pune,Unknown,18.5387,73.8983,Entire Home,Entire rental unit,2,1,1,1,6930,4.33,4.89,4.33,4.22,4.22,4.78,4.78,9,1,Premium,4.0-4.5,Small,Available >30 Days
1.32159E+18,Pimpri-Chinchwad,Unknown,18.60022,73.78365,Entire Home,Entire rental unit,4,2,2,2,4036,3,5,1,3,3,5,5,1,1,Premium,Below 3,Medium,Available >30 Days
1.45193E+18,Pune,Unknown,18.49700872,73.89907088,Private Room,Private room in home,2,1,1,1,1178,3.96,3.35,4.09,3.87,4,4.17,4.52,23,1,Budget,3.0-4.0,Small,Available >30 Days
14534759,Aundh,Marutrao Gaikwad nagar,18.5545,73.8099,Private Room,Private room in bungalow,3,1.5,1,1,2982,4.56,4.7,4.48,4.5,4.67,4.7,4.7,27,1,Mid-Range,4.5-4.75,Medium,Available >30 Days
1.57719E+18,Pune,Unknown,18.58135764,73.97281793,Hotel,Room in hotel,2,2,1,1,5070,4.82,4.8,4.77,,,,,0,1,Premium,4.75-5.0,Small,Available >30 Days
1.57826E+18,Pune,Mhalunge,18.58382,73.75922,Entire Home,Entire rental unit,2,1,1,1,2546,4.97,4.56,5,4.82,4.97,4.91,5,34,1,Mid-Range,4.75-5.0,Small,Available >30 Days
1.63983E+18,Pune,Unknown,18.5457,73.7789,Entire Home,Entire apartment,2,1,1,1,2130,5,5,4.5,5,5,5,5,2,1,Mid-Range,4.75-5.0,Small,Available >30 Days
1.64251E+18,Pune,Unknown,18.5485632,73.7903259,Private Room,Private room in rental unit,2,1,1,1,2243,5,4,5,5,5,5,5,1,1,Mid-Range,4.75-5.0,Small,Available >30 Days
7.61565E+17,Pune,Unknown,18.45737,73.91982,Private Room,Private room in rental unit,2,1,1,1,1754,4.82,4.8,4.77,,,,,0,1,Budget,4.75-5.0,Small,Available >30 Days
7.61716E+17,Pune,Pallod Farms,18.5587,73.79924,Entire Home,Entire home,15,4.5,5,5,7100,4.29,4.51,4.09,4.09,4.31,4.69,4.51,35,1,Luxury,4.0-4.5,Large,Available >30 Days
7.84395E+17,Pune,Unknown,18.5196,73.8554,Private Room,Private room in apartment,2,1,1,1,3367,5,5,5,5,4.86,5,4.86,7,1,Mid-Range,4.75-5.0,Small,Available >30 Days
1.21357E+18,Pune,Unknown,18.5333,73.8971,Entire Home,Entire rental unit,3,1,1,1,2604,4.81,5,4.88,4.75,4.81,4.94,5,16,1,Mid-Range,4.75-5.0,Medium,Available >30 Days
1.21708E+18,Pune,Unknown,18.49400965,73.83766882,Hotel,Room in hotel,3,9,9,9,1880,4.82,4.8,4.77,,,,,0,1,Budget,4.75-5.0,Medium,Available >30 Days
1.22327E+18,Pune,Unknown,18.54001,73.8986,Entire Home,Entire rental unit,2,1,1,1,2000,4.82,4.84,4.66,4.65,4.68,4.82,4.82,68,1,Budget,4.75-5.0,Small,Available >30 Days
1.22369E+18,Pune,Unknown,18.5851,73.9717,Private Room,Private room in rental unit,2,1,1,1,1488,4.82,4.8,4.77,,,,,0,1,Budget,4.75-5.0,Small,Available >30 Days
1.35863E+18,Pune,Unknown,18.57815116,73.96902099,Hotel,Room in hotel,4,1,1,1,3060,4.82,4.8,4.77,,,,,0,1,Mid-Range,4.75-5.0,Medium,Available >30 Days
1.35995E+18,Pune,Unknown,18.51429868,73.94171715,Private Room,Private room in rental unit,2,1,4,4,2950,4.82,4.8,4.77,,,,,0,1,Mid-Range,4.75-5.0,Small,Available >30 Days
1.36135E+18,Pimpri-Chinchwad,Gahunje,18.66284836,73.70955922,Entire Home,Entire apartment,4,1,1,1,3730,4.93,4.87,4.96,4.89,4.93,4.96,4.91,46,1,Mid-Range,4.75-5.0,Medium,Available >30 Days
1.4989E+18,Pune,Unknown,18.51885,73.94362,Entire Home,Entire apartment,4,1,1,1,3449,4.97,4.92,4.97,4.92,4.95,5,5,37,1,Mid-Range,4.75-5.0,Medium,Available >30 Days
1.50447E+18,Pune,Unknown,18.57752893,73.78406933,Hotel,Room in hotel,2,1,1,1,1321,4.69,4.38,4.56,4.56,4.63,4.69,4.75,16,1,Budget,4.5-4.75,Small,Available >30 Days
1.58252E+18,Pune,Bavdhan,18.51737744,73.77024677,Entire Home,Entire home,4,2,2,2,2759,5,4,5,5,5,5,5,1,1,Mid-Range,4.75-5.0,Medium,Available >30 Days
1.58477E+18,Pune,Unknown,18.57401669,73.91197325,Entire Home,Entire rental unit,2,1,1,1,2688,4.77,4.92,4.77,4.54,4.77,4.77,4.92,13,1,Mid-Range,4.75-5.0,Small,Available >30 Days
1.58734E+18,Pune,Unknown,18.54887,73.94117,Entire Home,Entire rental unit,3,1,1,1,2521,4.82,4.8,4.77,,,,,0,1,Mid-Range,4.75-5.0,Medium,Available >30 Days
6.56318E+17,Pune,Shivneri Park,18.5676,73.7778,Private Room,Private room in villa,2,1,1,1,2099,4.62,4.54,4.65,4.42,4.38,4.58,4.73,26,1,Mid-Range,4.5-4.75,Small,Available >30 Days
1.12586E+18,Pimpri-Chinchwad,Sakhare Vasti,18.58733,73.73923,Serviced Apartment,Entire serviced apartment,2,2,2,2,2332,4.82,4.8,4.77,,,,,0,1,Mid-Range,4.75-5.0,Small,Available >30 Days
1.13548E+18,Dehu,Unknown,18.70412545,73.78723127,Private Room,Private room in serviced apartment,3,4,6,6,2271,4.82,4.8,4.77,,,,,0,1,Mid-Range,4.75-5.0,Medium,Available >30 Days
1.13558E+18,Pune,Unknown,18.5634,73.7728,Entire Home,Entire villa,16,7,8,8,16535,4.82,4.8,4.77,,,,,0,1,Luxury,4.75-5.0,Large,Available >30 Days
1.37959E+18,Pune,Unknown,18.542,73.8909,Entire Home,Entire rental unit,2,1,1,1,1403,4.37,4.74,4.37,4.44,4.52,4.81,4.74,27,1,Budget,4.0-4.5,Small,Available >30 Days
1.38873E+18,Pune,Unknown,18.54309913,73.94216618,Entire Home,Entire rental unit,3,1,1,1,2923,4.72,4.72,4.83,4.72,4.76,4.83,4.76,29,1,Mid-Range,4.5-4.75,Medium,Available >30 Days
1.38991E+18,Pune,Unknown,18.5516,73.9558,Entire Home,Entire apartment,2,1,1,1,3039,4.98,4.64,4.97,4.8,4.95,4.93,4.98,59,1,Mid-Range,4.75-5.0,Small,Available >30 Days
1.39122E+18,Pune,Unknown,18.534,73.8985,Entire Home,Entire rental unit,4,1,1,1,4473,4.92,4.92,4.85,4.73,4.81,5,5,26,1,Premium,4.75-5.0,Medium,Available >30 Days
1.5057E+18,Pune,Unknown,18.5679,73.9144,Entire Home,Entire rental unit,2,1,1,1,2758,4.6,4.53,4.8,4.47,4.53,4.53,4.6,15,1,Mid-Range,4.5-4.75,Small,Available >30 Days
1.50718E+18,Pune,Unknown,18.5757,73.9142,Entire Home,Entire rental unit,2,1,1,1,2759,4.45,4.7,4.5,4.6,4.55,4.65,4.75,20,1,Mid-Range,4.0-4.5,Small,Available >30 Days
1.50728E+18,Pune,Unknown,18.57522,73.90977,Entire Home,Entire rental unit,3,1,1,1,2580,5,5,5,5,5,5,5,8,1,Mid-Range,4.75-5.0,Medium,Available >30 Days
1.58957E+18,Pune,Unknown,18.536,73.8858,Entire Home,Entire rental unit,5,1,2,2,3463,4.14,4.29,4.14,4.14,4.43,4,4.14,7,1,Mid-Range,4.0-4.5,Medium,Available >30 Days
1.59336E+18,Pune,Samarth Colony,18.5582,73.7741,Private Room,Private room in apartment,2,1,1,1,1802,4.64,4.73,4.82,4.55,4.55,4.82,4.82,11,1,Budget,4.5-4.75,Small,Available >30 Days
1.648E+18,Pune,Balewadi High Street,18.56929,73.7749,Entire Home,Entire rental unit,2,1,1,1,2724,4.82,4.8,4.77,,,,,0,1,Mid-Range,4.75-5.0,Small,Available >30 Days
1.64835E+18,Pune,Unknown,18.5639216,73.73587412,Entire Home,Entire rental unit,5,2,2,2,4352,4.82,4.8,4.77,,,,,0,1,Premium,4.75-5.0,Medium,Available >30 Days
1.65072E+18,Pune,Unknown,18.57701066,73.91324078,Entire Home,Entire rental unit,4,1,1,1,3397,4.82,4.8,4.77,,,,,0,1,Mid-Range,4.75-5.0,Medium,Available >30 Days
1.65084E+18,Pune,Unknown,18.48330087,73.88188801,Entire Home,Entire home,4,1,1,1,5847,5,5,5,5,5,5,5,1,1,Premium,4.75-5.0,Medium,Available >30 Days
1.65189E+18,Pune,Chakankar Mala,18.5696,73.7814,Entire Home,Entire rental unit,4,2,2,2,3208,4.82,4.8,4.77,,,,,0,1,Mid-Range,4.75-5.0,Medium,Available >30 Days
1.65198E+18,Pune,Gahunje,18.66541331,73.70854878,Entire Home,Entire rental unit,3,1,1,1,3065,4.82,4.8,4.77,,,,,0,1,Mid-Range,4.75-5.0,Medium,Available >30 Days
1.652E+18,Pune,Unknown,18.601,73.9147,Entire Home,Entire rental unit,6,3,3,3,4771,4.82,4.8,4.77,,,,,0,1,Premium,4.75-5.0,Large,Available >30 Days
8.10815E+17,Pune,Unknown,18.54564,73.81878,Entire Home,Entire apartment,4,1.5,1,1,2572,4.83,4.61,4.82,4.72,4.8,4.85,4.91,75,1,Mid-Range,4.75-5.0,Medium,Available >30 Days
8.28793E+17,Pune,Unknown,18.57557,73.91709,Private Room,Private room in rental unit,16,4,4,4,10594,5,5,5,5,5,5,5,3,1,Luxury,4.75-5.0,Large,Available >30 Days
1.16778E+18,Pune,Unknown,18.5917,73.9366,Private Room,Private room in home,2,1,1,1,1476,4.82,4.8,4.77,,,,,0,1,Budget,4.75-5.0,Small,Available >30 Days
1.16962E+18,Pune,Unknown,18.56283,73.77009,Private Room,Private room in bed and breakfast,2,1,1,1,1988,4.82,4.8,4.77,,,,,0,1,Budget,4.75-5.0,Small,Available >30 Days
1.17056E+18,Pimpri-Chinchwad,Unknown,18.58305,73.72531,Private Room,Private room in apartment,2,1,1,1,1227,4.73,4.75,4.53,4.58,4.75,4.8,4.72,60,1,Budget,4.5-4.75,Small,Available >30 Days
1.17651E+18,Pune,Unknown,18.5704,73.9036,Private Room,Private room in rental unit,2,1,1,1,2104,4.82,4.8,4.77,,,,,0,1,Mid-Range,4.75-5.0,Small,Available >30 Days
1.19029E+18,Pune,Unknown,18.5513,73.921,Private Room,Private room in rental unit,2,1,1,1,1403,4.84,4.46,4.76,4.68,4.82,4.92,4.94,50,1,Budget,4.75-5.0,Small,Available >30 Days
1.37086E+18,Pimpri-Chinchwad,Unknown,18.59879769,73.78410237,Entire Home,Entire rental unit,6,2,2,2,3904,4.5,4.5,4.5,4.5,5,5,5,2,1,Mid-Range,4.0-4.5,Large,Available >30 Days
1.48767E+18,Pune,Unknown,18.5933963,73.74252359,Entire Home,Entire rental unit,4,2,2,2,3669,4.89,4.87,4.74,4.87,4.92,4.89,4.97,38,1,Mid-Range,4.75-5.0,Medium,Available >30 Days
1.49111E+18,Pune,Unknown,18.59948354,73.78542287,Entire Home,Entire rental unit,4,2,2,2,3297,5,5,5,5,5,5,5,1,1,Mid-Range,4.75-5.0,Medium,Available >30 Days
1.49112E+18,Pune,Unknown,18.59982,73.78575,Entire Home,Entire rental unit,4,2,2,2,3186,5,5,5,5,5,5,5,1,1,Mid-Range,4.75-5.0,Medium,Available >30 Days
1.49385E+18,Pune,Unknown,18.5073,73.8751,Shared Room,Shared room in apartment,4,3,3,3,1782,4.82,4.8,4.77,,,,,0,1,Budget,4.75-5.0,Medium,Available >30 Days
1.56391E+18,Marunji,Tathawade,18.6031,73.7329,Private Room,Private room in bed and breakfast,2,1,1,2,1337,5,5,5,5,5,5,5,1,1,Budget,4.75-5.0,Small,Available >30 Days
1.56667E+18,Pune,Unknown,18.5912,73.913,Entire Home,Entire rental unit,3,1,1,1,2514,4.82,4.8,4.77,,,,,0,1,Mid-Range,4.75-5.0,Medium,Available >30 Days
1.56806E+18,Pune,Unknown,18.54066971,73.88606192,Entire Home,Entire rental unit,2,1,1,1,2820,5,5,5,5,5,5,5,1,1,Mid-Range,4.75-5.0,Small,Available >30 Days
1.56808E+18,Pune,Unknown,18.54263828,73.88592383,Entire Home,Entire rental unit,2,1,1,1,2820,4.5,5,5,5,5,5,4.5,2,1,Mid-Range,4.0-4.5,Small,Available >30 Days
1.63608E+18,Marunji,Tathawade,18.6114,73.7421,Entire Home,Entire rental unit,4,1,1,1,1879,4.82,4.8,4.77,,,,,0,1,Budget,4.75-5.0,Medium,Available >30 Days
1.63665E+18,Pimpri-Chinchwad,Unknown,18.5795071,73.73747159,Entire Home,Entire rental unit,3,1,1,1,2759,5,5,4.67,5,5,5,5,3,1,Mid-Range,4.75-5.0,Medium,Available >30 Days
1.63789E+18,Pune,Unknown,18.53677292,73.9112899,Private Room,Private room in rental unit,3,3,3,3,5677,4.82,4.8,4.77,,,,,0,1,Premium,4.75-5.0,Medium,Available >30 Days
7.11933E+17,Pune,Unknown,18.5591105,73.94986338,Private Room,Private room in apartment,1,1,1,1,1881,5,5,5,5,4.83,5,5,6,1,Budget,4.75-5.0,Small,Available >30 Days
7.2579E+17,Pune,Unknown,18.52994,73.91056,Private Room,Private room in bed and breakfast,2,1,1,1,1531,4.76,4.8,4.68,4.72,4.72,4.8,4.76,25,1,Budget,4.75-5.0,Small,Available >30 Days
7.38039E+17,Pune,Unknown,18.5766,73.99989,Hotel,Room in hotel,3,1,1,1,1754,4,3.89,4,4,4.11,4.11,4.11,9,1,Budget,3.0-4.0,Medium,Available >30 Days
1.44286E+18,Pune,Vasantdada Sugar Institute Colony,18.5253,73.9596,Serviced Apartment,Entire serviced apartment,4,1,1,1,1105,4,3,4,4,4,5,5,1,1,Budget,3.0-4.0,Medium,Available >30 Days
1.44469E+18,Pune,Unknown,18.54583002,73.77947191,Entire Home,Entire rental unit,2,1,1,1,2639,4.52,4.78,4.52,4.22,4.43,4.7,4.74,23,1,Mid-Range,4.5-4.75,Small,Available >30 Days
1.44616E+18,Pimpri-Chinchwad,Marunji,18.61319,73.72623,Private Room,Private room in home,3,2,1,1,1949,5,5,4.33,5,4.67,5,5,3,1,Budget,4.75-5.0,Medium,Available >30 Days
1.447E+18,Pune,Unknown,18.47494382,73.89580901,Entire Home,Entire home,5,2,2,2,4087,4.97,4.77,4.97,4.92,4.92,4.95,4.98,60,1,Premium,4.75-5.0,Medium,Available >30 Days
1.51865E+18,Pimpri-Chinchwad,Unknown,18.63394045,73.8360722,Hotel,Room in boutique hotel,2,1,1,1,2624,4.82,4.8,4.77,,,,,0,1,Mid-Range,4.75-5.0,Small,Available >30 Days
1.51932E+18,Pune,Unknown,18.56593106,73.78614245,Private Room,Private room in rental unit,2,2,1,1,2276,4.89,4.89,4.67,4.78,4.78,4.78,4.78,9,1,Mid-Range,4.75-5.0,Small,Available >30 Days
1.52015E+18,Pune,Gahunje,18.6644,73.7082,Entire Home,Entire rental unit,5,1,1,1,3297,4.82,4.8,4.77,,,,,0,1,Mid-Range,4.75-5.0,Medium,Available >30 Days
1.52162E+18,Velhe,Nigde Mose,18.3896,73.6929,Other,Shipping container,3,1,1,1,4287,1,2,3,2,2,2,3,1,1,Premium,Below 3,Medium,Available >30 Days
1.52166E+18,Pune,Gorhe,18.40093376,73.76803016,Entire Home,Entire home,15,5,5,5,28620,4.75,4.25,5,4.75,4.5,5,4.75,4,1,Luxury,4.5-4.75,Large,Available >30 Days
1.52275E+18,Pune,Unknown,18.48107,73.90165,Private Room,Private room in home,4,0,1,1,3230,5,5,5,5,5,5,5,3,1,Mid-Range,4.75-5.0,Medium,Available >30 Days
1.60123E+18,Pune,Unknown,18.5499,73.9332,Entire Home,Entire guest house,2,1,1,1,2539,5,5,5,5,5,5,5,7,1,Mid-Range,4.75-5.0,Small,Available >30 Days
1.60272E+18,Pune,Marunji,18.6052,73.7281,Private Room,Private room in rental unit,2,1,1,1,1445,4.82,4.8,4.77,,,,,0,1,Budget,4.75-5.0,Small,Available >30 Days
1.60289E+18,Pune,Unknown,18.54185851,73.92292783,Entire Home,Entire rental unit,2,1,1,1,2034,4.89,4.47,4.89,4.74,4.79,4.84,4.89,19,1,Mid-Range,4.75-5.0,Small,Available >30 Days
1.60486E+18,Pune,Gahunje,18.6622,73.7061,Entire Home,Entire rental unit,3,1,1,1,7369,5,4.94,5,4.94,5,5,5,16,1,Luxury,4.75-5.0,Medium,Available >30 Days
1.60853E+18,Pimpri-Chinchwad,Tathawade,18.6065,73.7438,Entire Home,Entire rental unit,6,3,3,3,3905,4.5,4.5,4,4,4.5,4,4.5,2,1,Mid-Range,4.0-4.5,Large,Available >30 Days
1.65231E+18,Pune,Unknown,18.54258,73.94234,Entire Home,Entire rental unit,2,1,1,1,2790,4.82,4.8,4.77,,,,,0,1,Mid-Range,4.75-5.0,Small,Available >30 Days
1.65236E+18,Pune,Unknown,18.5471,73.8198,Entire Home,Entire rental unit,3,1,1,1,3265,4.82,4.8,4.77,,,,,0,1,Mid-Range,4.75-5.0,Medium,Available >30 Days
1.65287E+18,Pune,Unknown,18.59880018,73.73020541,Entire Home,Entire villa,2,1,1,1,1225,4.82,4.8,4.77,,,,,0,1,Budget,4.75-5.0,Small,Available >30 Days
1.65341E+18,Pune,Unknown,18.56044282,73.92046551,Entire Home,Entire villa,2,1,1,1,2070,4.82,4.8,4.77,,,,,0,1,Mid-Range,4.75-5.0,Small,Available >30 Days
1.65344E+18,Pune,Pallod Farms,18.56051985,73.8012691,Entire Home,Entire villa,2,1,1,1,2063,4.82,4.8,4.77,,,,,0,1,Mid-Range,4.75-5.0,Small,Available >30 Days
1.65384E+18,Pune,Unknown,18.52,73.944,Entire Home,Entire rental unit,2,1,1,1,2761,5,5,5,5,5,5,5,1,1,Mid-Range,4.75-5.0,Small,Available >30 Days
1.65432E+18,Pune,Unknown,18.53250583,73.94487379,Entire Home,Entire rental unit,4,1,2,2,4435,4.82,4.8,4.77,,,,,0,1,Premium,4.75-5.0,Medium,Available >30 Days
9.05543E+17,Pune,Unknown,18.4029,73.7622,Entire Home,Entire home,10,6,2,2,17541,4.82,4.8,4.77,,,,,0,1,Luxury,4.75-5.0,Large,Available >30 Days
9.12266E+17,Pune,Unknown,18.56656,73.91029,Entire Home,Entire home,11,2.5,3,3,5964,4.71,4.71,4.71,4.53,4.59,4.71,4.94,17,1,Premium,4.5-4.75,Large,Available >30 Days
9.12799E+17,Pimpri-Chinchwad,Tathawade,18.61237,73.74502,Entire Home,Entire rental unit,3,1,1,1,2337,4.5,4.5,4.5,4,3,5,5,2,1,Mid-Range,4.0-4.5,Medium,Available >30 Days
9.25432E+17,Pune,Unknown,18.5392,73.9001,Private Room,Private room in rental unit,3,1,1,1,2572,4.82,4.8,4.77,,,,,0,1,Mid-Range,4.75-5.0,Medium,Available >30 Days
1.26728E+18,Pimpri-Chinchwad,Unknown,18.5989172,73.78338252,Entire Home,Entire rental unit,6,2,2,2,5525,4,4,3,5,4,5,5,1,1,Premium,3.0-4.0,Large,Available >30 Days
1.42523E+18,Pune,Unknown,18.51255611,73.90654923,Entire Home,Entire rental unit,4,2,2,2,4911,5,5,5,5,5,5,5,2,1,Premium,4.75-5.0,Medium,Available >30 Days
1.43043E+18,Pune,Unknown,18.54282442,73.89090588,Private Room,Private room in rental unit,2,1,1,1,1461,4.64,4.79,4.57,4.71,4.57,4.64,4.79,14,1,Budget,4.5-4.75,Small,Available >30 Days
1.52389E+18,Pune,Balewadi Phata,18.56453,73.78305,Private Room,Private room in home,3,1,1,1,2384,1,4,3,2,3,4,3,1,1,Mid-Range,Below 3,Medium,Available >30 Days
1.52968E+18,Pune,Unknown,18.5134,73.8156,Entire Home,Entire rental unit,10,1,2,2,2886,4,3.67,2.67,2.67,3,4,4.33,3,1,Mid-Range,3.0-4.0,Large,Available >30 Days
1.6086E+18,Pimpri-Chinchwad,Punawale,18.62721272,73.74425852,Entire Home,Entire rental unit,3,1,1,1,1974,4.82,4.8,4.77,,,,,0,1,Budget,4.75-5.0,Medium,Available >30 Days
1.60862E+18,Pune,Punawale,18.6287803,73.74498782,Entire Home,Entire rental unit,3,1,1,1,2268,5,5,5,4.67,5,5,5,3,1,Mid-Range,4.75-5.0,Medium,Available >30 Days
1.61008E+18,Pune,Unknown,18.5507,73.9168,Private Room,Private room in rental unit,2,1,1,1,1589,4.82,4.8,4.77,,,,,0,1,Budget,4.75-5.0,Small,Available >30 Days
1.61012E+18,Pune,Unknown,18.45361073,73.92511644,Hotel,Room in hotel,2,1,1,1,1500,4.82,4.8,4.77,,,,,0,1,Budget,4.75-5.0,Small,Available >30 Days
1.65492E+18,Pune,Gahunje,18.6745,73.7065,Entire Home,Entire rental unit,4,1,1,1,3395,4.82,4.8,4.77,,,,,0,1,Mid-Range,4.75-5.0,Medium,Available >30 Days
16639274,Pune,Unknown,18.49991,73.78475,Private Room,Private room in farm stay,8,2.5,4,4,1637,4.82,4.8,4.77,,,,,0,1,Budget,4.75-5.0,Large,Available >30 Days
22091817,Pune,Unknown,18.6601,73.7188,Shared Room,Shared room in bungalow,15,4,4,4,2880,4.77,4.77,4.77,4.69,4.92,5,4.77,13,1,Mid-Range,4.75-5.0,Large,Available >30 Days
22658675,Pune,Samarth Colony,18.5523,73.7758,Entire Home,Entire townhouse,4,1,1,1,2689,5,4.5,5,5,5,5,5,6,1,Mid-Range,4.75-5.0,Medium,Available >30 Days
23495073,Pune,Unknown,18.5317,73.897,Entire Home,Entire guest suite,3,1,1,1,2599,4.79,4.95,4.79,4.77,4.82,4.86,4.89,258,1,Mid-Range,4.75-5.0,Medium,Available >30 Days
8.36961E+17,Pune,Unknown,18.57648,73.90692,Private Room,Private room in rental unit,16,4,4,4,2993,4.6,4.8,4.2,4.2,4.6,5,4.8,5,1,Mid-Range,4.5-4.75,Large,Available >30 Days
8.46658E+17,Pune,Maan,18.5752,73.7195,Entire Home,Entire rental unit,4,1,1,1,2660,4.82,4.8,4.77,,,,,0,1,Mid-Range,4.75-5.0,Medium,Available >30 Days
8.62108E+17,Pimpri-Chinchwad,Unknown,18.59299,73.74154,Private Room,Private room in bed and breakfast,4,1,1,1,1649,4.82,4.8,4.77,,,,,0,1,Budget,4.75-5.0,Medium,Available >30 Days
8.66243E+17,Pune,Unknown,18.55199,73.96274,Private Room,Private room in townhouse,16,2.5,2,2,1593,4.82,4.8,4.77,,,,,0,1,Budget,4.75-5.0,Large,Available >30 Days
1.14934E+18,Pimpri-Chinchwad,Unknown,18.6073,73.7654,Entire Home,Entire apartment,4,2,2,2,3520,4.75,4.55,4.8,4.6,4.85,5,4.9,20,1,Mid-Range,4.5-4.75,Medium,Available >30 Days
1.14961E+18,Pune,Unknown,18.606,73.7676,Private Room,Private room in home,2,1,1,1,1394,5,5,5,5,5,5,5,11,1,Budget,4.75-5.0,Small,Available >30 Days
1.15044E+18,Pimpri-Chinchwad,Tathawade,18.6121,73.74185,Entire Home,Entire rental unit,3,1,1,1,1955,5,5,4,5,5,5,5,1,1,Budget,4.75-5.0,Medium,Available >30 Days
1.15257E+18,Pune,Mhalunge,18.5682,73.763,Private Room,Private room in rental unit,2,1,1,1,2104,5,5,5,5,5,5,5,1,1,Mid-Range,4.75-5.0,Small,Available >30 Days
1.15839E+18,Pune,Unknown,18.46819,73.82922,Private Room,Private room in guest house,3,1,1,1,1381,4.88,4.5,4.88,4.75,4.88,4.75,4.88,8,1,Budget,4.75-5.0,Medium,Available >30 Days
1.41286E+18,Pimpri-Chinchwad,Unknown,18.61589304,73.70948341,Entire Home,Entire apartment,5,1,2,2,4092,4.82,4.8,4.77,,,,,0,1,Premium,4.75-5.0,Medium,Available >30 Days
1.42189E+18,Pune,Unknown,18.54623861,73.77989525,Entire Home,Entire rental unit,4,1,1,1,2565,5,5,4.85,5,5,5,5,13,1,Mid-Range,4.75-5.0,Medium,Available >30 Days
1.53521E+18,Pune,Unknown,18.5756,73.914,Entire Home,Entire rental unit,3,1,1,2,2700,4.77,4.74,4.77,4.69,4.76,4.85,4.78,98,1,Mid-Range,4.75-5.0,Medium,Available >30 Days
1.53671E+18,Pune,Unknown,18.5411,73.9394,Entire Home,Entire rental unit,3,1,1,1,2960,4.5,4,4,4,4.5,4.5,5,2,1,Mid-Range,4.0-4.5,Medium,Available >30 Days
1.61163E+18,Pune,Unknown,18.57597,73.91344,Entire Home,Entire rental unit,2,1,1,1,4378,4.82,4.8,4.77,,,,,0,1,Premium,4.75-5.0,Small,Available >30 Days
1.61165E+18,Pune,Unknown,18.54524673,73.77935637,Entire Home,Entire rental unit,2,1,1,1,3166,4.86,5,4.57,4.71,4.86,4.86,5,7,1,Mid-Range,4.75-5.0,Small,Available >30 Days
37249551,Pune,Unknown,18.59189,73.71886,Private Room,Private room in home,2,1,1,1,1952,4.35,4.8,4.4,4.15,4.5,4.25,4.45,20,1,Budget,4.0-4.5,Small,Available >30 Days
40171201,Pune,Gahunje,18.66378,73.70966,Entire Home,Entire rental unit,3,1,1,1,2912,4.99,4.85,4.94,4.87,4.91,4.97,4.99,98,1,Mid-Range,4.75-5.0,Medium,Available >30 Days
40303053,Pimpri-Chinchwad,Unknown,18.63251,73.8424,Private Room,Private room in bungalow,2,1,1,1,1450,4.55,4.65,4.45,4.51,4.53,4.69,4.67,49,1,Budget,4.5-4.75,Small,Available >30 Days
9.42714E+17,Pune,Unknown,18.5493,73.8178,Serviced Apartment,Entire serviced apartment,3,1.5,1,1,3263,4.9,4.78,4.88,4.73,4.86,4.91,4.81,77,1,Mid-Range,4.75-5.0,Medium,Available >30 Days
9.56854E+17,Pune,Gahunje,18.66291,73.7077,Entire Home,Entire rental unit,2,1,1,1,4560,4.98,4.94,4.97,4.93,4.98,4.98,4.99,120,1,Premium,4.75-5.0,Small,Available >30 Days
9.69155E+17,Pune,Unknown,18.5263,73.8459,Private Room,Private room in rental unit,2,1,1,1,2546,4.78,4.88,4.88,4.73,4.83,4.89,4.86,113,1,Mid-Range,4.75-5.0,Small,Available >30 Days
9.70046E+17,Pune,Unknown,18.58219,73.72721,Private Room,Private room in apartment,2,1,1,1,1519,4.7,4.93,4.56,4.77,4.91,4.74,4.88,43,1,Budget,4.5-4.75,Small,Available >30 Days
1.2405E+18,Pune,Chakankar Mala,18.5697,73.7815,Entire Home,Entire rental unit,4,2,2,2,3321,4.93,4.77,4.87,4.83,4.87,4.9,4.93,30,1,Mid-Range,4.75-5.0,Medium,Available >30 Days
1.39527E+18,Hinjawadi,Maan,18.5688,73.7219,Private Room,Private room in rental unit,2,1,1,1,1791,4.75,4.7,4.85,4.75,4.7,4.8,4.85,20,1,Budget,4.5-4.75,Small,Available >30 Days
1.40202E+18,Pune,Gahunje,18.6644,73.7082,Entire Home,Entire rental unit,4,1,1,1,3384,4.9,4.9,4.85,4.9,4.9,4.9,4.9,20,1,Mid-Range,4.75-5.0,Medium,Available >30 Days
1.51224E+18,Pune,Unknown,18.54315,73.94252,Entire Home,Entire rental unit,3,1,1,1,2887,5,4.88,4.88,4.88,5,4.88,5,8,1,Mid-Range,4.75-5.0,Medium,Available >30 Days
1.51382E+18,Pune,Unknown,18.5074,73.8306,Shared Room,Shared room in guest house,1,4,1,1,1123,4.82,4.8,4.77,,,,,0,1,Budget,4.75-5.0,Small,Available >30 Days
1.51392E+18,Pune,Kalyani Nagar,18.55094,73.89694,Private Room,Private room in bed and breakfast,4,2,1,1,3470,4.82,4.8,4.77,,,,,0,1,Mid-Range,4.75-5.0,Medium,Available >30 Days
1.51393E+18,Pune,Unknown,18.55315,73.89759,Private Room,Private room in bed and breakfast,2,1,1,1,2267,4.82,4.8,4.77,,,,,0,1,Mid-Range,4.75-5.0,Small,Available >30 Days
1.59485E+18,Pune,Unknown,18.57312,73.90808,Entire Home,Entire rental unit,6,3,3,3,8401,5,5,5,5,5,5,5,3,1,Luxury,4.75-5.0,Large,Available >30 Days
1.59546E+18,Pune,Unknown,18.513,73.9061,Private Room,Private room in rental unit,2,1,1,1,2572,5,5,5,5,5,5,5,1,1,Mid-Range,4.75-5.0,Small,Available >30 Days
1.59842E+18,Pimpri-Chinchwad,Shankar Kalat Nagar,18.62882,73.74325,Entire Home,Entire rental unit,3,1,1,1,2046,4.82,4.8,4.77,,,,,0,1,Mid-Range,4.75-5.0,Medium,Available >30 Days
29565815,Pune,Unknown,18.53078,73.91256,Serviced Apartment,Entire serviced apartment,4,1.5,1,1,4092,4.58,4.77,4.42,4.35,4.48,4.74,4.84,31,1,Premium,4.5-4.75,Medium,Available >30 Days
30056176,Pune,Unknown,18.5604,73.8111,Entire Home,Entire apartment,3,1,1,1,2303,4.68,4.85,4.59,4.54,4.7,4.83,4.85,186,1,Mid-Range,4.5-4.75,Medium,Available >30 Days
8.77472E+17,Pune,Unknown,18.50588,73.83558,Entire Home,Entire home,4,2,2,2,6724,4.91,4.7,4.78,4.7,4.91,4.96,4.91,23,1,Premium,4.75-5.0,Medium,Available >30 Days
8.85973E+17,Pune,Shivneri Park,18.56885,73.77946,Hotel,Room in hotel,3,1,1,1,2252,4,3.67,4,3.67,3.33,3.5,3.83,6,1,Mid-Range,3.0-4.0,Medium,Available >30 Days
8.85976E+17,Pune,Shivneri Park,18.56876,73.77972,Hotel,Room in hotel,2,1,1,1,1871,4,5,3.75,4,3.75,5,4.5,4,1,Budget,3.0-4.0,Small,Available >30 Days
8.86074E+17,Pune,Unknown,18.58654,73.83213,Entire Home,Entire home,10,5,5,5,29469,4.82,4.8,4.77,,,,,0,1,Luxury,4.75-5.0,Large,Available >30 Days
8.90965E+17,Pune,Unknown,18.57579,73.90767,Private Room,Private room in rental unit,16,4,4,4,11726,5,5,5,5,5,5,5,3,1,Luxury,4.75-5.0,Large,Available >30 Days
1.08948E+18,Pune,Unknown,18.54447,73.83392,Private Room,Private room in bed and breakfast,2,1,1,1,2231,4.67,5,4,4.33,4,5,5,3,1,Mid-Range,4.5-4.75,Small,Available >30 Days
1.1121E+18,Pune,Unknown,18.4783,73.9148,Hotel,Room in hotel,10,3,3,3,4400,4.82,4.8,4.77,,,,,0,1,Premium,4.75-5.0,Large,Available >30 Days
1.3248E+18,Pune,Unknown,18.5464,73.7792,Entire Home,Entire rental unit,4,1,1,1,2338,4.71,4.79,4.67,4.59,4.75,4.78,4.81,63,1,Mid-Range,4.5-4.75,Medium,Available >30 Days
1.33166E+18,Pune,Unknown,18.45894645,73.81959445,Entire Home,Entire apartment,4,2,2,2,5847,4.69,4.88,4.38,4.63,4.69,4.94,4.75,16,1,Premium,4.5-4.75,Medium,Available >30 Days
1.33265E+18,Pune,Bhugaon,18.4999,73.7623,Serviced Apartment,Entire serviced apartment,6,2,2,2,1636,4.67,4.4,4.73,4.53,4.67,4.8,4.8,15,1,Budget,4.5-4.75,Large,Available >30 Days
1.33525E+18,Pune,Unknown,18.5159,73.8697,Serviced Apartment,Entire serviced apartment,4,1,1,1,1752,3.29,3.43,3.43,3.43,4,4.29,4.29,7,1,Budget,3.0-4.0,Medium,Available >30 Days
1.33544E+18,Pune,Manter Wadi,18.4553,73.9326,Private Room,Private room in rental unit,2,2,1,1,1204,4.13,4.38,4.25,3.88,4.13,4.13,4.63,8,1,Budget,4.0-4.5,Small,Available >30 Days
1.47593E+18,Pimpri-Chinchwad,Tathawade,18.62158,73.73859,Private Room,Private room in apartment,1,1,1,1,1461,5,5,5,5,5,5,5,2,1,Budget,4.75-5.0,Small,Available >30 Days
1.47596E+18,Pimpri-Chinchwad,Tathawade,18.62075901,73.73847183,Entire Home,Entire apartment,2,1,1,1,2605,5,4.83,4.83,4.83,5,5,5,6,1,Mid-Range,4.75-5.0,Small,Available >30 Days
1.47907E+18,Pune,Unknown,18.53769947,73.89810832,Entire Home,Entire rental unit,4,2,2,2,6199,4.72,4.83,4.79,4.66,4.79,4.48,4.72,29,1,Premium,4.5-4.75,Medium,Available >30 Days
1.54805E+18,Pune,Unknown,18.44691,73.92294,Entire Home,Entire apartment,2,1,1,1,3036,5,5,5,5,5,5,5,5,1,Mid-Range,4.75-5.0,Small,Available >30 Days
1.54839E+18,Pune,Gorhe,18.40879578,73.76844027,Entire Home,Entire bungalow,8,2,2,2,4911,5,5,5,5,5,5,5,1,1,Premium,4.75-5.0,Large,Available >30 Days
1.54872E+18,Pune,Unknown,18.54167,73.88778,Entire Home,Entire rental unit,2,1,1,1,2822,4,4,5,5,5,4,5,1,1,Mid-Range,3.0-4.0,Small,Available >30 Days
1.54904E+18,Pune,Unknown,18.54163,73.88807,Entire Home,Entire rental unit,3,1,1,1,2918,4.82,4.8,4.77,,,,,0,1,Mid-Range,4.75-5.0,Medium,Available >30 Days
1.54924E+18,Pune,Unknown,18.54159,73.88804,Entire Home,Entire rental unit,2,1,1,1,2888,3,3,5,3,3,3,5,1,1,Mid-Range,Below 3,Small,Available >30 Days
15531333,Pune,Unknown,18.5402,73.89038,Private Room,Private room in apartment,2,1,1,1,1737,4.89,4.94,4.78,4.91,4.91,4.97,4.96,229,1,Budget,4.75-5.0,Small,Available >30 Days
1.6165E+18,Pune,Unknown,18.5667,73.9171,Entire Home,Entire rental unit,6,2,2,2,3297,5,5,5,5,5,5,5,3,1,Mid-Range,4.75-5.0,Large,Available >30 Days
1.61813E+18,Pune,Balewadi Phata,18.56637404,73.78651379,Entire Home,Entire rental unit,3,1,1,1,2688,4.82,4.8,4.77,,,,,0,1,Mid-Range,4.75-5.0,Medium,Available >30 Days
1.61966E+18,Pune,Unknown,18.5322,73.9162,Entire Home,Entire rental unit,3,1,1,1,2034,5,5,5,5,5,5,5,2,1,Mid-Range,4.75-5.0,Medium,Available >30 Days
1.61996E+18,Pimpri-Chinchwad,Sakhare Vasti,18.5892,73.73857,Entire Home,Entire rental unit,3,2,2,2,2979,5,4.67,4.33,5,5,5,5,3,1,Mid-Range,4.75-5.0,Medium,Available >30 Days
52004667,Pune,Gahunje,18.66334,73.7092,Entire Home,Entire apartment,4,1,1,1,2357,4.86,4.91,4.86,4.8,4.9,4.92,4.9,90,1,Mid-Range,4.75-5.0,Medium,Available >30 Days
52965489,Pune,Gahunje,18.66119,73.70962,Entire Home,Entire apartment,4,1,1,1,4092,5,5,4.71,4.86,5,5,5,7,1,Premium,4.75-5.0,Medium,Available >30 Days
52966142,Pune,Gahunje,18.66266,73.70428,Entire Home,Entire apartment,4,1,1,1,4092,5,5,4.33,4.33,4.67,5,5,3,1,Premium,4.75-5.0,Medium,Available >30 Days
9.79718E+17,Pune,Anupam Park,18.52089,73.7745,Entire Home,Entire rental unit,4,2,2,2,3180,4.89,4.75,4.83,4.83,4.86,4.87,4.9,134,1,Mid-Range,4.75-5.0,Medium,Available >30 Days
9.88945E+17,Pune,Pallod Farms,18.5573,73.7927,Private Room,Private room in home,2,1,1,1,1869,4.74,4.63,4.55,4.61,4.82,4.82,4.87,38,1,Budget,4.5-4.75,Small,Available >30 Days
9.99829E+17,Pune,Unknown,18.59962,73.74224,Entire Home,Entire rental unit,4,2,2,2,4326,4.82,4.8,4.77,,,,,0,1,Premium,4.75-5.0,Medium,Available >30 Days
1.01138E+18,Pune,Unknown,18.53935,73.89843,Entire Home,Entire rental unit,2,1,1,1,2110,4.9,4.89,4.87,4.66,4.77,4.89,4.95,128,1,Mid-Range,4.75-5.0,Small,Available >30 Days
1.28476E+18,Pune,Unknown,18.50202285,73.79150655,Entire Home,Entire rental unit,8,4,4,4,16944,4.86,4.86,4.71,4.71,5,4.86,5,7,1,Luxury,4.75-5.0,Large,Available >30 Days
1.29241E+18,Pune,Unknown,18.569,73.9144,Shared Room,Shared room in guest house,1,1,1,1,1110,5,5,5,5,5,5,5,1,1,Budget,4.75-5.0,Small,Available >30 Days
1.45913E+18,Pune,Unknown,18.55958079,73.91932053,Entire Home,Entire rental unit,4,1,1,1,2444,4.85,4.95,4.65,4.8,4.9,4.85,4.95,20,1,Mid-Range,4.75-5.0,Medium,Available >30 Days
1.46004E+18,Pune,Unknown,18.50883,73.93153,Entire Home,Entire rental unit,2,1,1,1,2352,4.14,5,4.71,4.57,4.71,4.43,4.86,7,1,Mid-Range,4.0-4.5,Small,Available >30 Days
1.46006E+18,Pune,Unknown,18.46661001,73.85703559,Hotel,Room in boutique hotel,2,1,1,1,1503,1,1,1,1,1,2,1,1,1,Budget,Below 3,Small,Available >30 Days
1.46227E+18,Pune,Gahunje,18.66105,73.70902,Entire Home,Entire apartment,4,1,1,1,4168,4.97,4.93,5,4.9,4.97,4.93,4.97,30,1,Premium,4.75-5.0,Medium,Available >30 Days
1.46365E+18,Pune,Unknown,18.5011,73.7943,Entire Home,Entire home,3,1,1,1,4676,5,5,5,5,5,5,5,1,1,Premium,4.75-5.0,Medium,Available >30 Days
1.53915E+18,Dattwadi,Tathawade,18.6258,73.7461,Private Room,Private room in bed and breakfast,2,1,1,1,1395,4.82,4.8,4.77,,,,,0,1,Budget,4.75-5.0,Small,Available >30 Days
1.5425E+18,Pune,Unknown,18.58956206,73.90877559,Entire Home,Entire rental unit,12,3,3,3,5262,5,5,5,5,5,5,5,1,1,Premium,4.75-5.0,Large,Available >30 Days
1.54553E+18,Pune,Unknown,18.5404757,73.92159128,Entire Home,Entire rental unit,2,1,1,1,2336,5,4.92,5,4.92,4.92,5,5,13,1,Mid-Range,4.75-5.0,Small,Available >30 Days
1.54769E+18,Pune,Unknown,18.55431032,73.80161933,Entire Home,Entire rental unit,5,2,2,2,3408,4.2,4.4,4,4.2,4.2,4.8,4.8,5,1,Mid-Range,4.0-4.5,Medium,Available >30 Days
1.62109E+18,Pune,Unknown,18.5847,73.7638,Private Room,Private room in rental unit,2,1,1,1,2303,4.86,4.57,5,4.86,5,4.86,5,7,1,Mid-Range,4.75-5.0,Small,Available >30 Days
1.62375E+18,Pune,Unknown,18.57478,73.91505,Entire Home,Entire rental unit,3,1,1,1,2666,5,4.83,5,4.83,5,5,5,6,1,Mid-Range,4.75-5.0,Medium,Available >30 Days
1.62569E+18,Pimpri-Chinchwad,Unknown,18.60933098,73.82244448,Hotel,Room in boutique hotel,2,1,1,1,1865,4.82,4.8,4.77,,,,,0,1,Budget,4.75-5.0,Small,Available >30 Days
1.6258E+18,Pune,Unknown,18.5764,73.91373,Entire Home,Entire rental unit,4,1,1,1,3485,5,5,5,5,5,5,5,3,1,Mid-Range,4.75-5.0,Medium,Available >30 Days
42372912,Pimpri-Chinchwad,Unknown,18.57806,73.73759,Private Room,Private room in rental unit,2,1,1,1,1637,4.82,4.8,4.77,,,,,0,1,Budget,4.75-5.0,Small,Available >30 Days
46745245,Pune,Unknown,18.5633,73.77655,Hotel,Room in aparthotel,2,1,1,1,3367,4.82,4.8,4.77,,,,,0,1,Mid-Range,4.75-5.0,Small,Available >30 Days
46745376,Pune,Shivneri Park,18.56529,73.77781,Hotel,Room in aparthotel,2,1,1,1,3508,4.82,4.8,4.77,,,,,0,1,Mid-Range,4.75-5.0,Small,Available >30 Days
1.25425E+18,Pune,Unknown,18.51776472,73.94785107,Entire Home,Entire rental unit,2,1,1,1,2952,4.87,4.7,4.73,4.57,4.83,4.8,4.87,30,1,Mid-Range,4.75-5.0,Small,Available >30 Days
1.26008E+18,Pune,Unknown,18.55588917,73.94759962,Entire Home,Entire rental unit,5,2,2,2,4268,4.56,4.8,4.48,4.52,4.48,4.72,4.96,25,1,Premium,4.5-4.75,Medium,Available >30 Days
1.26446E+18,Pune,Unknown,18.4606,73.7886,Entire Home,Entire apartment,4,2,2,2,4930,5,4.79,4.79,4.79,4.79,4.93,4.93,14,1,Premium,4.75-5.0,Medium,Available >30 Days
1.33966E+18,Pimpri-Chinchwad,Blue Ridge Town,18.5795,73.7348,Entire Home,Entire apartment,4,1,1,1,2520,4.89,4.46,4.86,4.71,4.82,4.89,4.96,28,1,Mid-Range,4.75-5.0,Medium,Available >30 Days
1.3397E+18,Pune,Unknown,18.5971,73.9019,Private Room,Private room in bungalow,4,1,2,2,4209,4.77,4.82,4.82,4.73,4.68,4.86,4.91,22,1,Premium,4.75-5.0,Medium,Available >30 Days
1.3412E+18,Pimpri-Chinchwad,Unknown,18.62440047,73.73340005,Private Room,Private room in apartment,2,0,1,1,1520,5,4.9,4.9,5,5,5,5,10,1,Budget,4.75-5.0,Small,Available >30 Days
1.34414E+18,Pune,Unknown,18.5619,73.7756,Private Room,Private room in bed and breakfast,2,1,1,1,1908,4.56,4.72,4.56,4.4,4.44,4.72,4.68,25,1,Budget,4.5-4.75,Small,Available >30 Days
1.3519E+18,Pune,Unknown,18.57533,73.89237,Private Room,Private room in apartment,1,1,1,1,1577,4.77,4.77,4.97,4.7,4.63,4.83,4.93,30,1,Budget,4.75-5.0,Small,Available >30 Days
1.352E+18,Pune,Balewadi High Street,18.56783912,73.7755201,Entire Home,Entire rental unit,2,2,2,2,3952,4.8,4.76,4.88,4.64,4.92,4.96,4.92,25,1,Mid-Range,4.75-5.0,Small,Available >30 Days
1.48304E+18,Pune,Unknown,18.54860254,73.9479986,Hotel,Room in hotel,2,1,1,1,2639,3.5,4,3,3,3.5,4,4.5,2,1,Mid-Range,3.0-4.0,Small,Available >30 Days
1.48306E+18,Pune,Unknown,18.58,73.8946,Hotel,Room in hotel,2,1,1,1,2409,4.58,4.33,4.5,4.75,4.67,4.75,4.58,12,1,Mid-Range,4.5-4.75,Small,Available >30 Days
1.48326E+18,Pune,Unknown,18.56572,73.78604,Entire Home,Entire rental unit,6,3,3,3,5975,5,5,4.75,4.75,5,5,5,4,1,Premium,4.75-5.0,Large,Available >30 Days
1.48519E+18,Pune,Unknown,18.4834,73.8825,Entire Home,Entire villa,4,1,1,1,4329,5,4.86,4.96,4.82,4.96,4.93,5,28,1,Premium,4.75-5.0,Medium,Available >30 Days
1.57022E+18,Pune,Unknown,18.54746,73.77877,Entire Home,Entire rental unit,2,1,1,1,2315,4.82,4.8,4.77,,,,,0,1,Mid-Range,4.75-5.0,Small,Available >30 Days
1.62958E+18,Pune,Gahunje,18.6745,73.7065,Entire Home,Entire rental unit,4,1,1,1,2689,5,5,5,5,5,5,5,1,1,Mid-Range,4.75-5.0,Medium,Available >30 Days
1.63136E+18,Pune,Unknown,18.41954668,73.73893867,Entire Home,Entire home,8,3,3,3,8185,4.82,4.8,4.77,,,,,0,1,Luxury,4.75-5.0,Large,Available >30 Days
1.6317E+18,Pune,Mhalunge,18.5662,73.7373,Private Room,Private room in rental unit,2,1,1,1,2049,5,5,5,5,5,5,5,8,1,Mid-Range,4.75-5.0,Small,Available >30 Days
16338986,Pune,Unknown,18.53562,73.89592,Entire Home,Entire rental unit,6,3,3,3,10524,4.19,4.88,4,4.23,4.35,4.77,4.77,26,1,Luxury,4.0-4.5,Large,Available >30 Days
5.54647E+17,Pune,Mavale vasti,18.48575,73.81237,Shared Room,Shared room in bed and breakfast,8,1,1,1,1578,5,5,5,5,5,5,5,1,1,Budget,4.75-5.0,Large,Available >30 Days
5.61479E+17,Pune,Unknown,18.54158,73.93855,Private Room,Private room in bed and breakfast,16,4,4,4,12783,4.67,4.67,5,4.67,5,5,5,3,1,Luxury,4.5-4.75,Large,Available >30 Days
5.82846E+17,Gorhe Khurd,Gorhe,18.41431,73.7455,Private Room,Private room in bed and breakfast,2,1,1,1,3040,1,1,1,1,1,1,1,1,1,Mid-Range,Below 3,Small,Available >30 Days
6.03646E+17,Pune,Unknown,18.56372,73.77722,Entire Home,Entire home,16,13,12,12,33983,4.82,4.8,4.77,,,,,0,1,Luxury,4.75-5.0,Large,Available >30 Days
1.03765E+18,Mulshi,Marunji,18.61803194,73.71151131,Private Room,Private room in rental unit,5,4.5,3,3,3891,4.82,4.8,4.77,,,,,0,1,Mid-Range,4.75-5.0,Medium,Available >30 Days
1.06193E+18,Pune,Unknown,18.4257,73.8969,Private Room,Private room in apartment,2,1,1,1,1386,5,4,5,5,5,5,5,1,1,Budget,4.75-5.0,Small,Available >30 Days
1.06578E+18,Pune,Unknown,18.55341,73.94844,Entire Home,Entire rental unit,2,1,1,1,3529,4.82,4.8,4.77,,,,,0,1,Mid-Range,4.75-5.0,Small,Available >30 Days
1.3055E+18,Pune,Unknown,18.55031161,73.92313061,Private Room,Private room in apartment,2,1,1,1,1520,4.82,4.8,4.77,,,,,0,1,Budget,4.75-5.0,Small,Available >30 Days
1.30915E+18,Pune,Unknown,18.51391414,73.93227731,Private Room,Private room in rental unit,2,1,3,3,1892,4.92,4.81,4.96,4.81,4.92,5,4.96,26,1,Budget,4.75-5.0,Small,Available >30 Days
1.31068E+18,Pune,Unknown,18.5461,73.7791,Entire Home,Entire rental unit,2,1,1,1,2373,4.33,4.67,4.33,4.33,4.5,4.67,4.67,6,1,Mid-Range,4.0-4.5,Small,Available >30 Days
1.31359E+18,Pune,Unknown,18.53996381,73.89533527,Entire Home,Entire guest house,4,2,2,2,14734,5,5,4.5,4.5,5,5,5,2,1,Luxury,4.75-5.0,Medium,Available >30 Days
1.46732E+18,Pune,Unknown,18.54509975,73.77947386,Entire Home,Entire rental unit,2,1,1,1,2995,5,4.95,4.85,4.7,4.9,5,4.95,20,1,Mid-Range,4.75-5.0,Small,Available >30 Days
1.47154E+18,Gaon,Unknown,18.6781,73.8952,Entire Home,Entire rental unit,6,2,2,2,11355,4.82,4.8,4.77,,,,,0,1,Luxury,4.75-5.0,Large,Available >30 Days
1.47227E+18,Pune,Unknown,18.52110669,73.93319197,Hotel,Room in boutique hotel,3,1,1,1,4202,4,4,3,3,4,4,3,1,1,Premium,3.0-4.0,Medium,Available >30 Days
1.55585E+18,Pune,Unknown,18.5671,73.9114,Private Room,Private room in home,2,1,1,1,1866,5,5,5,5,5,5,5,1,1,Budget,4.75-5.0,Small,Available >30 Days
1.55724E+18,Pune,Unknown,18.45589944,73.91951104,Private Room,Private room in rental unit,2,1,1,1,2011,4.83,4.83,4.92,4.67,4.83,4.92,4.92,12,1,Mid-Range,4.75-5.0,Small,Available >30 Days
1.55823E+18,Pune,Unknown,18.56877017,73.9075801,Entire Home,Entire apartment,4,2,2,2,4330,5,4.87,4.87,4.93,4.93,4.87,4.93,15,1,Premium,4.75-5.0,Medium,Available >30 Days
1.5584E+18,Pune,Unknown,18.5116,73.9291,Entire Home,Entire home,6,3,3,3,14032,4.82,4.8,4.77,,,,,0,1,Luxury,4.75-5.0,Large,Available >30 Days
1.56147E+18,Pune,Unknown,18.51116014,73.8710132,Entire Home,Entire rental unit,8,3,3,3,4345,4.82,4.8,4.77,,,,,0,1,Premium,4.75-5.0,Large,Available >30 Days
1.62611E+18,Pune,Unknown,18.51886572,73.93079703,Private Room,Private room in rental unit,4,4,2,2,4651,5,5,5,5,5,5,5,4,1,Premium,4.75-5.0,Medium,Available >30 Days
1.62641E+18,Pune,Unknown,18.56983753,73.90821128,Hotel,Room in boutique hotel,2,1,1,1,2765,4.82,4.8,4.77,,,,,0,1,Mid-Range,4.75-5.0,Small,Available >30 Days
1.627E+18,Pune,Unknown,18.5311,73.8322,Entire Home,Entire home,7,2,3,3,7948,4.82,4.8,4.77,,,,,0,1,Luxury,4.75-5.0,Large,Available >30 Days
1.62743E+18,Pune,Unknown,18.5531,73.9367,Entire Home,Entire apartment,10,2,2,2,5554,5,5,4.5,5,5,5,5,2,1,Premium,4.75-5.0,Large,Available >30 Days
47413907,Pune,Gahunje,18.66238,73.70688,Entire Home,Entire apartment,4,1,1,1,4092,4.82,4.8,4.77,,,,,0,1,Premium,4.75-5.0,Medium,Available >30 Days
48821921,Pune,Unknown,18.55711,73.92905,Serviced Apartment,Entire serviced apartment,3,1.5,1,1,3500,4.82,4.8,4.77,,,,,0,1,Mid-Range,4.75-5.0,Medium,Available >30 Days
50210570,Pimpri-Chinchwad,Ratnadeep Colony,18.61545,73.76311,Entire Home,Entire rental unit,6,2,2,2,2564,4.82,4.8,4.77,,,,,0,1,Mid-Range,4.75-5.0,Large,Available >30 Days
50355280,Pune,Unknown,18.54128,73.90738,Private Room,Private room in bungalow,5,1,2,2,3508,4.82,4.8,4.77,,,,,0,1,Mid-Range,4.75-5.0,Medium,Available >30 Days
50821304,Pimpri-Chinchwad,Unknown,18.65905,73.71843,Entire Home,Entire rental unit,4,1,1,1,3154,4.73,4.77,4.69,4.58,4.75,4.77,4.76,88,1,Mid-Range,4.5-4.75,Medium,Available >30 Days
51729119,Pune,Unknown,18.56357,73.77748,Entire Home,Entire rental unit,6,2,2,2,4370,4.38,4.6,4.3,4.38,4.43,4.48,4.49,120,1,Premium,4.0-4.5,Large,Available >30 Days
1.07399E+18,Pimpri-Chinchwad,Unknown,18.6433,73.7972,Entire Home,Entire rental unit,4,2,2,2,3898,5,5,5,5,5,5,5,2,1,Mid-Range,4.75-5.0,Medium,Available >30 Days
1.08597E+18,Dattwadi,Tathawade,18.61388,73.74389,Entire Home,Entire rental unit,3,1,2,2,2042,4.82,4.8,4.77,,,,,0,1,Mid-Range,4.75-5.0,Medium,Available >30 Days
1.31506E+18,Pune,Unknown,18.5654,73.9167,Entire Home,Entire rental unit,4,2,2,2,8299,4.11,4.56,4,3.89,3.78,4.44,4.78,9,1,Luxury,4.0-4.5,Medium,Available >30 Days
1.31529E+18,Pune,Unknown,18.5394,73.8986,Entire Home,Entire rental unit,4,2,2,2,6860,3.75,4.75,3,4,4,4.5,4.5,4,1,Premium,3.0-4.0,Medium,Available >30 Days
1.31741E+18,Pune,Unknown,18.54503043,73.77927593,Entire Home,Entire rental unit,2,1,1,1,2395,4.79,4.84,4.76,4.69,4.81,4.86,4.94,70,1,Mid-Range,4.75-5.0,Small,Available >30 Days
1.31797E+18,Pune,Unknown,18.6213,73.9119,Private Room,Private room in apartment,2,1,1,1,1947,5,4.74,5,5,5,5,4.97,35,1,Budget,4.75-5.0,Small,Available >30 Days
1.31947E+18,Pune,Unknown,18.5431,73.9234,Entire Home,Entire rental unit,2,1,1,1,1831,4.52,4.5,4.29,4.48,4.57,4.79,4.64,58,1,Budget,4.5-4.75,Small,Available >30 Days
1.45078E+18,Dattwadi,Punawale,18.62607372,73.73274831,Private Room,Private room in rental unit,2,2,1,1,981,4.82,4.8,4.77,,,,,0,1,Budget,4.75-5.0,Small,Available >30 Days
1.45408E+18,Pune,Balewadi Phata,18.56325,73.78306,Private Room,Private room in rental unit,2,1,1,1,1880,3,3,3,3,3,3,3,2,1,Budget,Below 3,Small,Available >30 Days
1.4541E+18,Pune,Unknown,18.57677057,73.91335127,Entire Home,Entire rental unit,3,1,1,1,2752,5,4.94,4.82,4.91,4.91,4.97,5,34,1,Mid-Range,4.75-5.0,Medium,Available >30 Days
1.45586E+18,Pimpri-Chinchwad,Unknown,18.59652119,73.79141175,Entire Home,Entire rental unit,4,2,2,2,3332,5,4,5,4,4.5,5,5,2,1,Mid-Range,4.75-5.0,Medium,Available >30 Days
1.57593E+18,Pune,Unknown,18.47146,73.92235,Entire Home,Entire rental unit,6,2,2,2,3508,5,5,4.67,5,5,5,5,3,1,Mid-Range,4.75-5.0,Large,Available >30 Days
1.57801E+18,Pune,Unknown,18.6607242,73.87574726,Entire Home,Tiny home,11,3,3,3,7380,4.82,4.8,4.77,,,,,0,1,Luxury,4.75-5.0,Large,Available >30 Days
1.58018E+18,Pune,Balewadi High Street,18.56657,73.7716,Entire Home,Entire guest house,8,4,4,4,11760,4.82,4.8,4.77,,,,,0,1,Luxury,4.75-5.0,Large,Available >30 Days
1.58179E+18,Pune,Unknown,18.5568,73.8048,Private Room,Private room in rental unit,3,2,1,1,1812,5,4,5,5,4,5,5,1,1,Budget,4.75-5.0,Medium,Available >30 Days
1.63896E+18,Pune,Unknown,18.5415,73.9225,Entire Home,Entire rental unit,4,1,1,1,2104,4.75,4.75,4.5,4.5,4.75,5,4.75,4,1,Mid-Range,4.5-4.75,Medium,Available >30 Days
1.63969E+18,Pune,Unknown,18.5504,73.9333,Entire Home,Entire guest house,2,1,1,1,2420,4.82,4.8,4.77,,,,,0,1,Mid-Range,4.75-5.0,Small,Available >30 Days
1.63978E+18,Pune,Mhalunge,18.56928,73.75183,Entire Home,Entire rental unit,2,2,1,1,2908,5,5,5,5,5,5,5,5,1,Mid-Range,4.75-5.0,Small,Available >30 Days
1.63987E+18,Pune,Gahunje,18.6745,73.7065,Entire Home,Entire rental unit,4,2,2,2,6095,5,4.33,5,4.67,4.67,5,4.67,3,1,Premium,4.75-5.0,Medium,Available >30 Days
7.78916E+17,Yelwadi,Unknown,18.712,73.7541,Entire Home,Entire bungalow,10,3,3,3,17658,4.82,4.8,4.77,,,,,0,1,Luxury,4.75-5.0,Large,Available >30 Days
7.91548E+17,Pune,Unknown,18.55538,73.96366,Private Room,Private room in home,16,1,1,1,2361,4.82,4.8,4.77,,,,,0,1,Mid-Range,4.75-5.0,Large,Available >30 Days
7.91563E+17,Pune,Unknown,18.55,73.96425,Private Room,Private room in home,16,6,6,6,1565,4,4,4,4,4,4,4,1,1,Budget,3.0-4.0,Large,Available >30 Days
1.22728E+18,Pune,Unknown,18.56019,73.77781,Entire Home,Entire rental unit,2,1,1,1,3120,4,2.67,3,3,3.67,4.33,4.33,3,1,Mid-Range,3.0-4.0,Small,Available >30 Days
1.22729E+18,Pune,Shivneri Park,18.56571,73.77943,Entire Home,Entire rental unit,2,1,1,1,3060,4.5,4.25,4.25,4,4.5,4.75,4.5,4,1,Mid-Range,4.0-4.5,Small,Available >30 Days
1.22729E+18,Pune,Samarth Colony,18.55923,73.77926,Entire Home,Entire rental unit,2,1,1,1,3060,3,4,4.5,3,3.5,3,4,2,1,Mid-Range,Below 3,Small,Available >30 Days
1.22948E+18,Pune,Unknown,18.55418,73.91714,Entire Home,Entire apartment,5,1,1,1,2603,4.81,4.65,4.7,4.79,4.82,4.83,4.89,108,1,Mid-Range,4.75-5.0,Medium,Available >30 Days
1.35702E+18,Pune,Unknown,18.5553,73.7604,Entire Home,Entire rental unit,5,1,1,1,3402,5,4.77,4.92,4.85,4.85,5,5,13,1,Mid-Range,4.75-5.0,Medium,Available >30 Days
1.49656E+18,Pune,Unknown,18.5788,73.9092,Entire Home,Entire rental unit,3,1,1,1,3182,5,5,5,5,5,5,5,3,1,Mid-Range,4.75-5.0,Medium,Available >30 Days
1.49757E+18,Pune,Unknown,18.53977375,73.8912973,Private Room,Private room in rental unit,1,1,1,1,1025,4,4,5,4,4,2,5,1,0,Budget,3.0-4.0,Small,Available ≤30 Days
1.49769E+18,Pune,Unknown,18.58965,73.91045,Entire Home,Entire rental unit,4,0,1,1,1509,4.33,4,4.33,4.17,4.33,4.5,4.33,6,1,Budget,4.0-4.5,Medium,Available >30 Days
1.50272E+18,Pimpri-Chinchwad,Unknown,18.58573,73.72789,Entire Home,Entire rental unit,6,3,3,3,6762,4.82,4.8,4.77,,,,,0,1,Premium,4.75-5.0,Large,Available >30 Days
1.5035E+18,Pune,Unknown,18.57602429,73.91306219,Entire Home,Entire rental unit,2,1,1,1,2860,4.81,5,4.75,4.81,4.75,4.94,4.94,16,1,Mid-Range,4.75-5.0,Small,Available >30 Days
1.50439E+18,Pune,Balewadi High Street,18.573,73.772,Entire Home,Entire rental unit,2,1,1,1,3859,4.82,4.8,4.77,,,,,0,1,Mid-Range,4.75-5.0,Small,Available >30 Days
1.58236E+18,Pune,Unknown,18.57741569,73.90924309,Entire Home,Entire apartment,3,1,1,2,2939,5,5,5,5,5,5,5,2,1,Mid-Range,4.75-5.0,Medium,Available >30 Days
1.64399E+18,Pune,Unknown,18.58492997,73.76333438,Entire Home,Entire rental unit,2,1,1,1,2133,5,4,5,4.5,5,5,5,2,1,Mid-Range,4.75-5.0,Small,Available >30 Days
1.64476E+18,Pune,Unknown,18.5758,73.9141,Entire Home,Entire rental unit,2,1,1,1,2572,5,5,5,5,5,5,5,1,1,Mid-Range,4.75-5.0,Small,Available >30 Days
1.6451E+18,Pune,Vasantdada Sugar Institute Colony,18.5248,73.9575,Entire Home,Entire rental unit,3,1,1,1,1720,4.82,4.8,4.77,,,,,0,1,Budget,4.75-5.0,Medium,Available >30 Days
6.34469E+17,Pune,Unknown,18.56337,73.77966,Hotel,Room in hotel,2,1,1,1,2000,4.47,4.31,4.52,4.31,4.33,4.47,4.59,116,1,Budget,4.0-4.5,Small,Available >30 Days
6.45304E+17,Pune,Kalyani Nagar,18.55176,73.90311,Private Room,Private room in apartment,2,1.5,1,1,4011,5,5,4,5,5,5,5,1,1,Premium,4.75-5.0,Small,Available >30 Days
6.48069E+17,Pune,Balewadi High Street,18.56974,73.77112,Private Room,Private room in villa,2,1,1,1,2128,4.6,4.6,4.4,4.4,4.6,4.6,4.6,10,1,Mid-Range,4.5-4.75,Small,Available >30 Days
6.74129E+17,Pune,Unknown,18.56274,73.77221,Private Room,Private room in nature lodge,2,1,1,1,2338,4.82,4.8,4.77,,,,,0,1,Mid-Range,4.75-5.0,Small,Available >30 Days
6.83719E+17,Pune,Mhalunge,18.57815,73.75717,Entire Home,Entire apartment,4,2,2,2,3391,4.87,4.4,4.68,4.69,4.79,4.81,4.93,117,1,Mid-Range,4.75-5.0,Medium,Available >30 Days
1.14839E+18,Pune,Balewadi Phata,18.56432,73.7819,Private Room,Private room in villa,2,1,1,1,2571,4.55,4.27,4.64,4.18,4.55,4.64,4.64,11,1,Mid-Range,4.5-4.75,Small,Available >30 Days
1.38308E+18,Pimpri-Chinchwad,Blue Ridge Town,18.5785,73.7397,Entire Home,Entire apartment,4,1,1,1,2619,5,4.95,4.94,4.98,4.97,4.98,4.98,64,1,Mid-Range,4.75-5.0,Medium,Available >30 Days
1.38776E+18,Pimpri-Chinchwad,Maan,18.57514,73.70486,Entire Home,Entire rental unit,2,2,1,1,2237,5,5,5,5,5,4,5,1,1,Mid-Range,4.75-5.0,Small,Available >30 Days
1.38974E+18,Pune,Unknown,18.56319797,73.7746304,Hotel,Room in hotel,2,1,1,1,2120,5,4.8,4.8,4.9,5,5,5,10,1,Mid-Range,4.75-5.0,Small,Available >30 Days
1.50565E+18,Pune,Unknown,18.5324,73.8751,Private Room,Private room in serviced apartment,2,1,1,1,2730,4.67,4.78,4.78,4.56,4.56,4.78,4.56,9,1,Mid-Range,4.5-4.75,Small,Available >30 Days
1.50595E+18,Jambhulwadi,Unknown,18.4222,73.8485,Entire Home,Entire home,16,2,2,2,11692,4.82,4.8,4.77,,,,,0,1,Luxury,4.75-5.0,Large,Available >30 Days
1.50696E+18,Pune,Unknown,18.5768,73.9163,Entire Home,Entire apartment,2,1,1,1,2774,4.9,5,4.9,4.76,4.9,4.9,4.95,21,1,Mid-Range,4.75-5.0,Small,Available >30 Days
1.5111E+18,Pune,Unknown,18.56806213,73.95753192,Hotel,Room in boutique hotel,2,1,1,1,1415,4.82,4.8,4.77,,,,,0,1,Budget,4.75-5.0,Small,Available >30 Days
1.58934E+18,Pune,Unknown,18.5764,73.9119,Entire Home,Entire rental unit,2,1,1,1,3026,4.88,4.88,5,4.75,4.88,5,5,8,1,Mid-Range,4.75-5.0,Small,Available >30 Days
1.59132E+18,Pune,Manjari Budruk,18.52083724,73.97623685,Entire Home,Entire rental unit,2,1,1,1,1938,4.88,4.63,5,5,5,5,5,8,1,Budget,4.75-5.0,Small,Available >30 Days
1.59203E+18,Pune,Unknown,18.5634,73.7996,Hotel,Room in hotel,2,5,5,5,2384,4.82,4.8,4.77,,,,,0,1,Mid-Range,4.75-5.0,Small,Available >30 Days
1.64933E+18,Pune,Unknown,18.5686,73.9084,Serviced Apartment,Entire serviced apartment,6,2,2,2,4200,4.82,4.8,4.77,,,,,0,1,Premium,4.75-5.0,Large,Available >30 Days
8.09146E+17,Pune,Gahunje,18.6644,73.7082,Entire Home,Entire rental unit,4,1,1,1,2151,4.75,4.83,4.65,4.59,4.81,4.89,4.94,96,1,Mid-Range,4.5-4.75,Medium,Available >30 Days
8.0924E+17,Pune,Unknown,18.56659,73.91177,Private Room,Private room in guest house,2,1,1,1,3508,4.82,4.8,4.77,,,,,0,1,Mid-Range,4.75-5.0,Small,Available >30 Days
8.15577E+17,Marunji,Shankar Kalat Nagar,18.60562,73.75156,Private Room,Private room in home,2,1,1,1,2087,4.82,4.8,4.77,,,,,0,1,Mid-Range,4.75-5.0,Small,Available >30 Days
8.27398E+17,Pune,Unknown,18.5315,73.91275,Entire Home,Entire rental unit,2,1,1,1,2460,4.74,4.41,4.66,4.6,4.7,4.7,4.81,90,1,Mid-Range,4.5-4.75,Small,Available >30 Days
8.33232E+17,Pune,Hinjawadi Phase 2,18.5947,73.7095,Shared Room,Shared room in apartment,2,1,1,1,1998,4.82,4.8,4.77,,,,,0,1,Budget,4.75-5.0,Small,Available >30 Days
1.16962E+18,Pune,Unknown,18.56224,73.77392,Entire Home,Entire home,16,21,21,21,44437,4.82,4.8,4.77,,,,,0,1,Luxury,4.75-5.0,Large,Available >30 Days
1.17E+18,Pune,Panchavati,18.47521,73.85526,Entire Home,Entire home,2,1.5,2,2,5677,4.82,4.8,4.77,,,,,0,1,Premium,4.75-5.0,Small,Available >30 Days
1.17172E+18,Pune,Parkhe Vasti,18.59131847,73.743986,Entire Home,Entire rental unit,4,2,2,2,2829,4.97,4.9,4.87,4.97,4.97,5,5,30,1,Mid-Range,4.75-5.0,Medium,Available >30 Days
1.36677E+18,Pune,Unknown,18.4368,73.8249,Private Room,Private room in apartment,4,2.5,1,1,1756,4.82,4.8,4.77,,,,,0,1,Budget,4.75-5.0,Medium,Available >30 Days
1.36711E+18,Pune,Unknown,18.5444,73.9471,Private Room,Private room in serviced apartment,2,1,1,1,2591,4.78,4.11,4.67,4.56,4.56,4.78,4.78,9,1,Mid-Range,4.75-5.0,Small,Available >30 Days
1.36867E+18,Pune,Unknown,18.48026994,73.93225167,Private Room,Private room in home,2,1,1,1,1332,4.65,4.65,4.7,4.55,4.6,4.95,4.85,20,1,Budget,4.5-4.75,Small,Available >30 Days
1.49026E+18,Pune,Samarth Colony,18.5585,73.7765,Entire Home,Entire home,16,16,16,16,40520,4.82,4.8,4.77,,,,,0,1,Luxury,4.75-5.0,Large,Available >30 Days
1.49283E+18,Pune,Unknown,18.5568,73.802,Private Room,Private room in rental unit,1,2,1,1,1473,4.82,4.8,4.77,,,,,0,1,Budget,4.75-5.0,Small,Available >30 Days
1.49321E+18,Pune,Unknown,18.5558,73.8036,Private Room,Private room in rental unit,3,1,1,1,1871,4.5,5,5,5,4.5,4.5,5,2,1,Budget,4.0-4.5,Medium,Available >30 Days
1.63489E+18,Pune,Unknown,18.5212,73.957,Serviced Apartment,Entire serviced apartment,4,1,1,1,2754,4.82,4.8,4.77,,,,,0,1,Mid-Range,4.75-5.0,Medium,Available >30 Days
1.63531E+18,Pune,Unknown,18.57566576,73.91494637,Entire Home,Entire rental unit,4,1,1,1,4771,4.82,4.8,4.77,,,,,0,1,Premium,4.75-5.0,Medium,Available >30 Days
1.63542E+18,Pune,Unknown,18.5759,73.9143,Entire Home,Entire rental unit,4,1,1,1,2771,5,5,5,4,4,5,5,1,1,Mid-Range,4.75-5.0,Medium,Available >30 Days
1.63749E+18,Pune,Unknown,18.51388202,73.93011398,Private Room,Private room in rental unit,2,1,1,1,2302,4.82,4.8,4.77,,,,,0,1,Mid-Range,4.75-5.0,Small,Available >30 Days
6.96869E+17,Pune,Unknown,18.6069,73.909,Entire Home,Entire rental unit,5,2,2,2,3274,4.87,4.58,4.71,4.71,4.89,4.82,4.93,45,1,Mid-Range,4.75-5.0,Medium,Available >30 Days
7.35975E+17,Pune,Unknown,18.56388,73.9158,Serviced Apartment,Entire serviced apartment,6,4,3,3,13331,4.82,4.8,4.77,,,,,0,1,Luxury,4.75-5.0,Large,Available >30 Days
1.19681E+18,Pune,Tathawade,18.60811586,73.74551909,Entire Home,Entire rental unit,5,2,2,2,2221,4.56,4.67,4.33,4.22,4.56,4.67,4.89,9,1,Mid-Range,4.5-4.75,Medium,Available >30 Days
1.19704E+18,Pune,Unknown,18.5705,73.9756,Entire Home,Entire rental unit,4,1,1,1,2838,3,2,1,3,3,4,5,1,1,Mid-Range,Below 3,Medium,Available >30 Days
1.44477E+18,Pune,Unknown,18.5452,73.7791,Serviced Apartment,Entire serviced apartment,2,1,1,1,2649,4.93,5,4.73,4.8,4.93,4.93,5,15,1,Mid-Range,4.75-5.0,Small,Available >30 Days
1.44668E+18,Pune,Unknown,18.57,73.9159,Private Room,Private room in guest house,3,1,18,18,1828,4.82,4.8,4.77,,,,,0,1,Budget,4.75-5.0,Medium,Available >30 Days
1.52017E+18,Pune,Unknown,18.5518,73.9508,Entire Home,Entire rental unit,4,2,2,2,4443,4.82,4.8,4.77,,,,,0,1,Premium,4.75-5.0,Medium,Available >30 Days
1.60139E+18,Pune,Balewadi Phata,18.5677,73.7862,Entire Home,Entire rental unit,2,1,1,1,2560,4.57,4.71,4.43,4.57,4.86,5,5,7,1,Mid-Range,4.5-4.75,Small,Available >30 Days
1.60266E+18,Pune,Unknown,18.52112,73.86609,Entire Home,Entire rental unit,2,1,1,1,1521,5,4.5,5,4.75,5,5,5,4,1,Budget,4.75-5.0,Small,Available >30 Days
1.60494E+18,Pune,Unknown,18.5499,73.9332,Entire Home,Entire guest house,3,1,1,1,2420,4.5,3.5,4.5,4.5,4,4.5,4.5,2,1,Mid-Range,4.0-4.5,Medium,Available >30 Days
1.60773E+18,Pune,Unknown,18.5343,73.8986,Entire Home,Entire rental unit,2,1,1,1,3274,5,5,4.75,4.75,4.75,4.75,4.75,4,1,Mid-Range,4.75-5.0,Small,Available >30 Days
1.65229E+18,Pune,Gahunje,18.66360881,73.70791062,Entire Home,Entire rental unit,5,3,2,2,7517,4.82,4.8,4.77,,,,,0,1,Luxury,4.75-5.0,Medium,Available >30 Days
1.65335E+18,Pimpri-Chinchwad,Unknown,18.63522391,73.84056746,Private Room,Private room in home,2,1,1,1,1744,4.82,4.8,4.77,,,,,0,1,Budget,4.75-5.0,Small,Available >30 Days
1.65365E+18,Pune,Unknown,18.56814537,73.78691549,Entire Home,Entire rental unit,2,1,1,1,2880,4.82,4.8,4.77,,,,,0,1,Mid-Range,4.75-5.0,Small,Available >30 Days
1.65444E+18,Medankarwadi,Alandi,18.68108424,73.89403384,Entire Home,Entire villa,2,1,1,1,1373,4.82,4.8,4.77,,,,,0,1,Budget,4.75-5.0,Small,Available >30 Days
9.06299E+17,Pune,Unknown,18.56142,73.77901,Entire Home,Entire rental unit,7,2,2,2,3088,4.63,4.63,4.56,4.47,4.56,4.78,4.69,32,1,Mid-Range,4.5-4.75,Large,Available >30 Days
9.0941E+17,Pune,Mhalunge,18.58321,73.76024,Private Room,Private room in rental unit,1,1,1,1,2378,4.82,4.8,4.77,,,,,0,1,Mid-Range,4.75-5.0,Small,Available >30 Days
9.20079E+17,Pune,Unknown,18.5484,73.7697,Entire Home,Entire apartment,2,1,1,1,2104,4.82,4.8,4.77,,,,,0,1,Mid-Range,4.75-5.0,Small,Available >30 Days
9.22029E+17,Pimpri-Chinchwad,Unknown,18.60837,73.78968,Entire Home,Entire apartment,2,1,1,1,1411,4.8,4.44,4.68,4.68,4.56,4.8,4.76,25,1,Budget,4.75-5.0,Small,Available >30 Days
1.26767E+18,Pimpri-Chinchwad,Blue Ridge Town,18.57773749,73.74153958,Entire Home,Entire rental unit,2,1,1,1,2248,5,5,3,5,5,5,5,1,1,Mid-Range,4.75-5.0,Small,Available >30 Days
1.28125E+18,Pune,Balewadi Phata,18.56562888,73.78656339,Entire Home,Entire rental unit,4,2,2,2,5411,4.83,4.71,4.89,4.71,4.86,4.91,4.97,35,1,Premium,4.75-5.0,Medium,Available >30 Days
1.42744E+18,Pune,Unknown,18.5479,73.9486,Hotel,Room in hotel,1,1,1,1,1520,4.33,4.67,4.21,4.17,4.25,4.71,4.96,24,1,Budget,4.0-4.5,Small,Available >30 Days
1.42976E+18,Pimpri-Chinchwad,Unknown,18.5867,73.7395,Entire Home,Entire rental unit,6,2,2,2,4676,4.61,4.57,4.39,4.39,4.57,4.87,4.74,23,1,Premium,4.5-4.75,Large,Available >30 Days
1.43436E+18,Pimpri-Chinchwad,Unknown,18.63336115,73.78633762,Entire Home,Entire rental unit,3,1,1,1,4131,4.82,4.8,4.77,,,,,0,1,Premium,4.75-5.0,Medium,Available >30 Days
1.5238E+18,Pune,Unknown,18.52243797,73.93893765,Entire Home,Entire rental unit,4,2,2,2,4510,4.82,4.8,4.77,,,,,0,1,Premium,4.75-5.0,Medium,Available >30 Days
1.52601E+18,Pimpri-Chinchwad,Unknown,18.5791,73.7862,Entire Home,Entire apartment,4,2,2,2,3610,4.67,4.67,5,4.83,4.83,5,4.67,6,1,Mid-Range,4.5-4.75,Medium,Available >30 Days
1.6086E+18,Pune,Unknown,18.5756,73.914,Entire Home,Entire apartment,3,1,1,1,3274,4.77,4.85,4.69,4.77,4.77,5,5,13,1,Mid-Range,4.75-5.0,Medium,Available >30 Days
1.60914E+18,Pune,Unknown,18.66311,73.83291,Private Room,Private room in rental unit,2,1,1,1,2865,4.82,4.8,4.77,,,,,0,1,Mid-Range,4.75-5.0,Small,Available >30 Days
1.6098E+18,Pune,Unknown,18.5179,73.9375,Entire Home,Entire apartment,5,2,2,2,4469,4.29,4.29,4,4.14,4.29,4.57,4.29,7,1,Premium,4.0-4.5,Medium,Available >30 Days
1.61013E+18,Pune,Unknown,18.45269805,73.92427382,Hotel,Room in hotel,2,1,1,1,1800,4.82,4.8,4.77,,,,,0,1,Budget,4.75-5.0,Small,Available >30 Days
23971917,Pune,Gahunje,18.6631,73.71061,Entire Home,Entire rental unit,3,1,1,1,2223,4.31,4.68,4.33,4.27,4.27,4.39,4.42,88,1,Mid-Range,4.0-4.5,Medium,Available >30 Days
24005482,Pune,Unknown,18.56895,73.91691,Private Room,Private room in rental unit,2,1,1,1,1520,4.78,4.87,4.65,4.74,4.75,4.86,4.87,112,1,Budget,4.75-5.0,Small,Available >30 Days
8.4827E+17,Pune,Unknown,18.55969,73.77908,Private Room,Private room in bed and breakfast,2,1,1,1,1392,4.4,4.8,4.6,4.6,4,4.8,4.2,5,1,Budget,4.0-4.5,Small,Available >30 Days
8.54357E+17,Pimpri-Chinchwad,Unknown,18.6819,73.8584,Other,Farm stay,6,3,2,2,11724,5,4.75,5,5,5,5,5,4,1,Luxury,4.75-5.0,Large,Available >30 Days
8.55518E+17,Pimpri-Chinchwad,Ravet,18.6517,73.7508,Private Room,Private room in rental unit,2,2,1,1,2338,5,5,5,5,5,5,5,1,1,Mid-Range,4.75-5.0,Small,Available >30 Days
8.59954E+17,Pune,Unknown,18.55277,73.96116,Private Room,Private room in bungalow,16,1,1,1,2127,2,4,2,2,3,2,3,1,1,Mid-Range,Below 3,Large,Available >30 Days
1.15191E+18,Pune,Unknown,18.55159,73.96504,Entire Home,Entire apartment,4,2,2,2,4230,4.82,4.33,4.89,4.57,4.84,4.84,4.87,82,1,Premium,4.75-5.0,Medium,Available >30 Days
1.1551E+18,Pune,Unknown,18.5741,73.9134,Private Room,Private room in apartment,2,1,1,1,2104,4.82,4.8,4.77,,,,,0,1,Mid-Range,4.75-5.0,Small,Available >30 Days
1.15612E+18,Pune,Unknown,18.5891,73.9824,Entire Home,Entire apartment,6,3,3,3,3484,4.79,4.45,4.79,4.71,4.83,4.85,4.84,75,1,Mid-Range,4.75-5.0,Large,Available >30 Days
1.15924E+18,Pimpri-Chinchwad,Unknown,18.5849,73.7323,Hotel,Room in hotel,2,1,33,33,1052,2.5,2,2,2,2,3,2.5,2,1,Budget,Below 3,Small,Available >30 Days
1.16777E+18,Pune,Sakhare Vasti,18.588,73.7395,Private Room,Private room in rental unit,2,1,1,1,1317,4.82,4.8,4.77,,,,,0,1,Budget,4.75-5.0,Small,Available >30 Days
1.42294E+18,Pimpri-Chinchwad,Unknown,18.6464,73.8,Entire Home,Entire rental unit,6,2,3,3,3506,4.56,4.78,4.56,4.67,4.44,4.78,4.78,9,1,Mid-Range,4.5-4.75,Large,Available >30 Days
1.5309E+18,Pimpri-Chinchwad,Blue Ridge Town,18.57866837,73.73575891,Entire Home,Entire rental unit,3,1,1,1,2946,4.84,4.95,4.89,4.89,4.95,4.89,4.95,19,1,Mid-Range,4.75-5.0,Medium,Available >30 Days
1.53196E+18,Pune,Unknown,18.55314153,73.95265813,Entire Home,Entire rental unit,2,1,1,1,3339,4.87,4.7,4.83,4.65,4.91,4.87,4.96,23,1,Mid-Range,4.75-5.0,Small,Available >30 Days
1.5334E+18,Pune,Unknown,18.5114,73.7894,Entire Home,Entire apartment,4,1,1,1,2158,4.75,4.5,4.75,4.5,4.75,4.25,4.75,4,1,Mid-Range,4.5-4.75,Medium,Available >30 Days
1.53768E+18,Pune,Bhugaon,18.49481585,73.74591613,Entire Home,Entire rental unit,4,1,1,1,2782,4.93,4.86,4.97,4.9,4.93,4.97,4.97,29,1,Mid-Range,4.75-5.0,Medium,Available >30 Days
1.61194E+18,Pune,Punawale,18.62767968,73.74191411,Entire Home,Entire rental unit,3,1.5,1,1,3406,4.82,4.8,4.77,,,,,0,1,Mid-Range,4.75-5.0,Medium,Available >30 Days
1.6132E+18,Pune,Gahunje,18.6644,73.7082,Entire Home,Entire apartment,4,1,1,1,3340,4.88,5,4.94,4.94,4.94,4.94,5,17,1,Mid-Range,4.75-5.0,Medium,Available >30 Days
1.61392E+18,Pune,Unknown,18.5833,73.7637,Entire Home,Entire rental unit,2,1,1,1,2245,4.5,4,4.5,4.33,4.83,4.33,4.83,6,1,Mid-Range,4.0-4.5,Small,Available >30 Days
34191824,Pune,Unknown,18.52889,73.93773,Private Room,Private room in home,3,1,1,1,3508,5,5,5,5,5,5,5,5,1,Mid-Range,4.75-5.0,Medium,Available >30 Days
36015891,Pune,Unknown,18.55121,73.77008,Serviced Apartment,Entire serviced apartment,2,1.5,1,1,2338,4.08,4,4.4,4,4.2,4.36,4.36,25,1,Mid-Range,4.0-4.5,Small,Available >30 Days
38249601,Pune,Gahunje,18.66354,73.70711,Entire Home,Entire apartment,4,1,1,1,3742,4.88,4.91,4.79,4.58,4.86,4.86,4.84,43,1,Mid-Range,4.75-5.0,Medium,Available >30 Days
40109918,Pune,Unknown,18.50074,73.87175,Entire Home,Entire guest house,1,1,1,2,1182,4.76,4.73,4.78,4.75,4.69,4.78,4.89,55,1,Budget,4.75-5.0,Small,Available >30 Days
1.2447E+18,Pune,Unknown,18.54395,73.76854,Other,Farm stay,10,5,4,4,17775,4,5,2,4,4,5,5,1,1,Luxury,3.0-4.0,Large,Available >30 Days
1.40053E+18,Pune,Unknown,18.5535,73.8971,Shared Room,Shared room in guest house,1,1,1,1,1102,5,5,5,5,4,5,5,1,1,Budget,4.75-5.0,Small,Available >30 Days
1.40927E+18,Pune,Unknown,18.52276012,73.96472817,Entire Home,Entire rental unit,2,1,1,1,1554,4.64,4.43,4.57,4.64,4.57,4.71,4.93,14,1,Budget,4.5-4.75,Small,Available >30 Days
1.51238E+18,Pune,Unknown,18.5887,73.9091,Entire Home,Entire rental unit,4,1,1,1,1520,5,4.75,5,5,4.75,4.5,5,4,1,Budget,4.75-5.0,Medium,Available >30 Days
1.51242E+18,Pune,Unknown,18.5501,73.9159,Entire Home,Entire apartment,4,1,1,1,2979,4,5,5,4,5,5,5,1,1,Mid-Range,3.0-4.0,Medium,Available >30 Days
1.51446E+18,Pune,Unknown,18.5757,73.9076,Entire Home,Entire rental unit,5,2,3,3,7601,4.82,4.8,4.77,,,,,0,1,Luxury,4.75-5.0,Medium,Available >30 Days
1.51576E+18,Pune,Unknown,18.5759,73.9146,Entire Home,Entire apartment,4,1,1,1,2992,4.69,5,4.62,4.62,5,5,4.85,13,1,Mid-Range,4.5-4.75,Medium,Available >30 Days
1.51606E+18,Pune,Unknown,18.57612968,73.78419021,Entire Home,Entire rental unit,6,3,2,2,3532,4.94,4.75,4.88,4.94,4.88,5,4.88,16,1,Mid-Range,4.75-5.0,Large,Available >30 Days
1.51722E+18,Pune,Unknown,18.57455609,73.91324618,Entire Home,Entire rental unit,4,1,1,1,2676,4.17,5,4.17,4,4.17,4.67,5,6,1,Mid-Range,4.0-4.5,Medium,Available >30 Days
1.5949E+18,Pune,Unknown,18.53934095,73.9003872,Entire Home,Entire rental unit,2,1,1,1,3726,4.56,4.89,4.89,4.67,4.78,4.56,4.78,9,1,Mid-Range,4.5-4.75,Small,Available >30 Days
1.59594E+18,Pune,Unknown,18.5756,73.914,Entire Home,Entire apartment,2,1,1,1,3438,5,4.96,4.96,4.92,4.92,4.96,4.96,26,1,Mid-Range,4.75-5.0,Small,Available >30 Days
1.5972E+18,Pune,Shankar Kalat Nagar,18.62735,73.74414,Entire Home,Entire rental unit,3,1.5,1,1,2280,4.82,4.8,4.77,,,,,0,1,Mid-Range,4.75-5.0,Medium,Available >30 Days
1.6E+18,Pune,Unknown,18.5219,73.8602,Entire Home,Entire rental unit,4,1,1,1,2080,4.82,4.8,4.77,,,,,0,1,Mid-Range,4.75-5.0,Medium,Available >30 Days
26092699,Pune,Gahunje,18.66114,73.70988,Entire Home,Entire rental unit,3,1,1,1,3865,4.87,4.85,4.89,4.71,4.85,4.96,4.93,151,1,Mid-Range,4.75-5.0,Medium,Available >30 Days
27268991,Pune,Unknown,18.53353,73.83717,Private Room,Private room in rental unit,2,2,1,1,1871,4.94,4.92,4.86,4.85,4.88,4.99,5,72,1,Budget,4.75-5.0,Small,Available >30 Days
28378075,Pune,Unknown,18.51091,73.85917,Private Room,Private room in rental unit,3,1,1,1,1146,4.29,3.82,4.41,4.47,4.59,4.59,5,17,1,Budget,4.0-4.5,Medium,Available >30 Days
32618625,Pune,Unknown,18.52131,73.8655,Entire Home,Entire apartment,4,1,1,1,1952,4.36,4.33,4.21,4.35,4.44,4.66,4.73,288,1,Budget,4.0-4.5,Medium,Available >30 Days
8994518,Pune,Unknown,18.5446,73.7864,Entire Home,Entire apartment,3,1.5,1,1,2011,4.96,4.88,4.93,4.9,4.98,4.99,4.98,353,1,Mid-Range,4.75-5.0,Medium,Available >30 Days
1.09835E+18,Pune,Unknown,18.5034,73.8297,Entire Home,Entire home,9,2,3,3,9004,4.8,4.91,4.6,4.69,4.87,4.91,4.96,45,1,Luxury,4.75-5.0,Large,Available >30 Days
1.1008E+18,Pune,Balewadi High Street,18.5694,73.7721,Hotel,Room in hotel,2,1,1,1,2338,4.82,4.8,4.77,,,,,0,1,Mid-Range,4.75-5.0,Small,Available >30 Days
1.10516E+18,Pune,Unknown,18.51489,73.92192,Entire Home,Entire guest house,6,3,3,3,9610,4.82,4.8,4.77,,,,,0,1,Luxury,4.75-5.0,Large,Available >30 Days
1.32904E+18,Pune,Unknown,18.5011,73.7941,Entire Home,Entire bungalow,5,2,2,2,4696,5,5,4.67,4.89,4.89,5,5,9,1,Premium,4.75-5.0,Medium,Available >30 Days
1.33129E+18,Pune,Unknown,18.55281737,73.89708375,Shared Room,Shared room in hostel,1,1,1,1,1190,5,5,5,5,5,5,5,3,1,Budget,4.75-5.0,Small,Available >30 Days
1.33369E+18,Pimpri-Chinchwad,Unknown,18.6416086,73.78624854,Entire Home,Entire rental unit,3,1,1,1,2331,4.92,5,4.58,4.92,4.92,5,5,12,1,Mid-Range,4.75-5.0,Medium,Available >30 Days
1.3346E+18,Pune,Unknown,18.5406,73.8972,Entire Home,Entire rental unit,5,2,2,2,5700,4.34,4.54,4.26,4.24,4.14,4.44,4.34,50,1,Premium,4.0-4.5,Medium,Available >30 Days
1.48165E+18,Pune,Unknown,18.56856837,73.76951763,Entire Home,Entire rental unit,3,1,1,1,2176,4.91,5,4.91,4.91,5,5,5,11,1,Mid-Range,4.75-5.0,Medium,Available >30 Days
1.55341E+18,Pune,Samarth Colony,18.5521,73.776,Entire Home,Entire rental unit,4,2,1,1,2745,5,4.82,5,4.91,5,5,5,11,1,Mid-Range,4.75-5.0,Medium,Available >30 Days
1.5537E+18,Pune,Unknown,18.54516791,73.94529868,Entire Home,Entire apartment,4,2,2,2,4530,5,5,4.5,5,5,5,5,4,1,Premium,4.75-5.0,Medium,Available >30 Days
1.5543E+18,Pimpri-Chinchwad,Marunji,18.61153707,73.73504409,Entire Home,Entire rental unit,3,1,1,1,2268,5,5,5,5,5,5,5,1,1,Mid-Range,4.75-5.0,Medium,Available >30 Days
1.55436E+18,Pirangut,Pirangut,18.51058,73.6975,Entire Home,Entire home,4,1,2,2,15897,5,5,5,5,5,5,5,1,1,Luxury,4.75-5.0,Medium,Available >30 Days
1.61503E+18,Pune,Unknown,18.4486,73.9134,Entire Home,Entire home,16,9,9,9,35550,4.82,4.8,4.77,,,,,0,1,Luxury,4.75-5.0,Large,Available >30 Days
1.61703E+18,Pune,Unknown,18.51552,73.94005,Entire Home,Entire rental unit,6,2,2,2,5717,5,5,5,5,5,5,5,1,1,Premium,4.75-5.0,Large,Available >30 Days
1.61753E+18,Pimpri-Chinchwad,Unknown,18.57771647,73.78559604,Hotel,Room in hotel,2,1,1,1,1182,4.5,3.5,3.75,4,4.5,4.5,4.5,4,1,Budget,4.0-4.5,Small,Available >30 Days
1.61796E+18,Pune,Unknown,18.58328979,73.76209668,Hotel,Room in boutique hotel,2,1,1,1,1599,1,1,1,1,1,1,1,1,1,Budget,Below 3,Small,Available >30 Days
1.61974E+18,Pune,Unknown,18.5758,73.9143,Entire Home,Entire rental unit,2,1,1,1,2530,5,5,4.67,5,5,5,5,3,1,Mid-Range,4.75-5.0,Small,Available >30 Days
5.20416E+17,Pune,Unknown,18.54376,73.93815,Entire Home,Entire apartment,4,2,1,1,1768,3.4,3,4,3.2,3.2,4.2,4.2,5,1,Budget,3.0-4.0,Medium,Available >30 Days
53125413,Pune,Kalyani Nagar,18.54694,73.90332,Private Room,Private room in rental unit,10,4,4,4,7016,4.82,4.8,4.77,,,,,0,1,Luxury,4.75-5.0,Large,Available >30 Days
53245236,Pune,Unknown,18.55174,73.96246,Private Room,Private room in villa,15,1,1,1,2337,4.82,4.8,4.77,,,,,0,1,Mid-Range,4.75-5.0,Large,Available >30 Days
53426204,Pune,Unknown,18.55301,73.96489,Private Room,Private room in villa,16,6.5,5,5,2127,4.82,4.8,4.77,,,,,0,1,Mid-Range,4.75-5.0,Large,Available >30 Days
54217240,Pune,Unknown,18.51935,73.935,Private Room,Private room in serviced apartment,2,1,1,1,2338,5,4,5,5,5,5,5,1,1,Mid-Range,4.75-5.0,Small,Available >30 Days
9.74385E+17,Pune,Unknown,18.4174,73.9623,Entire Home,Entire bungalow,10,4,3,3,11425,4.82,4.8,4.77,,,,,0,1,Luxury,4.75-5.0,Large,Available >30 Days
9.97167E+17,Pune,Chakankar Mala,18.5696,73.7814,Entire Home,Entire rental unit,2,1,1,1,2151,4.87,4.75,4.85,4.85,4.89,4.9,4.9,84,1,Mid-Range,4.75-5.0,Small,Available >30 Days
9.97541E+17,Pune,Unknown,18.556,73.8031,Private Room,Private room in guest house,3,1,1,1,1752,5,5,5,4.33,5,5,5,3,1,Budget,4.75-5.0,Medium,Available >30 Days
9.98514E+17,Pune,Unknown,18.5342,73.8986,Serviced Apartment,Entire serviced apartment,2,1,1,1,2514,4.69,4.63,4.31,4.31,4.5,4.69,4.69,16,1,Mid-Range,4.5-4.75,Small,Available >30 Days
1.00044E+18,Pune,Unknown,18.53413,73.88462,Private Room,Private room in rental unit,2,1,1,1,2338,4.93,4.88,5,4.84,4.91,4.96,4.96,57,1,Mid-Range,4.75-5.0,Small,Available >30 Days
1.01129E+18,Pune,Unknown,18.5288,73.9601,Serviced Apartment,Entire serviced apartment,6,2,2,2,1636,5,5,4.67,5,5,5,5,3,1,Budget,4.75-5.0,Large,Available >30 Days
1.02299E+18,Pune,Unknown,18.582,73.8936,Entire Home,Entire rental unit,4,1,2,2,2233,5,3,5,4,5,4,5,1,1,Mid-Range,4.75-5.0,Medium,Available >30 Days
1.02307E+18,Pune,Unknown,18.5325,73.9383,Serviced Apartment,Entire serviced apartment,6,2,2,2,1636,4.89,4.81,4.74,4.86,4.86,4.93,4.91,57,1,Budget,4.75-5.0,Large,Available >30 Days
1.02309E+18,Pune,Unknown,18.5278,73.9599,Entire Home,Entire rental unit,6,2,2,2,1636,5,4.67,5,5,5,5,5,3,1,Budget,4.75-5.0,Large,Available >30 Days
1.0232E+18,Pune,Bhugaon,18.4998,73.7622,Entire Home,Entire rental unit,6,2,2,2,1636,4.11,4,4.11,4.11,4.11,4.44,4.33,9,1,Budget,4.0-4.5,Large,Available >30 Days
1.02375E+18,Pune,Unknown,18.534,73.8985,Entire Home,Entire apartment,3,1.5,1,1,3928,4.96,4.93,4.97,4.89,4.93,4.96,4.95,168,1,Mid-Range,4.75-5.0,Medium,Available >30 Days
1.03288E+18,Pune,Natraj Society,18.4943,73.82149,Entire Home,Entire apartment,5,2,2,2,4549,4.98,4.88,4.91,4.88,4.88,4.88,4.86,43,1,Premium,4.75-5.0,Medium,Available >30 Days
1.28238E+18,Pune,Unknown,18.4488882,73.90296447,Entire Home,Entire villa,5,2,2,2,6080,5,5,5,5,5,5,5,1,1,Premium,4.75-5.0,Medium,Available >30 Days
1.28508E+18,Yewalewadi,Yewalewadi,18.43682872,73.89560054,Private Room,Private room in home,2,1,1,1,2572,4.82,4.8,4.77,,,,,0,1,Mid-Range,4.75-5.0,Small,Available >30 Days
1.28539E+18,Pune,Unknown,18.5378,73.9001,Entire Home,Entire rental unit,5,2,2,2,3461,4.23,4.64,4,4.15,4.11,4.49,4.38,47,1,Mid-Range,4.0-4.5,Medium,Available >30 Days
1.29557E+18,Pune,Unknown,18.47052082,73.9033095,Private Room,Private room in rental unit,1,1,1,1,1361,4.82,4.8,4.77,,,,,0,1,Budget,4.75-5.0,Small,Available >30 Days
1.46001E+18,Pune,Unknown,18.5418,73.9224,Entire Home,Entire rental unit,2,1,1,1,1997,4.09,4.19,3.97,4.13,4.25,4.31,4.34,32,1,Budget,4.0-4.5,Small,Available >30 Days
1.46021E+18,Pune,Unknown,18.5493,73.916,Entire Home,Entire rental unit,4,2,2,2,4963,4.77,4.54,4.85,4.77,4.69,4.77,4.85,13,1,Premium,4.75-5.0,Medium,Available >30 Days
1.46288E+18,Pune,Unknown,18.53590565,73.89635928,Entire Home,Entire rental unit,3,1,1,1,4630,4.59,4.76,4.35,4.24,4.65,4.76,4.76,17,1,Premium,4.5-4.75,Medium,Available >30 Days
1.54201E+18,Pune,Unknown,18.57738035,73.91291858,Entire Home,Entire guest house,2,1,1,1,2932,4.82,4.8,4.77,,,,,0,1,Mid-Range,4.75-5.0,Small,Available >30 Days
1.54362E+18,Pune,Unknown,18.5464,73.7792,Entire Home,Entire rental unit,2,1,1,1,1964,4.67,4.83,4.5,4.67,4.67,4.33,4.83,6,1,Budget,4.5-4.75,Small,Available >30 Days
1.54704E+18,Pune,Unknown,18.5429,73.9485,Entire Home,Entire rental unit,2,1,1,1,1752,4.75,4.25,4.75,4.75,4.5,4.75,5,4,1,Budget,4.5-4.75,Small,Available >30 Days
1.54777E+18,Pune,Unknown,18.5756,73.914,Entire Home,Entire apartment,3,1,1,1,3000,4.56,4.89,4.78,4.44,4.44,5,4.56,9,1,Mid-Range,4.5-4.75,Medium,Available >30 Days
1.62074E+18,Pune,Balewadi Phata,18.5629,73.7817,Private Room,Private room in guest house,2,1,1,1,1481,4.82,4.8,4.77,,,,,0,1,Budget,4.75-5.0,Small,Available >30 Days
1.62313E+18,Pune,Unknown,18.584,73.7636,Entire Home,Entire rental unit,3,1,1,1,2023,4.8,4.8,5,5,4.8,5,5,5,1,Mid-Range,4.75-5.0,Medium,Available >30 Days
1.62391E+18,Pimpri-Chinchwad,Unknown,18.60320935,73.73595038,Hotel,Room in boutique hotel,2,1,1,1,1007,3,1,1,1,1,1.5,3,2,1,Budget,Below 3,Small,Available >30 Days
1.6252E+18,Pimpri-Chinchwad,Unknown,18.59754823,73.80031685,Entire Home,Entire rental unit,4,1.5,2,2,2039,5,5,5,5,5,5,5,1,1,Mid-Range,4.75-5.0,Medium,Available >30 Days
1.62551E+18,Pune,Unknown,18.5764,73.9119,Entire Home,Entire rental unit,2,1,1,1,2633,5,4.93,4.93,4.8,4.87,4.93,4.93,15,1,Mid-Range,4.75-5.0,Small,Available >30 Days
46648364,Pune,Unknown,18.47062,73.90396,Entire Home,Entire rental unit,2,1,1,1,2133,4,4.5,4,3.5,4.5,5,4.5,2,1,Mid-Range,3.0-4.0,Small,Available >30 Days
46763087,Pune,Unknown,18.53148,73.89594,Entire Home,Entire apartment,4,2,2,2,4999,4.9,4.94,4.88,4.78,4.88,4.9,4.94,67,1,Premium,4.75-5.0,Medium,Available >30 Days
1.24925E+18,Pune,Unknown,18.4639,73.9171,Hotel,Room in hotel,2,1,1,1,4092,1,1,1,1,1,1,1,1,1,Premium,Below 3,Small,Available >30 Days
1.25681E+18,Pune,Chakankar Mala,18.56489431,73.78269317,Private Room,Private room in bed and breakfast,2,2,1,1,1539,4.25,5,4.75,4.5,4.5,4.25,4,4,1,Budget,4.0-4.5,Small,Available >30 Days
1.25917E+18,Pune,Balewadi Phata,18.56496684,73.78459907,Hotel,Room in hotel,2,1,1,1,1551,3.8,4.2,3.8,3.8,3.6,3.8,4,5,1,Budget,3.0-4.0,Small,Available >30 Days
1.2651E+18,Pune,Balewadi Phata,18.56509013,73.78537565,Private Room,Private room in bed and breakfast,2,2,1,1,1640,3,3,4,3,3,5,4,1,1,Budget,Below 3,Small,Available >30 Days
1.26667E+18,Pune,Unknown,18.5939,73.9393,Private Room,Private room in rental unit,2,1,1,1,2187,4.82,4.8,4.77,,,,,0,1,Mid-Range,4.75-5.0,Small,Available >30 Days
1.48306E+18,Pune,Unknown,18.5793,73.8942,Hotel,Room in hotel,2,1,1,1,2115,4.27,4.36,4.5,4.36,4.32,4.41,4.41,22,1,Mid-Range,4.0-4.5,Small,Available >30 Days
1.48306E+18,Pune,Unknown,18.58,73.8946,Hotel,Room in hotel,2,1,1,1,3035,4.21,4.14,4.38,4.21,4.34,4.38,4.52,29,1,Mid-Range,4.0-4.5,Small,Available >30 Days
1.48414E+18,Pune,Unknown,18.49007463,73.93674052,Entire Home,Entire rental unit,6,1.5,2,2,3406,4.82,4.8,4.77,,,,,0,1,Mid-Range,4.75-5.0,Large,Available >30 Days
1.48583E+18,Pune,Unknown,18.57668064,73.91505591,Entire Home,Entire rental unit,3,1,1,1,2759,4.82,4.94,4.71,4.82,4.94,5,4.76,17,1,Mid-Range,4.75-5.0,Medium,Available >30 Days
1.48604E+18,Pune,Unknown,18.59087869,73.91033777,Entire Home,Entire apartment,4,1,1,1,1671,4.63,4.63,4.88,4.63,4.5,4.63,4.88,8,1,Budget,4.5-4.75,Medium,Available >30 Days
1.56931E+18,Pune,Khanapur,18.4082,73.7637,Other,Farm stay,10,3,2,2,11563,4.82,4.8,4.77,,,,,0,1,Luxury,4.75-5.0,Large,Available >30 Days
1.57375E+18,Pune,Unknown,18.54213373,73.92263258,Entire Home,Entire rental unit,2,1,1,1,1868,4.94,4.76,4.94,4.88,4.88,4.88,4.82,17,1,Budget,4.75-5.0,Small,Available >30 Days
1.62865E+18,Pimpri-Chinchwad,Unknown,18.59957174,73.78397474,Entire Home,Entire rental unit,4,2,2,2,3367,4.82,4.8,4.77,,,,,0,1,Mid-Range,4.75-5.0,Medium,Available >30 Days
1.62989E+18,Pune,Unknown,18.5463,73.7793,Entire Home,Entire rental unit,2,1,1,1,2437,5,5,5,5,5,5,5,1,1,Mid-Range,4.75-5.0,Small,Available >30 Days
1.63187E+18,Pune,Unknown,18.54226349,73.9220611,Entire Home,Entire rental unit,2,1,1,1,2009,5,5,5,5,5,5,5,4,1,Mid-Range,4.75-5.0,Small,Available >30 Days
5.78169E+17,Pimpri-Chinchwad,Gahunje,18.66402,73.70779,Entire Home,Entire rental unit,6,2,2,2,9425,4.94,4.89,4.98,4.68,4.96,4.98,4.96,47,1,Luxury,4.75-5.0,Large,Available >30 Days
5812060,Pune,Unknown,18.5118,73.7938,Entire Home,Entire apartment,6,2,2,2,4092,4.45,4.48,4.45,4.34,4.41,4.62,4.62,29,1,Premium,4.0-4.5,Large,Available >30 Days
6.01675E+17,Pune,Unknown,18.56182,73.77592,Entire Home,Entire townhouse,16,11,12,12,23388,4.82,4.8,4.77,,,,,0,1,Luxury,4.75-5.0,Large,Available >30 Days
6.03212E+17,Pune,Unknown,18.5622,73.7736,Entire Home,Entire home,16,17,16,16,35082,4.82,4.8,4.77,,,,,0,1,Luxury,4.75-5.0,Large,Available >30 Days
6.03665E+17,Pune,Shantiniketan Society,18.59558,73.78401,Hotel,Room in hotel,2,1,1,1,2865,3,3,4,3,5,1,3,1,1,Mid-Range,Below 3,Small,Available >30 Days
1.03913E+18,Pune,Unknown,18.55588219,73.7619618,Entire Home,Entire guest suite,9,2,2,2,6080,5,5,3,4,5,5,5,1,1,Premium,4.75-5.0,Large,Available >30 Days
1.04454E+18,Pune,Unknown,18.5838,73.764,Hotel,Room in hotel,2,1,1,1,1461,3.29,3.71,3.29,3.14,3.43,3.29,3.57,7,1,Budget,3.0-4.0,Small,Available >30 Days
1.04973E+18,Pune,Unknown,18.55591,73.94771,Private Room,Private room in rental unit,3,1,1,1,2175,4.89,5,4.95,4.89,4.89,4.84,4.84,19,1,Mid-Range,4.75-5.0,Medium,Available >30 Days
1.05109E+18,Pune,Unknown,18.534,73.8974,Private Room,Private room in guest house,3,1,1,1,2338,5,5,5,5,5,5,5,1,1,Mid-Range,4.75-5.0,Medium,Available >30 Days
1.06664E+18,Pune,Balewadi Phata,18.56402,73.781,Entire Home,Entire bungalow,6,4.5,3,3,7016,4.78,4.89,4.67,4.67,4.78,4.89,4.78,9,1,Luxury,4.75-5.0,Large,Available >30 Days
1.30255E+18,Pune,Unknown,18.5473138,73.77948002,Entire Home,Entire apartment,4,1,1,1,3650,4.79,4.9,4.67,4.53,4.71,4.89,4.93,73,1,Mid-Range,4.75-5.0,Medium,Available >30 Days
1.31099E+18,Pune,Unknown,18.54072623,73.92356662,Entire Home,Entire rental unit,2,1,1,1,2366,4.83,4.17,4.83,4.65,4.87,4.83,4.91,23,1,Mid-Range,4.75-5.0,Small,Available >30 Days
1.47037E+18,Pune,Unknown,18.5834,73.7268,Entire Home,Entire apartment,5,3,3,3,6721,5,5,5,5,5,5,5,2,1,Premium,4.75-5.0,Medium,Available >30 Days
1.47154E+18,Pune,Unknown,18.55988805,73.92018201,Hotel,Room in boutique hotel,2,1,1,1,2376,4.82,4.8,4.77,,,,,0,1,Mid-Range,4.75-5.0,Small,Available >30 Days
1.47247E+18,Pune,Unknown,18.5481,73.7911,Entire Home,Entire rental unit,2,1,1,1,2163,4.48,4.76,4.28,4.44,4.52,4.6,4.6,25,1,Mid-Range,4.0-4.5,Small,Available >30 Days
1.5551E+18,Pune,Unknown,18.54092,73.89765,Entire Home,Entire rental unit,2,1,1,1,2610,5,5,5,5,5,5,5,3,1,Mid-Range,4.75-5.0,Small,Available >30 Days
1.55708E+18,Pune,Unknown,18.5403842,73.89649335,Entire Home,Entire rental unit,3,1,1,1,1964,4.38,4.38,4.31,4.31,4.38,4.38,4.54,13,1,Budget,4.0-4.5,Medium,Available >30 Days
1.62596E+18,Pune,Unknown,18.56199421,73.91866756,Hotel,Room in boutique hotel,3,1,1,1,2353,4.82,4.8,4.77,,,,,0,1,Mid-Range,4.75-5.0,Medium,Available >30 Days
1.62638E+18,Pune,Unknown,18.56681527,73.95738678,Hotel,Room in boutique hotel,2,1,1,1,1364,1,4,1,1,1,3,1,1,1,Budget,Below 3,Small,Available >30 Days
1.6285E+18,Pune,Unknown,18.5147,73.8719,Entire Home,Entire home,10,2,3,3,17543,4.82,4.8,4.77,,,,,0,1,Luxury,4.75-5.0,Large,Available >30 Days
47779619,Bhagatwadi,Vaswewadi,18.36432,73.72644,Private Room,Private room in cottage,4,1,1,1,2338,5,4.89,5,5,5,5,5,9,1,Mid-Range,4.75-5.0,Medium,Available >30 Days
48073710,Pune,Hinjawadi Phase 2,18.5916,73.70722,Private Room,Private room in apartment,2,1.5,1,1,2280,3,3,2.5,2.5,2.5,3,3,2,1,Mid-Range,Below 3,Small,Available >30 Days
49020145,Pune,Samarth Colony,18.5528,73.7754,Entire Home,Entire apartment,8,3.5,3,3,7870,4.81,4.71,4.7,4.7,4.71,4.81,4.87,69,1,Luxury,4.75-5.0,Large,Available >30 Days
50221415,Pune,Unknown,18.53201,73.88115,Entire Home,Entire guest suite,2,1,1,1,2397,4.83,4.91,4.83,4.85,4.86,4.95,4.99,86,0,Mid-Range,4.75-5.0,Small,Available ≤30 Days
515547,Pune,Unknown,18.542,73.8904,Entire Home,Entire rental unit,2,1,1,1,3017,4.77,4.64,4.69,4.71,4.74,4.84,4.86,176,1,Mid-Range,4.75-5.0,Small,Available >30 Days
51610864,Pune,Unknown,18.54275,73.93902,Private Room,Private room in bed and breakfast,3,1,1,1,4032,4.82,4.8,4.77,,,,,0,1,Premium,4.75-5.0,Medium,Available >30 Days
1.07003E+18,Pune,Unknown,18.4782,73.9147,Hotel,Room in hotel,2,1,1,1,2000,4.82,4.8,4.77,,,,,0,1,Budget,4.75-5.0,Small,Available >30 Days
1.07005E+18,Pimpri-Chinchwad,Unknown,18.6011,73.7841,Private Room,Private room in rental unit,1,1,1,1,1133,4.9,4.8,4.7,4.9,4.8,4.8,4.9,10,1,Budget,4.75-5.0,Small,Available >30 Days
1.31446E+18,Pune,Unknown,18.5375,73.8989,Entire Home,Entire rental unit,4,1,1,1,4060,4.91,4.98,4.89,4.93,4.87,4.85,4.96,46,1,Premium,4.75-5.0,Medium,Available >30 Days
1.3177E+18,Pimpri-Chinchwad,Unknown,18.60012626,73.78852229,Entire Home,Entire rental unit,4,2,2,2,3502,5,5,5,4.5,4.5,5,5,2,1,Mid-Range,4.75-5.0,Medium,Available >30 Days
1.31964E+18,Pune,Unknown,18.64257556,73.7849932,Entire Home,Entire rental unit,3,2,1,1,2602,4.82,4.8,4.77,,,,,0,1,Mid-Range,4.75-5.0,Medium,Available >30 Days
1.32247E+18,Pimpri-Chinchwad,Unknown,18.5804,73.7869,Private Room,Private room in home,2,1,1,1,3302,4.82,4.8,4.77,,,,,0,1,Mid-Range,4.75-5.0,Small,Available >30 Days
1.32325E+18,Pune,Gorhe,18.38333,73.77432,Entire Home,Entire guest house,10,4,4,4,7293,4.82,4.8,4.77,,,,,0,1,Luxury,4.75-5.0,Large,Available >30 Days
1.44756E+18,Pune,Balewadi High Street,18.56987995,73.77010693,Hotel,Room in hotel,2,1,1,1,2923,4.33,4.44,4.56,4.44,4.22,4.56,4.44,9,1,Mid-Range,4.0-4.5,Small,Available >30 Days
1.44832E+18,Pune,Unknown,18.5671,73.8763,Entire Home,Entire rental unit,4,2,2,2,2828,4.9,4.4,4.88,4.9,4.9,4.88,4.88,48,1,Mid-Range,4.75-5.0,Medium,Available >30 Days
1.45477E+18,Pune,Unknown,18.5568,73.8048,Private Room,Private room in rental unit,3,1,1,1,1786,4,5,5,4,5,4,5,1,1,Budget,3.0-4.0,Medium,Available >30 Days
1.5774E+18,Pune,Mhalunge,18.57713868,73.75433115,Private Room,Private room in rental unit,2,1.5,1,1,3065,4.82,4.8,4.77,,,,,0,1,Mid-Range,4.75-5.0,Small,Available >30 Days
1.57964E+18,Pune,Unknown,18.57314836,73.91838719,Entire Home,Entire rental unit,4,1,1,1,2649,4.71,4.57,4.43,4.71,4.71,4.86,4.86,7,1,Mid-Range,4.5-4.75,Medium,Available >30 Days
1.58018E+18,Pimpri-Chinchwad,Unknown,18.58418,73.72588,Entire Home,Entire rental unit,4,2,2,2,4275,4.82,4.8,4.77,,,,,0,1,Premium,4.75-5.0,Medium,Available >30 Days
1.63826E+18,Pune,Gahunje,18.66102265,73.70895005,Entire Home,Entire rental unit,4,1,1,1,3215,5,5,5,5,5,5,5,2,1,Mid-Range,4.75-5.0,Medium,Available >30 Days
1.63973E+18,Pune,Unknown,18.5745,73.91292,Entire Home,Entire rental unit,2,1,1,1,3130,5,5,5,5,5,5,5,1,1,Mid-Range,4.75-5.0,Small,Available >30 Days
1.64051E+18,Pune,Unknown,18.5044515,73.91803554,Shared Room,Shared room in cabin,4,1,1,1,1049,4.82,4.8,4.77,,,,,0,1,Budget,4.75-5.0,Medium,Available >30 Days
1.64214E+18,Pune,Unknown,18.5463,73.78051,Entire Home,Entire rental unit,2,1,1,1,2488,5,5,5,4.5,4.5,5,5,2,1,Mid-Range,4.75-5.0,Small,Available >30 Days
7.57542E+17,Pune,Unknown,18.5114,73.8704,Entire Home,Entire rental unit,3,1,1,1,3541,4.91,4.59,4.88,4.79,4.87,4.95,4.97,123,1,Mid-Range,4.75-5.0,Medium,Available >30 Days
7.68149E+17,Pune,Unknown,18.5818,73.8963,Entire Home,Entire apartment,2,1,1,1,2240,4.85,4.56,4.7,4.78,4.78,4.85,4.78,27,1,Mid-Range,4.75-5.0,Small,Available >30 Days
7.70904E+17,Pune,Gahunje,18.6641,73.7078,Entire Home,Entire apartment,4,1,1,1,5090,5,4.97,4.97,4.85,4.97,4.96,4.97,73,1,Premium,4.75-5.0,Medium,Available >30 Days
7.88386E+17,Pune,Unknown,18.5503,73.9436,Private Room,Private room in bed and breakfast,3,1,1,1,2743,5,5,5,4,3,5,5,1,1,Mid-Range,4.75-5.0,Medium,Available >30 Days
7.8839E+17,Pune,Unknown,18.5499,73.9432,Private Room,Private room in bed and breakfast,2,1,1,1,2465,4.82,4.8,4.77,,,,,0,1,Mid-Range,4.75-5.0,Small,Available >30 Days
7.93079E+17,Pune,Unknown,18.50615,73.81421,Entire Home,Entire rental unit,4,1.5,1,1,2537,4.88,4.96,4.67,4.88,4.79,4.85,4.88,48,1,Mid-Range,4.75-5.0,Medium,Available >30 Days
1.21436E+18,Pune,Unknown,18.5452,73.7788,Entire Home,Entire rental unit,2,1,1,1,2708,4.64,4.64,4.75,4.64,4.64,4.86,4.89,28,1,Mid-Range,4.5-4.75,Small,Available >30 Days
1.21504E+18,Pune,Unknown,18.56659,73.91555,Entire Home,Entire rental unit,6,3,3,3,11692,4.82,4.8,4.77,,,,,0,1,Luxury,4.75-5.0,Large,Available >30 Days
1.22735E+18,Pune,Prosperity Society,18.4872,73.8246,Entire Home,Entire rental unit,3,2,1,1,4451,5,5,5,5,5,5,5,2,1,Premium,4.75-5.0,Medium,Available >30 Days
1.35258E+18,Pune,Unknown,18.57854819,73.76942937,Entire Home,Entire bungalow,8,3,3,3,6252,4.56,4.5,4.78,4.5,4.61,4.67,4.61,18,1,Premium,4.5-4.75,Large,Available >30 Days
1.35483E+18,Pune,Gahunje,18.66257754,73.70851361,Entire Home,Entire rental unit,7,3,2,2,6431,4.82,4.8,4.77,,,,,0,1,Premium,4.75-5.0,Large,Available >30 Days
1.35633E+18,Phursungi,Unknown,18.4815,73.9573,Entire Home,Entire rental unit,8,2,3,3,7811,4.82,4.8,4.77,,,,,0,1,Luxury,4.75-5.0,Large,Available >30 Days
1.35663E+18,Khanapur,Khanapur,18.4022,73.738,Private Room,Private room in resort,2,1,1,1,2923,4.82,4.8,4.77,,,,,0,1,Mid-Range,4.75-5.0,Small,Available >30 Days
1.35709E+18,Kamble Wada,Alandi,18.6729,73.8999,Entire Home,Entire home,8,4,4,4,8302,5,5,5,5,5,5,5,1,1,Luxury,4.75-5.0,Large,Available >30 Days
1.50015E+18,Pune,Unknown,18.54527025,73.77946432,Entire Home,Entire rental unit,2,1,1,1,3037,4.82,4.65,4.76,4.71,4.76,4.88,4.88,17,1,Mid-Range,4.75-5.0,Small,Available >30 Days
1.50208E+18,Pune,Unknown,18.548,73.9479,Hotel,Room in hotel,2,1,1,1,2875,4,3,4,4,5,4,5,1,1,Mid-Range,3.0-4.0,Small,Available >30 Days
1.50237E+18,Pune,Unknown,18.57444367,73.91303863,Entire Home,Entire rental unit,4,1,1,1,2841,4.97,4.94,4.84,4.94,4.94,4.94,4.9,31,1,Mid-Range,4.75-5.0,Medium,Available >30 Days
1.58463E+18,Pune,Unknown,18.57765,73.96931,Hotel,Room in hotel,3,1,1,1,1960,4.82,4.8,4.77,,,,,0,1,Budget,4.75-5.0,Medium,Available >30 Days
1.58463E+18,Pune,Unknown,18.57742943,73.96750711,Hotel,Room in hotel,3,1,1,1,1540,4.82,4.8,4.77,,,,,0,1,Budget,4.75-5.0,Medium,Available >30 Days
1.58522E+18,Pune,Unknown,18.5527,73.8017,Entire Home,Entire apartment,5,2,2,2,8372,5,4.86,4.71,4.71,5,5,5,7,1,Luxury,4.75-5.0,Medium,Available >30 Days
1.58539E+18,Pune,Unknown,18.4650338,73.91734984,Entire Home,Entire rental unit,4,1,1,1,4917,4.82,4.8,4.77,,,,,0,1,Premium,4.75-5.0,Medium,Available >30 Days
1.58746E+18,Pune,Gahunje,18.6622,73.7081,Entire Home,Entire rental unit,4,2,2,2,3747,4.82,4.8,4.77,,,,,0,1,Mid-Range,4.75-5.0,Medium,Available >30 Days
1.64483E+18,Pune,Gahunje,18.6745,73.7065,Entire Home,Entire rental unit,4,1,1,1,4153,4.82,4.8,4.77,,,,,0,1,Premium,4.75-5.0,Medium,Available >30 Days
1.64489E+18,Pune,Balewadi Phata,18.5676,73.7864,Entire Home,Entire rental unit,2,1,1,1,2700,4.82,4.8,4.77,,,,,0,1,Mid-Range,4.75-5.0,Small,Available >30 Days
6.16211E+17,Pune,Unknown,18.54815,73.81804,Entire Home,Entire guest suite,2,1.5,1,1,2713,4.94,4.85,4.9,4.84,4.92,4.96,4.94,232,1,Mid-Range,4.75-5.0,Small,Available >30 Days
6.40206E+17,Pune,Shivneri Park,18.56741,73.77866,Hotel,Room in boutique hotel,16,8,8,8,20000,4.82,4.8,4.77,,,,,0,1,Luxury,4.75-5.0,Large,Available >30 Days
6.6055E+17,Pune,Unknown,18.5093,73.92468,Serviced Apartment,Entire serviced apartment,6,2,2,2,7000,4.6,4.8,4,3.6,4,4.6,4.4,5,1,Premium,4.5-4.75,Large,Available >30 Days
1.12931E+18,Pune,Tathawade,18.6249,73.75886,Entire Home,Entire rental unit,2,2,2,2,3052,4.82,4.8,4.77,,,,,0,1,Mid-Range,4.75-5.0,Small,Available >30 Days
1.13146E+18,Dattwadi,Tathawade,18.61097,73.74388,Entire Home,Entire rental unit,3,1,1,1,2040,4.5,5,5,5,5,5,5,2,1,Mid-Range,4.0-4.5,Medium,Available >30 Days
1.38812E+18,Pune,Unknown,18.5402,73.8979,Entire Home,Entire rental unit,6,2,2,2,6119,4.57,4.7,4.65,4.57,4.52,4.48,4.65,23,1,Premium,4.5-4.75,Large,Available >30 Days
1.391E+18,Pune,Unknown,18.55484642,73.8773154,Private Room,Private room in rental unit,1,1,1,1,1206,4.82,4.8,4.77,,,,,0,1,Budget,4.75-5.0,Small,Available >30 Days
1.39253E+18,Pune,Bhugaon,18.50298341,73.7569372,Entire Home,Entire bungalow,16,3,3,3,15085,4.63,4.5,4.5,4.5,4.75,4.75,4.63,8,1,Luxury,4.5-4.75,Large,Available >30 Days
1.51092E+18,Pune,Unknown,18.59481,73.93964,Hotel,Room in boutique hotel,2,1,1,1,1633,4.82,4.8,4.77,,,,,0,1,Budget,4.75-5.0,Small,Available >30 Days
1.51092E+18,Pimpri-Chinchwad,Unknown,18.60091423,73.73721059,Hotel,Room in boutique hotel,2,1,1,1,1068,4.82,4.8,4.77,,,,,0,1,Budget,4.75-5.0,Small,Available >30 Days
1.58847E+18,Pune,Samarth Colony,18.55947,73.77644,Hotel,Room in hotel,2,1,1,1,2133,4.82,4.8,4.77,,,,,0,1,Mid-Range,4.75-5.0,Small,Available >30 Days
1.58974E+18,Pune,Unknown,18.53126,73.91361,Entire Home,Entire rental unit,2,1,1,1,2050,4.5,4,4.5,4.5,4.5,4.25,4.75,4,1,Mid-Range,4.0-4.5,Small,Available >30 Days
1.58992E+18,Pune,Unknown,18.53229918,73.91396752,Entire Home,Entire rental unit,2,1,1,1,1500,4,4,4,4,4,4,4,1,1,Budget,3.0-4.0,Small,Available >30 Days
1.59147E+18,Pune,Unknown,18.47638,73.89779,Entire Home,Entire apartment,3,2,1,1,3349,4.89,4.78,5,4.78,4.89,4.89,5,9,1,Mid-Range,4.75-5.0,Medium,Available >30 Days
1.59355E+18,Pune,Unknown,18.54320053,73.78335551,Entire Home,Entire rental unit,4,1,1,1,3472,4.86,5,5,5,4.86,4.86,5,7,1,Mid-Range,4.75-5.0,Medium,Available >30 Days
1.5936E+18,Pune,Samarth Colony,18.5582,73.7741,Entire Home,Entire rental unit,4,2,2,2,5341,4.67,4.67,4.67,4.67,5,5,5,3,1,Premium,4.5-4.75,Medium,Available >30 Days
1.64787E+18,Pune,Unknown,18.5759,73.9143,Entire Home,Entire rental unit,3,1,1,1,3062,4.82,4.8,4.77,,,,,0,1,Mid-Range,4.75-5.0,Medium,Available >30 Days
1.64853E+18,Pimpri-Chinchwad,Marunji,18.61063862,73.73679494,Entire Home,Entire rental unit,2,1,1,1,1907,4.82,4.8,4.77,,,,,0,1,Budget,4.75-5.0,Small,Available >30 Days
1.64936E+18,Pune,Unknown,18.5686,73.9084,Serviced Apartment,Entire serviced apartment,6,2,2,2,4100,4.82,4.8,4.77,,,,,0,1,Premium,4.75-5.0,Large,Available >30 Days
1.65045E+18,Pune,Gahunje,18.67118841,73.70443932,Entire Home,Entire apartment,3,1,1,1,3328,4.82,4.8,4.77,,,,,0,1,Mid-Range,4.75-5.0,Medium,Available >30 Days
8.13409E+17,Pune,Samarth Colony,18.55983,73.7798,Entire Home,Entire rental unit,3,2,1,1,2695,4.6,4.4,4.6,4.6,4.6,4.6,4.8,5,1,Mid-Range,4.5-4.75,Medium,Available >30 Days
8.23536E+17,Pimpri-Chinchwad,Tathawade,18.61417,73.75291,Entire Home,Entire guest house,3,1,1,1,1791,4.6,4.5,4.3,4.1,4.9,4.8,4.7,10,1,Budget,4.5-4.75,Medium,Available >30 Days
8.25095E+17,Pune,Balewadi High Street,18.5758,73.7746,Private Room,Private room in apartment,2,1.5,1,1,3000,4.6,4.5,4.7,4.3,4.7,4.8,4.7,10,1,Mid-Range,4.5-4.75,Small,Available >30 Days
8.27371E+17,Pune,Balewadi High Street,18.5767,73.7747,Entire Home,Entire apartment,4,2,2,2,3970,4.8,4.9,4.9,4.7,4.8,4.9,4.9,10,1,Mid-Range,4.75-5.0,Medium,Available >30 Days
8.29374E+17,Pune,Unknown,18.57442,73.90809,Private Room,Private room in rental unit,16,4,4,4,2759,4.91,5,5,4.91,4.91,4.73,5,11,1,Mid-Range,4.75-5.0,Large,Available >30 Days
1.16887E+18,Pune,Unknown,18.5213,73.9253,Entire Home,Entire rental unit,4,2,2,2,5928,4.33,4.56,4.11,4.11,4.78,4.67,4.56,9,1,Premium,4.0-4.5,Medium,Available >30 Days
1.18968E+18,Pune,Unknown,18.56241346,73.91337015,Private Room,Private room in bed and breakfast,2,1,1,1,2221,4.82,4.8,4.77,,,,,0,1,Mid-Range,4.75-5.0,Small,Available >30 Days
1.19013E+18,Dattwadi,Tathawade,18.61365,73.74367,Private Room,Private room in rental unit,2,1,1,1,1934,4.82,4.8,4.77,,,,,0,1,Budget,4.75-5.0,Small,Available >30 Days
1.37235E+18,Pune,Balewadi High Street,18.56987263,73.77626808,Entire Home,Entire rental unit,6,2,2,2,4260,3.43,3.86,3.14,3.43,3.29,3.57,3.43,7,1,Premium,3.0-4.0,Large,Available >30 Days
13754348,Pune,Unknown,18.53431,73.89571,Entire Home,Entire rental unit,6,2,3,3,10349,4.45,4.83,4.34,4.38,4.28,4.76,4.79,29,1,Luxury,4.0-4.5,Large,Available >30 Days
1.49177E+18,Pune,Balewadi High Street,18.5683,73.7711,Entire Home,Entire home,10,4,4,4,12000,4.82,4.8,4.77,,,,,0,1,Luxury,4.75-5.0,Large,Available >30 Days
1.49485E+18,Pune,Unknown,18.5757,73.9142,Entire Home,Entire apartment,4,1,1,1,2499,4.86,4.71,4.64,4.71,4.79,4.86,4.93,14,1,Mid-Range,4.75-5.0,Medium,Available >30 Days
1.49631E+18,Pune,Unknown,18.57593821,73.91409775,Entire Home,Entire rental unit,3,1,1,1,2804,4.75,4.75,5,4.75,5,5,4.75,4,1,Mid-Range,4.5-4.75,Medium,Available >30 Days
1.56239E+18,Loni Kalbhor,Unknown,18.4694,74.0044,Other,Farm stay,4,2,2,2,4490,4.67,4.33,5,4.67,4.67,4.67,5,3,1,Premium,4.5-4.75,Medium,Available >30 Days
1.6355E+18,Pimpri-Chinchwad,Gahunje,18.6682908,73.7044234,Entire Home,Entire rental unit,6,2,2,2,7112,5,5,5,5,5,5,5,1,1,Luxury,4.75-5.0,Large,Available >30 Days
1.63745E+18,Pune,Unknown,18.51423378,73.92881097,Entire Home,Entire rental unit,4,2,2,2,2878,4.82,4.8,4.77,,,,,0,1,Mid-Range,4.75-5.0,Medium,Available >30 Days
7.14994E+17,Pimpri-Chinchwad,Gahunje,18.66141,73.70917,Entire Home,Entire rental unit,4,1,1,1,3033,4.8,4.87,4.84,4.71,4.87,4.89,4.87,75,1,Mid-Range,4.75-5.0,Medium,Available >30 Days
7.35818E+17,Pune,Unknown,18.5769,73.9996,Hotel,Room in hotel,3,1,1,1,1754,4,3.6,3.87,4.13,4.53,4.47,4.53,15,1,Budget,3.0-4.0,Medium,Available >30 Days
7.55047E+17,Pune,Balewadi High Street,18.5715,73.77167,Entire Home,Entire rental unit,5,2,2,2,4747,4.89,4.89,4.72,4.82,4.88,4.93,4.98,90,1,Premium,4.75-5.0,Medium,Available >30 Days
1.20375E+18,Pune,Unknown,18.51946964,73.92582192,Entire Home,Entire rental unit,6,3,3,3,7016,4.82,4.8,4.77,,,,,0,1,Luxury,4.75-5.0,Large,Available >30 Days
1.20998E+18,Pune,Chakankar Mala,18.5675,73.7805,Entire Home,Entire rental unit,9,3,3,3,7835,4.91,4.78,4.86,4.77,4.86,4.92,4.89,65,1,Luxury,4.75-5.0,Large,Available >30 Days
1.44024E+18,Pimpri-Chinchwad,Unknown,18.64376,73.78497,Entire Home,Entire rental unit,3,2,1,1,2382,4.67,4.67,4.67,5,4.67,5,4.67,3,1,Mid-Range,4.5-4.75,Medium,Available >30 Days
1.51876E+18,Pune,Unknown,18.5325,73.8751,Private Room,Private room in serviced apartment,2,1,1,1,2880,4,4,4.5,4,4.5,4,4,2,1,Mid-Range,3.0-4.0,Small,Available >30 Days
1.60263E+18,Pune,Unknown,18.5764,73.9013,Entire Home,Entire rental unit,2,1,1,1,2927,4.93,5,4.87,4.93,4.93,5,5,15,1,Mid-Range,4.75-5.0,Small,Available >30 Days
1.60347E+18,Pune,Unknown,18.5138,73.8401,Entire Home,Entire apartment,3,1,1,1,3819,4.27,4.64,4.55,4.18,4.45,4.91,4.45,11,1,Mid-Range,4.0-4.5,Medium,Available >30 Days
1.65341E+18,Pune,Unknown,18.54876288,73.77331262,Entire Home,Entire villa,2,1,1,1,1661,4.82,4.8,4.77,,,,,0,1,Budget,4.75-5.0,Small,Available >30 Days
1.65423E+18,Pune,Manter Wadi,18.4561,73.9349,Entire Home,Entire rental unit,4,1,1,1,2649,4.82,4.8,4.77,,,,,0,1,Mid-Range,4.75-5.0,Medium,Available >30 Days
9.10763E+17,Pune,Shivneri Park,18.56484,73.78014,Entire Home,Entire rental unit,4,2,2,2,3760,4.67,4.67,4.67,4.67,5,5,5,3,1,Mid-Range,4.5-4.75,Medium,Available >30 Days
1.2714E+18,Pune,Gahunje,18.6647,73.7076,Entire Home,Entire rental unit,4,1,1,1,3274,4.81,4.81,5,4.88,4.88,4.81,4.94,16,1,Mid-Range,4.75-5.0,Medium,Available >30 Days
1.2751E+18,Pune,Unknown,18.55025628,73.945173,Hotel,Room in hotel,2,2,1,1,1412,5,4,4,5,5,5,5,1,1,Budget,4.75-5.0,Small,Available >30 Days
1.27739E+18,Pimpri-Chinchwad,Unknown,18.60025341,73.78504716,Entire Home,Entire rental unit,4,2,2,2,2859,4.82,4.8,4.77,,,,,0,1,Mid-Range,4.75-5.0,Medium,Available >30 Days
1.27833E+18,Pune,Unknown,18.54535226,73.77802428,Entire Home,Entire apartment,4,1,1,1,2944,4.84,4.84,4.77,4.71,4.77,4.87,4.81,31,1,Mid-Range,4.75-5.0,Medium,Available >30 Days
1.4231E+18,Pune,Unknown,18.46318,73.90447,Private Room,Private room in rental unit,2,2,2,2,2572,4.53,4.73,4.4,4.33,4.4,4.73,4.8,15,1,Mid-Range,4.5-4.75,Small,Available >30 Days
1.42806E+18,Pune,Unknown,18.5783895,73.77020213,Entire Home,Entire rental unit,6,2,2,2,4931,4.65,4.55,4.5,4.5,4.65,4.5,4.65,20,1,Premium,4.5-4.75,Large,Available >30 Days
1.43198E+18,Pune,Unknown,18.5692,73.9058,Entire Home,Entire apartment,4,1,1,1,2210,4.33,4.06,4.17,4.17,4.22,4.39,4.5,18,1,Mid-Range,4.0-4.5,Medium,Available >30 Days
1.52461E+18,Pimpri-Chinchwad,Unknown,18.6018,73.7294,Private Room,Private room in home,2,0,5,5,2808,4.82,4.8,4.77,,,,,0,1,Mid-Range,4.75-5.0,Small,Available >30 Days
1.52549E+18,Pune,Unknown,18.513,73.9061,Shared Room,Shared room,2,1,1,1,1064,5,5,4.88,5,5,5,5,8,1,Budget,4.75-5.0,Small,Available >30 Days
1.52814E+18,Pune,Unknown,18.4619,73.9165,Serviced Apartment,Entire serviced apartment,6,2,2,2,3918,4.5,4.7,4.8,4.5,4.5,4.6,4.6,10,1,Mid-Range,4.0-4.5,Large,Available >30 Days
1.60997E+18,Pune,Unknown,18.5681,73.9096,Entire Home,Entire rental unit,4,1,1,1,2186,3.5,4.5,3.5,3.5,3.5,4.5,3.5,2,1,Mid-Range,3.0-4.0,Medium,Available >30 Days
17520733,Pune,Unknown,18.57031,73.91068,Private Room,Private room in rental unit,2,1,1,1,1871,4.84,4.82,4.74,4.8,4.84,4.92,4.92,262,1,Budget,4.75-5.0,Small,Available >30 Days
22999932,Pune,Unknown,18.51255,73.79198,Private Room,Private room in rental unit,3,1,1,1,1754,4.5,5,4.75,4.75,4.75,5,4.75,4,1,Budget,4.0-4.5,Medium,Available >30 Days
8.48067E+17,Pune,Unknown,18.55279,73.96298,Private Room,Private room in home,16,6,6,6,1519,4.82,4.8,4.77,,,,,0,1,Budget,4.75-5.0,Large,Available >30 Days
8.51708E+17,Pune,Unknown,18.55272,73.96151,Private Room,Private room in townhouse,16,1,1,1,1647,4.82,4.8,4.77,,,,,0,1,Budget,4.75-5.0,Large,Available >30 Days
8.54824E+17,Phursungi,Unknown,18.4584,73.9207,Entire Home,Entire apartment,2,1,1,1,3575,4.53,4.53,4.6,4.53,4.53,4.53,4.6,15,1,Mid-Range,4.5-4.75,Small,Available >30 Days
8.62782E+17,Marunji,Tathawade,18.60896,73.74519,Entire Home,Entire rental unit,3,1,1,1,2327,4.25,4.25,4.75,4,4.25,4.88,4.88,8,1,Mid-Range,4.0-4.5,Medium,Available >30 Days
8.65635E+17,Pune,Unknown,18.56767,73.92602,Private Room,Private room in rental unit,1,1,1,1,3406,4.82,4.8,4.77,,,,,0,1,Mid-Range,4.75-5.0,Small,Available >30 Days
1.15296E+18,Pune,Balewadi Phata,18.56526,73.78302,Private Room,Private room in villa,2,1,1,1,2220,4.82,4.81,4.77,4.7,4.86,4.95,4.93,57,1,Mid-Range,4.75-5.0,Small,Available >30 Days
1.1578E+18,Pune,Mavale vasti,18.4852,73.8158,Entire Home,Entire rental unit,3,1,1,1,4151,4.94,4.85,4.85,4.64,4.81,4.94,4.91,67,1,Premium,4.75-5.0,Medium,Available >30 Days
1.16285E+18,Pune,Gahunje,18.6716,73.7053,Entire Home,Entire rental unit,6,2,2,2,6500,4.8,5,4.8,4.8,4.9,5,4.8,10,1,Premium,4.75-5.0,Large,Available >30 Days
1.4115E+18,Pune,Gahunje,18.66087663,73.70858869,Entire Home,Entire rental unit,4,1,1,1,3138,5,5,5,5,5,5,5,1,1,Mid-Range,4.75-5.0,Medium,Available >30 Days
1.41783E+18,Pune,Unknown,18.53728112,73.93731045,Private Room,Private room in rental unit,8,2,2,2,3976,4.82,4.8,4.77,,,,,0,1,Mid-Range,4.75-5.0,Large,Available >30 Days
1.42038E+18,Pune,Unknown,18.5219,73.9665,Entire Home,Entire rental unit,3,0,1,1,1904,3,3,3,3,3,4,4,1,1,Budget,Below 3,Medium,Available >30 Days
1.53245E+18,Pune,Unknown,18.44308892,73.91854107,Entire Home,Entire home,4,1,1,1,2882,4.43,4.29,4.14,4.43,4.29,4.71,4.71,7,1,Mid-Range,4.0-4.5,Medium,Available >30 Days
1.53324E+18,Pune,Unknown,18.5772,73.9843,Private Room,Private room in rental unit,2,1,1,1,1067,5,5,5,5,5,5,5,1,1,Budget,4.75-5.0,Small,Available >30 Days
1.53328E+18,Pune,Unknown,18.49925517,73.78605333,Entire Home,Entire home,14,3.5,3,3,24908,4.82,4.8,4.77,,,,,0,1,Luxury,4.75-5.0,Large,Available >30 Days
36859045,Pune,Unknown,18.56375,73.77658,Private Room,Private room in serviced apartment,2,1,1,1,1869,4,4.5,4.1,3.7,4.4,4.8,4.2,10,1,Budget,3.0-4.0,Small,Available >30 Days
36951919,Pimpri-Chinchwad,Blue Ridge Town,18.5784,73.74,Entire Home,Entire home,4,2,2,2,3127,4.55,4.84,4.45,4.45,4.58,4.74,4.58,38,1,Mid-Range,4.5-4.75,Medium,Available >30 Days
37921268,Pune,Dasar,18.57475,73.77946,Private Room,Private room in rental unit,2,1.5,1,1,2239,4.8,4.76,4.88,4.73,4.84,4.85,4.85,118,1,Mid-Range,4.75-5.0,Small,Available >30 Days
41159341,Donaje,Gorhe,18.40876,73.76817,Entire Home,Entire bungalow,16,3,3,3,22218,4.82,4.8,4.77,,,,,0,1,Luxury,4.75-5.0,Large,Available >30 Days
9.46039E+17,Pune,Unknown,18.5398,73.8986,Private Room,Private room in home,2,1,1,1,3625,4.67,4.67,4.67,4.67,5,5,5,3,1,Mid-Range,4.5-4.75,Small,Available >30 Days
9.46951E+17,Pimpri-Chinchwad,Unknown,18.6349,73.7928,Private Room,Private room in home,16,10,15,15,1773,4.82,4.8,4.77,,,,,0,1,Budget,4.75-5.0,Large,Available >30 Days
9.6111E+17,Pimpri-Chinchwad,Gahunje,18.6639,73.7082,Entire Home,Entire apartment,7,2,3,3,5718,4.91,4.86,4.86,4.81,4.88,4.94,4.96,125,1,Premium,4.75-5.0,Large,Available >30 Days
9.70295E+17,Pune,Chakankar Mala,18.5665,73.781,Private Room,Private room in home,2,1,1,1,2922,4.4,4.4,4.8,4.2,4.4,4.6,4.4,5,1,Mid-Range,4.0-4.5,Small,Available >30 Days
1.23093E+18,Pune,Unknown,18.546,73.7791,Entire Home,Entire rental unit,3,1,1,1,2841,4.74,4.82,4.69,4.62,4.82,4.9,4.85,39,1,Mid-Range,4.5-4.75,Medium,Available >30 Days
1.24495E+18,Pune,Unknown,18.55,73.9332,Hotel,Room in hotel,2,1,1,1,1759,4.82,4.8,4.77,,,,,0,1,Budget,4.75-5.0,Small,Available >30 Days
1.40515E+18,Pune,Unknown,18.52589,73.9541,Entire Home,Entire rental unit,3,1,1,1,1904,4.52,4.09,4.7,4.57,4.74,4.52,4.52,23,1,Budget,4.5-4.75,Medium,Available >30 Days
1.5114E+18,Pune,Unknown,18.5908,73.911,Private Room,Private room in guest house,4,1,1,1,2300,4.82,4.8,4.77,,,,,0,1,Mid-Range,4.75-5.0,Medium,Available >30 Days
1.51146E+18,Pune,Mhalunge,18.5834883,73.76054972,Hotel,Room in boutique hotel,2,1,1,1,1649,1,3,2,1,1,1,3,1,1,Budget,Below 3,Small,Available >30 Days
1.51146E+18,Pune,Unknown,18.50366663,73.93137539,Hotel,Room in boutique hotel,2,1,1,1,2993,4.82,4.8,4.77,,,,,0,1,Mid-Range,4.75-5.0,Small,Available >30 Days
1.51146E+18,Pune,Unknown,18.59724386,73.73028169,Hotel,Room in boutique hotel,2,1,1,1,1242,4.82,4.8,4.77,,,,,0,1,Budget,4.75-5.0,Small,Available >30 Days
1.51154E+18,Pune,Unknown,18.47209,73.8201,Hotel,Room in boutique hotel,2,1,1,1,2403,4.82,4.8,4.77,,,,,0,1,Mid-Range,4.75-5.0,Small,Available >30 Days
1.51176E+18,Pimpri-Chinchwad,Unknown,18.5791,73.7862,Entire Home,Entire apartment,3,1,1,1,2560,5,5,4.4,5,5,5,5,5,1,Mid-Range,4.75-5.0,Medium,Available >30 Days
1.51462E+18,Pune,Unknown,18.68502,73.82983,Private Room,Private room in rental unit,2,1,1,1,1361,5,4.82,5,5,5,5,4.91,11,1,Budget,4.75-5.0,Small,Available >30 Days
1.51592E+18,Pune,Unknown,18.5756,73.914,Serviced Apartment,Entire serviced apartment,4,1,1,1,2880,4.9,4.8,4.85,4.85,4.95,4.9,4.95,20,1,Mid-Range,4.75-5.0,Medium,Available >30 Days
1.51652E+18,Pune,Unknown,18.51189934,73.93679102,Hotel,Room in hotel,3,1,1,1,1775,5,5,5,5,5,5,5,1,1,Budget,4.75-5.0,Medium,Available >30 Days
1.5948E+18,Pune,Marutrao Gaikwad nagar,18.55472,73.81078,Private Room,Private room in apartment,2,1.5,1,1,3402,5,5,4.75,4.75,4.75,4.75,5,4,1,Mid-Range,4.75-5.0,Small,Available >30 Days
1.59545E+18,Pune,Unknown,18.5461,73.779,Entire Home,Entire rental unit,2,1,1,1,2350,3.67,5,3.67,3.67,3.67,3.67,3.67,3,1,Mid-Range,3.0-4.0,Small,Available >30 Days
1.59754E+18,Pune,Unknown,18.51089723,73.95133963,Entire Home,Entire rental unit,4,2,2,2,5813,4.82,4.8,4.77,,,,,0,1,Premium,4.75-5.0,Medium,Available >30 Days
24816640,Pune,Unknown,18.50938,73.90641,Entire Home,Entire rental unit,4,1,1,1,2104,4.69,4.69,4.56,4.68,4.72,4.86,4.82,326,1,Mid-Range,4.5-4.75,Medium,Available >30 Days
24927516,Pune,Unknown,18.5375,73.89805,Entire Home,Entire rental unit,3,1,1,1,4326,4.84,4.98,4.85,4.68,4.89,4.94,4.89,159,1,Premium,4.75-5.0,Medium,Available >30 Days
27691520,Pune,Unknown,18.5036,73.9503,Entire Home,Entire bungalow,6,3,2,2,4092,4.6,4.72,4.4,4.52,4.57,4.93,4.88,67,1,Premium,4.5-4.75,Large,Available >30 Days
30432960,Pune,Unknown,18.51071,73.90681,Entire Home,Entire rental unit,6,3,3,3,8801,4.67,4.83,4.33,4.75,4.83,4.92,4.67,12,1,Luxury,4.5-4.75,Large,Available >30 Days
32104297,Pune,Unknown,18.44641,73.90805,Entire Home,Entire home,3,1,1,1,1520,4.82,4.53,4.59,4.71,4.88,4.82,4.88,17,1,Budget,4.75-5.0,Medium,Available >30 Days
32366547,Pune,Marutrao Gaikwad nagar,18.56004,73.81189,Entire Home,Entire apartment,3,1,1,1,2266,4.7,4.92,4.51,4.69,4.65,4.85,4.88,142,1,Mid-Range,4.5-4.75,Medium,Available >30 Days
8.78976E+17,Pune,Unknown,18.5202,73.8389,Entire Home,Entire rental unit,9,2.5,3,3,8419,4.9,4.82,4.89,4.71,4.88,4.92,4.99,73,1,Luxury,4.75-5.0,Large,Available >30 Days
8.9521E+17,Pune,Balewadi High Street,18.5693,73.77477,Private Room,Private room in guest house,3,1,1,1,2221,3.78,4.22,4.44,3.67,4.33,3.56,3.67,9,1,Mid-Range,3.0-4.0,Medium,Available >30 Days
8.9757E+17,Pune,Sindh Colony,18.54593,73.82552,Private Room,Private room in home,3,6.5,6,6,2163,5,5,5,5,5,5,5,1,1,Mid-Range,4.75-5.0,Medium,Available >30 Days
1.08961E+18,Pimpri-Chinchwad,Blue Ridge Town,18.57881,73.73597,Entire Home,Entire rental unit,3,1,1,1,2061,4.45,4.79,4.24,4.36,4.48,4.52,4.48,33,1,Mid-Range,4.0-4.5,Medium,Available >30 Days
1.32467E+18,Pune,Unknown,18.56304,73.77414,Entire Home,Entire apartment,4,2,2,2,3835,4.5,4.5,4.5,4.5,4.5,4.5,5,2,1,Mid-Range,4.0-4.5,Medium,Available >30 Days
1.33159E+18,Pune,Shelke Nagar,18.46009593,73.81969328,Entire Home,Entire apartment,2,1,1,1,4335,4.75,4.25,4.75,4.75,5,5,4.75,4,1,Premium,4.5-4.75,Small,Available >30 Days
1.33546E+18,Pune,Unknown,18.55506,73.74777,Entire Home,Entire rental unit,2,1,1,1,2252,4.82,4.58,4.84,4.68,4.78,4.86,4.86,50,1,Mid-Range,4.75-5.0,Small,Available >30 Days
1.47519E+18,Pune,Unknown,18.5759,73.9143,Entire Home,Entire apartment,3,1,1,1,2677,4.76,4.84,4.72,4.68,4.64,4.88,4.96,25,1,Mid-Range,4.75-5.0,Medium,Available >30 Days
1.47796E+18,Pimpri-Chinchwad,Blue Ridge Town,18.5785,73.7397,Entire Home,Entire rental unit,2,1,1,1,3393,4.83,4.89,4.67,4.83,4.94,4.89,4.83,18,1,Mid-Range,4.75-5.0,Small,Available >30 Days
1.47802E+18,Pune,Gahunje,18.66186361,73.70881444,Entire Home,Entire rental unit,2,1,1,1,4273,5,5,5,5,5,5,5,1,1,Premium,4.75-5.0,Small,Available >30 Days
1.47957E+18,Pune,Unknown,18.54588855,73.78032907,Entire Home,Entire apartment,2,1,1,1,3073,4.94,4.85,4.94,4.88,4.85,4.98,5,48,1,Mid-Range,4.75-5.0,Small,Available >30 Days
1.48181E+18,Pune,Kalyani Nagar,18.54430962,73.90493077,Private Room,Private room in rental unit,1,1,1,1,1374,3.67,4.33,3.67,4,3.67,4.33,4.33,3,1,Budget,3.0-4.0,Small,Available >30 Days
1.48235E+18,Pune,Unknown,18.5483,73.9478,Hotel,Room in hotel,2,1,1,1,2593,4.82,4.8,4.77,,,,,0,1,Mid-Range,4.75-5.0,Small,Available >30 Days
1.48248E+18,Pune,Unknown,18.5483,73.9469,Hotel,Room in hotel,2,1,1,1,2480,5,5,5,5,5,5,5,1,1,Mid-Range,4.75-5.0,Small,Available >30 Days
1.4825E+18,Pune,Unknown,18.54701646,73.94854199,Hotel,Room in hotel,2,1,1,1,2405,5,5,5,5,5,5,5,1,1,Mid-Range,4.75-5.0,Small,Available >30 Days
1.55428E+18,Pimpri-Chinchwad,Tathawade,18.61371676,73.74556957,Entire Home,Entire rental unit,3,1,1,1,2014,3.5,4.5,3.5,3.5,4,5,4.5,2,1,Mid-Range,3.0-4.0,Medium,Available >30 Days
1.55429E+18,Pimpri-Chinchwad,Marunji,18.61089724,73.73456377,Entire Home,Entire rental unit,4,1,1,1,2143,3.5,3,3,3.5,4,4,4.5,2,1,Mid-Range,3.0-4.0,Medium,Available >30 Days
1.55429E+18,Pimpri-Chinchwad,Marunji,18.61039858,73.73656728,Entire Home,Entire rental unit,3,1,1,1,2371,4.82,4.8,4.77,,,,,0,1,Mid-Range,4.75-5.0,Medium,Available >30 Days
1.61796E+18,Pune,Unknown,18.51656335,73.87859187,Hotel,Room in boutique hotel,3,1,1,1,1730,4.82,4.8,4.77,,,,,0,1,Budget,4.75-5.0,Medium,Available >30 Days
52957604,Pune,Unknown,18.58083,73.89323,Private Room,Private room in apartment,1,1,1,1,1754,4.84,4.68,4.86,4.75,4.88,4.89,4.89,57,1,Budget,4.75-5.0,Small,Available >30 Days
5.30262E+17,Pune,Unknown,18.54369,73.93841,Entire Home,Entire apartment,4,2,1,1,1776,4.5,4.75,4.25,4,4.5,5,4.75,4,1,Budget,4.0-4.5,Medium,Available >30 Days
53561970,Pune,Unknown,18.45786,73.92061,Entire Home,Entire townhouse,4,2,2,2,4490,4.82,4.8,4.77,,,,,0,1,Premium,4.75-5.0,Medium,Available >30 Days
5.43139E+17,Pune,Unknown,18.56349,73.93791,Entire Home,Entire apartment,16,16,10,10,18007,4.82,4.8,4.77,,,,,0,1,Luxury,4.75-5.0,Large,Available >30 Days
9.74902E+17,Pune,Unknown,18.5527,73.9659,Private Room,Private room in bungalow,16,1,1,1,4442,4.82,4.8,4.77,,,,,0,1,Premium,4.75-5.0,Large,Available >30 Days
9.75031E+17,Pune,Unknown,18.56716,73.90704,Private Room,Private room in rental unit,3,1,1,1,2923,5,5,5,5,5,5,5,3,1,Mid-Range,4.75-5.0,Medium,Available >30 Days
9.75589E+17,Pune,Unknown,18.4735,73.9318,Entire Home,Entire rental unit,8,2,2,2,2806,4.7,4.6,4.53,4.65,4.75,4.83,4.88,40,1,Mid-Range,4.5-4.75,Large,Available >30 Days
9.7829E+17,Pune,Unknown,18.54964,73.7716,Private Room,Private room in apartment,3,1,1,1,1988,4.97,4.9,4.97,4.83,5,4.97,4.93,30,1,Budget,4.75-5.0,Medium,Available >30 Days
9.80408E+17,Pune,Anupam Park,18.5157,73.7786,Entire Home,Entire rental unit,3,1,1,1,4139,5,5,4.7,5,4.9,4.6,5,10,1,Premium,4.75-5.0,Medium,Available >30 Days
9.9273E+17,Pune,Unknown,18.4995,73.9511,Hotel,Room in hotel,2,13,1,1,2572,4.5,4.5,4,5,5,5,4.5,2,1,Mid-Range,4.0-4.5,Small,Available >30 Days
1.00127E+18,Pimpri-Chinchwad,Tathawade,18.61313,73.74339,Entire Home,Entire rental unit,2,1,1,1,2220,4.82,4.8,4.77,,,,,0,1,Mid-Range,4.75-5.0,Small,Available >30 Days
1.00254E+18,Pune,Tathawade,18.6108,73.7389,Private Room,Private room in rental unit,1,1.5,1,1,1742,5,4.85,4.92,5,4.85,5,5,13,1,Budget,4.75-5.0,Small,Available >30 Days
1.01769E+18,Pune,Chakankar Mala,18.57,73.7811,Entire Home,Entire home,6,3,3,3,11692,4.87,4.87,4.8,4.8,4.73,4.8,4.73,15,1,Luxury,4.75-5.0,Large,Available >30 Days
1.02205E+18,Pune,Unknown,18.6021,73.74436,Private Room,Private room in rental unit,11,1,1,1,1169,4.82,4.8,4.77,,,,,0,1,Budget,4.75-5.0,Large,Available >30 Days
1.2841E+18,Pimpri-Chinchwad,Sakhare Vasti,18.58591247,73.73832727,Entire Home,Entire rental unit,2,1,1,1,4676,5,5,3,3,3,4,5,1,1,Premium,4.75-5.0,Small,Available >30 Days
1.28512E+18,Pune,Gahunje,18.6745,73.7065,Entire Home,Entire rental unit,2,1,1,1,3098,4.93,4.81,4.95,4.81,4.95,4.94,4.94,85,1,Mid-Range,4.75-5.0,Small,Available >30 Days
1.28523E+18,Pune,Unknown,18.58130802,73.9775685,Hotel,Room in hotel,2,1,1,1,3800,4.82,4.8,4.77,,,,,0,1,Mid-Range,4.75-5.0,Small,Available >30 Days
1.28666E+18,Pune,Bhukum,18.4936,73.7183,Entire Home,Entire townhouse,5,1,1,1,5704,4.82,4.8,4.77,,,,,0,1,Premium,4.75-5.0,Medium,Available >30 Days
1.29001E+18,Pune,Balewadi Phata,18.56664,73.78625,Entire Home,Entire rental unit,10,3,3,3,5580,4.25,4.5,4.1,4.25,4.25,4.45,4.2,20,1,Premium,4.0-4.5,Large,Available >30 Days
1.2903E+18,Pune,Unknown,18.546,73.7791,Entire Home,Entire rental unit,4,1,1,1,2479,4.48,4.78,4.3,4.22,4.48,4.78,4.56,27,1,Mid-Range,4.0-4.5,Medium,Available >30 Days
1.2955E+18,Pune,Unknown,18.46891912,73.90327678,Entire Home,Entire rental unit,4,2,2,2,2922,4.82,4.8,4.77,,,,,0,1,Mid-Range,4.75-5.0,Medium,Available >30 Days
1.45944E+18,Pune,Unknown,18.534,73.8985,Entire Home,Entire rental unit,4,1,1,1,3954,4.6,4.8,4.8,4.4,4.8,4.6,4.6,10,1,Mid-Range,4.5-4.75,Medium,Available >30 Days
1.46426E+18,Pune,Unknown,18.5756,73.914,Entire Home,Entire rental unit,4,1,1,1,2610,4.81,4.83,4.83,4.83,4.89,4.86,4.86,36,1,Mid-Range,4.75-5.0,Medium,Available >30 Days
1.4659E+18,Pune,Unknown,18.5318,73.8963,Entire Home,Entire rental unit,3,1,1,1,3508,4.74,4.89,4.72,4.67,4.85,4.85,4.69,54,1,Mid-Range,4.5-4.75,Medium,Available >30 Days
1.54624E+18,Pune,Malkhed,18.3946838,73.70986762,Entire Home,Entire home,16,7.5,7,7,34029,4.82,4.8,4.77,,,,,0,1,Luxury,4.75-5.0,Large,Available >30 Days
41488428,Pune,Unknown,18.58321,73.96992,Private Room,Private room in home,2,1.5,1,1,1372,4.82,4.8,4.77,,,,,0,1,Budget,4.75-5.0,Small,Available >30 Days
44573746,Pune,Unknown,18.56557,73.82827,Entire Home,Entire home,4,2,2,2,2455,4.62,4.85,4.77,4.62,4.69,4.69,4.69,13,1,Mid-Range,4.5-4.75,Medium,Available >30 Days
46408771,Pune,Unknown,18.46807,73.85857,Private Room,Private room in bungalow,4,3,3,3,1384,4,5,4,4,5,4,4.5,2,1,Budget,3.0-4.0,Medium,Available >30 Days
46744598,Pune,Balewadi Phata,18.56456,73.77632,Hotel,Room in aparthotel,2,1,1,1,3976,4.82,4.8,4.77,,,,,0,1,Mid-Range,4.75-5.0,Small,Available >30 Days
46745502,Pune,Balewadi Phata,18.5642,73.77826,Hotel,Room in aparthotel,1,1,1,1,2806,4,4.8,4.77,,,,,1,1,Mid-Range,3.0-4.0,Small,Available >30 Days
46804287,Pune,Unknown,18.5395,73.895,Private Room,Private room in home,2,1,1,1,3059,5,5,5,5,5,4.67,5,3,1,Mid-Range,4.75-5.0,Small,Available >30 Days
1.25191E+18,Pune,Blue Ridge Town,18.57908806,73.73522674,Private Room,Private room in rental unit,2,6,6,6,1988,4.82,4.8,4.77,,,,,0,1,Budget,4.75-5.0,Small,Available >30 Days
1.26284E+18,Chakan,Unknown,18.69158757,73.7916756,Entire Home,Entire villa,8,3,2,2,14617,5,5,5,5,5,5,5,2,1,Luxury,4.75-5.0,Large,Available >30 Days
1.34104E+18,Pune,Gahunje,18.67362,73.70588,Entire Home,Entire rental unit,4,1,1,1,3049,4.15,4.15,4.15,4.08,4.08,4.15,4.15,13,1,Mid-Range,4.0-4.5,Medium,Available >30 Days
1.34467E+18,Pimpri-Chinchwad,Unknown,18.59984565,73.78422574,Entire Home,Entire rental unit,4,2,2,2,3109,5,5,4.5,4,4.5,4.5,4.5,2,1,Mid-Range,4.75-5.0,Medium,Available >30 Days
1.35051E+18,Pune,Unknown,18.5534,73.9379,Private Room,Private room in bed and breakfast,2,1,1,1,1990,4.82,4.8,4.77,,,,,0,1,Budget,4.75-5.0,Small,Available >30 Days
1.48305E+18,Pune,Unknown,18.5793,73.8942,Hotel,Room in hotel,2,1,1,1,2078,4,3.33,4,3.33,3.67,3,5,3,1,Mid-Range,3.0-4.0,Small,Available >30 Days
1.48306E+18,Pune,Unknown,18.58,73.8946,Hotel,Room in hotel,2,1,1,1,2943,4.22,4.67,4.44,4.33,4.56,4.56,4.67,9,1,Mid-Range,4.0-4.5,Small,Available >30 Days
1.56829E+18,Pune,Unknown,18.5411,73.9225,Entire Home,Entire rental unit,2,1,1,1,2150,4,4.67,4.17,4,4.25,4.42,4.25,12,1,Mid-Range,3.0-4.0,Small,Available >30 Days
1.56872E+18,Pune,Unknown,18.5405,73.922,Entire Home,Entire rental unit,2,1,1,1,2210,5,4.5,4.95,4.95,4.95,4.85,5,20,1,Mid-Range,4.75-5.0,Small,Available >30 Days
1.56936E+18,Pune,Unknown,18.49766843,73.89765635,Private Room,Private room in home,3,1.5,1,1,998,3.83,3.25,3.92,3.92,4,4.25,4.17,12,1,Budget,3.0-4.0,Medium,Available >30 Days
1.62881E+18,Pune,Unknown,18.5311,73.8322,Private Room,Private room in home,5,1.5,2,2,4092,4.82,4.8,4.77,,,,,0,1,Premium,4.75-5.0,Medium,Available >30 Days
1.62882E+18,Pune,Unknown,18.5311,73.8322,Shared Room,Shared room in home,7,2,1,7,1064,4.82,4.8,4.77,,,,,0,1,Budget,4.75-5.0,Large,Available >30 Days
1.62907E+18,Pune,Unknown,18.54254723,73.92218534,Entire Home,Entire rental unit,2,1,1,1,1987,4.89,4.89,5,4.89,4.89,4.78,4.89,9,1,Budget,4.75-5.0,Small,Available >30 Days
1.63097E+18,Pune,Gahunje,18.6745,73.7065,Entire Home,Entire rental unit,3,1,1,1,3344,5,5,5,5,5,5,5,2,1,Mid-Range,4.75-5.0,Medium,Available >30 Days
5.88081E+17,Pune,Unknown,18.53307947,73.89779109,Private Room,Private room in serviced apartment,2,1,1,1,1297,4.8,4.8,4.2,4.6,4.6,4.8,4.8,5,1,Budget,4.75-5.0,Small,Available >30 Days
6.1577E+17,Pune,Unknown,18.55146,73.92831,Entire Home,Entire apartment,8,2,2,2,4045,4.27,4.05,3.82,4,4.18,4.5,4.64,22,1,Premium,4.0-4.5,Large,Available >30 Days
1.03883E+18,Pune,Balewadi Phata,18.56422587,73.7794957,Entire Home,Entire villa,16,3,3,3,6080,4.79,4.83,4.5,4.74,4.64,4.98,4.9,42,1,Premium,4.75-5.0,Large,Available >30 Days
1.05405E+18,Pune,Unknown,18.4719,73.9099,Private Room,Private room in rental unit,2,1,1,1,1169,4.83,4.83,4.83,4.9,4.86,4.93,4.9,42,1,Budget,4.75-5.0,Small,Available >30 Days
1.05989E+18,Pimpri-Chinchwad,Ravet,18.65407,73.75483,Entire Home,Entire apartment,5,2,2,2,8208,4.63,4.56,4.67,4.44,4.75,4.81,4.75,16,1,Luxury,4.5-4.75,Medium,Available >30 Days
1.30185E+18,Pune,Marutrao Gaikwad nagar,18.55561314,73.81004256,Entire Home,Entire apartment,5,2,2,2,4607,4.5,4.93,4.57,4.57,4.5,4.79,4.71,14,1,Premium,4.0-4.5,Medium,Available >30 Days
1.30503E+18,Pimpri-Chinchwad,Unknown,18.59972,73.78428,Entire Home,Entire rental unit,4,2,2,2,3505,4.5,4.5,4,4,4,5,5,2,1,Mid-Range,4.0-4.5,Medium,Available >30 Days
1.30655E+18,Pune,Kalyani Nagar,18.55189888,73.89762271,Private Room,Private room in rental unit,2,3,3,3,1988,4.75,4.63,4.75,4.88,4.75,4.63,5,8,1,Budget,4.5-4.75,Small,Available >30 Days
1.46823E+18,Pune,Unknown,18.576,73.9145,Entire Home,Entire rental unit,4,1,1,1,2923,5,4.97,4.94,4.97,5,5,5,64,1,Mid-Range,4.75-5.0,Medium,Available >30 Days
1.47154E+18,Pune,Unknown,18.51569553,73.87748379,Hotel,Room in boutique hotel,2,1,1,1,2214,3.5,4,3.5,3.5,3.5,4,4.5,2,1,Mid-Range,3.0-4.0,Small,Available >30 Days
1.47154E+18,Pune,Unknown,18.51526,73.83315,Hotel,Room in boutique hotel,2,1,1,1,3115,2.5,4.5,2.5,2.5,2.5,2.5,3,2,1,Mid-Range,Below 3,Small,Available >30 Days
1.47403E+18,Pune,Unknown,18.5379,73.9,Entire Home,Entire home,4,2,1,1,9589,4.5,5,5,4,3.5,5,5,2,1,Luxury,4.0-4.5,Medium,Available >30 Days
1.55785E+18,Pune,Unknown,18.5759,73.9137,Entire Home,Entire apartment,4,1,1,1,3531,5,4.93,5,5,5,5,5,27,1,Mid-Range,4.75-5.0,Medium,Available >30 Days
1.62641E+18,Pune,Unknown,18.63406804,73.80349203,Hotel,Room in boutique hotel,2,1,1,1,2433,5,4,3,4,4,5,4,1,1,Mid-Range,4.75-5.0,Small,Available >30 Days
1.62695E+18,Marunji,Marunji,18.61739715,73.71847067,Entire Home,Entire apartment,3,1,1,1,1268,4.89,3.78,4.67,4.67,4.56,4.67,4.56,9,1,Budget,4.75-5.0,Medium,Available >30 Days
1.62841E+18,Pimpri-Chinchwad,Marunji,18.6176,73.7189,Entire Home,Entire rental unit,2,1,1,1,1189,4.82,4.8,4.77,,,,,0,1,Budget,4.75-5.0,Small,Available >30 Days
47416813,Pune,Gahunje,18.66305,73.70697,Entire Home,Entire apartment,10,4,3,3,14032,5,5,5,4.5,4.5,5,5,2,1,Luxury,4.75-5.0,Large,Available >30 Days
48687605,Pune,Unknown,18.50046,73.83044,Hotel,Room in hotel,2,1,1,1,2500,4,4,4,4,4,4,4,1,1,Mid-Range,3.0-4.0,Small,Available >30 Days
49147818,Pune,Unknown,18.48115,73.90284,Entire Home,Entire apartment,8,3,3,3,5928,4.77,4.85,4.77,4.77,4.77,4.92,4.92,13,1,Premium,4.75-5.0,Large,Available >30 Days
5034970,Pune,Unknown,18.53968,73.89431,Private Room,Private room in home,2,1,1,1,1317,4.75,4.96,4.88,4.81,4.85,4.84,4.77,164,1,Budget,4.5-4.75,Small,Available >30 Days
1.07222E+18,Pimpri-Chinchwad,Tathawade,18.61176,73.74253,Entire Home,Entire home,4,1,1,1,2271,4.82,4.8,4.77,,,,,0,1,Mid-Range,4.75-5.0,Medium,Available >30 Days
1.07376E+18,Pune,Kalyani Nagar,18.5462,73.904,Private Room,Private room in rental unit,2,0,1,1,2956,4.82,4.8,4.77,,,,,0,1,Mid-Range,4.75-5.0,Small,Available >30 Days
1.08401E+18,Pune,Unknown,18.54088,73.89916,Entire Home,Entire rental unit,2,1,1,1,2310,4.75,4.7,4.81,4.55,4.66,4.75,4.83,53,1,Mid-Range,4.5-4.75,Small,Available >30 Days
1.31501E+18,Pune,Unknown,18.5407,73.8879,Entire Home,Entire rental unit,4,2,2,2,7680,3.6,4.2,3.6,3.4,3.6,4,4.2,5,1,Luxury,3.0-4.0,Medium,Available >30 Days
1.31503E+18,Pune,Unknown,18.5394,73.8986,Entire Home,Entire rental unit,4,2,2,2,7680,2,4,1,1,1,4,1,1,1,Luxury,Below 3,Medium,Available >30 Days
1.31792E+18,Pune,Unknown,18.54029983,73.89965667,Entire Home,Entire rental unit,2,1,1,1,6790,4,4.67,4.33,4,4.17,4.67,4.5,6,1,Premium,3.0-4.0,Small,Available >30 Days
1.44907E+18,Pune,Unknown,18.54724,73.77249,Private Room,Private room in rental unit,2,1,1,1,1585,4.82,4.8,4.77,,,,,0,1,Budget,4.75-5.0,Small,Available >30 Days
1.45033E+18,Pune,Balewadi High Street,18.5649,73.7774,Private Room,Private room in bed and breakfast,2,4,3,3,1800,4,4,4,4,4,5,4,1,1,Budget,3.0-4.0,Small,Available >30 Days
1.45285E+18,Pune,Gahunje,18.6622,73.7081,Entire Home,Entire rental unit,2,1,1,1,2572,4.75,4.75,4.5,4.75,4.75,4.75,4.75,4,1,Mid-Range,4.5-4.75,Small,Available >30 Days
1.5754E+18,Pirangut,Pirangut,18.5054,73.706,Entire Home,Entire rental unit,4,2,2,2,3737,4.75,4.75,4.75,4.5,4.75,5,5,4,1,Mid-Range,4.5-4.75,Medium,Available >30 Days
1.57803E+18,Pune,Unknown,18.65847877,73.87540097,Private Room,Private room in rental unit,2,1,1,1,1201,4.82,4.8,4.77,,,,,0,1,Budget,4.75-5.0,Small,Available >30 Days
1.5812E+18,Pune,Unknown,18.55435779,73.77878507,Hotel,Room in hotel,2,1,1,1,2338,5,4,5,5,5,5,5,1,1,Mid-Range,4.75-5.0,Small,Available >30 Days
1.63981E+18,Pimpri-Chinchwad,Unknown,18.59663597,73.78326763,Entire Home,Entire rental unit,4,2,2,2,3406,4.82,4.8,4.77,,,,,0,1,Mid-Range,4.75-5.0,Medium,Available >30 Days
1.64191E+18,Pune,Unknown,18.5491,73.7905,Private Room,Private room in rental unit,2,1,1,1,1051,4.82,4.8,4.77,,,,,0,1,Budget,4.75-5.0,Small,Available >30 Days
1.64201E+18,Pune,Unknown,18.5493257,73.7916067,Private Room,Private room in rental unit,1,2,1,1,1109,4.82,4.8,4.77,,,,,0,1,Budget,4.75-5.0,Small,Available >30 Days
7.61971E+17,Pune,Gahunje,18.66324,73.70814,Entire Home,Entire home,4,1,1,1,4173,4.91,4.87,4.74,4.65,4.87,4.78,4.83,23,1,Premium,4.75-5.0,Medium,Available >30 Days
7.81042E+17,Pune,Unknown,18.56318,73.77349,Other,Tower,16,18,16,16,57006,4.82,4.8,4.77,,,,,0,1,Luxury,4.75-5.0,Large,Available >30 Days
7.81588E+17,Pune,Gahunje,18.66636,73.70777,Entire Home,Entire rental unit,4,1,1,1,3131,4.83,4.85,4.85,4.75,4.81,4.9,4.92,48,1,Mid-Range,4.75-5.0,Medium,Available >30 Days
7.84425E+17,Pune,Unknown,18.4546,73.9248,Private Room,Private room in rental unit,2,1,1,1,2923,5,5,4,5,5,5,5,1,1,Mid-Range,4.75-5.0,Small,Available >30 Days
7.85956E+17,Pune,Unknown,18.51408,73.93075,Entire Home,Entire rental unit,8,4,4,4,9402,4.82,4.8,4.77,,,,,0,1,Luxury,4.75-5.0,Large,Available >30 Days
1.21294E+18,Pimpri-Chinchwad,Unknown,18.58155,73.78614,Private Room,Private room in home,3,1,1,1,3098,5,5,5,5,5,4,5,1,1,Mid-Range,4.75-5.0,Medium,Available >30 Days
1.21632E+18,Pune,Shivneri Park,18.57031,73.77995,Entire Home,Entire rental unit,4,2,2,2,2689,4.96,4.85,4.92,4.9,4.94,5,4.98,48,1,Mid-Range,4.75-5.0,Medium,Available >30 Days
1.22442E+18,Pune,Unknown,18.48037,73.89854,Entire Home,Entire rental unit,4,2,1,1,3611,4.56,4.5,4.46,4.52,4.63,4.7,4.69,54,1,Mid-Range,4.5-4.75,Medium,Available >30 Days
1.22524E+18,Pune,Unknown,18.55162,73.93793,Entire Home,Entire rental unit,4,1,1,1,3150,4.14,4.43,4.07,4,4.07,4.29,4.29,14,1,Mid-Range,4.0-4.5,Medium,Available >30 Days
1.22954E+18,Khanapur,Khanapur,18.3994,73.733,Entire Home,Earthen home,4,1,1,1,4087,4.82,4.8,4.77,,,,,0,1,Premium,4.75-5.0,Medium,Available >30 Days
1.35361E+18,Pune,Unknown,18.50638,73.91111,Entire Home,Entire apartment,4,2,2,2,3917,5,5,5,4.67,5,5,5,3,1,Mid-Range,4.75-5.0,Medium,Available >30 Days
1.35368E+18,Pune,Unknown,18.55665155,73.94988143,Entire Home,Entire rental unit,5,2,2,2,4209,4.83,5,4.67,5,4.83,4.83,4.83,6,1,Premium,4.75-5.0,Medium,Available >30 Days
1.35997E+18,Pune,Unknown,18.51565,73.93487,Private Room,Private room in rental unit,2,1,1,1,2958,4.82,4.8,4.77,,,,,0,1,Mid-Range,4.75-5.0,Small,Available >30 Days
1.36152E+18,Pune,Unknown,18.5187,73.9361,Entire Home,Entire rental unit,4,2,2,2,3391,4.82,4.8,4.77,,,,,0,1,Mid-Range,4.75-5.0,Medium,Available >30 Days
1.49763E+18,Pimpri-Chinchwad,Unknown,18.66712001,73.70765761,Entire Home,Entire rental unit,8,1,1,1,8770,4.82,4.8,4.77,,,,,0,1,Luxury,4.75-5.0,Large,Available >30 Days
1.50185E+18,Pune,Unknown,18.54079943,73.89905221,Entire Home,Entire rental unit,3,1,1,1,1915,4.79,4.86,4.64,4.43,4.36,4.71,4.21,14,1,Budget,4.75-5.0,Medium,Available >30 Days
15828346,Pune,Balewadi High Street,18.56882,73.77247,Private Room,Private room in rental unit,2,1,1,1,1578,4.86,4.94,4.79,4.91,4.94,4.97,4.95,78,1,Budget,4.75-5.0,Small,Available >30 Days
1.58478E+18,Pune,Unknown,18.511,73.8183,Private Room,Private room in rental unit,1,2,3,3,1764,4,4,4,4,4,4,4,1,1,Budget,3.0-4.0,Small,Available >30 Days
1.58616E+18,Pune,Unknown,18.58168,73.72705,Entire Home,Entire rental unit,15,2,3,3,6841,5,3,5,5,4,4,5,1,1,Premium,4.75-5.0,Large,Available >30 Days
1.64389E+18,Pune,Unknown,18.6472571,73.79795365,Entire Home,Entire rental unit,4,2,2,2,3264,4.82,4.8,4.77,,,,,0,1,Mid-Range,4.75-5.0,Medium,Available >30 Days
1.64448E+18,Pune,Unknown,18.5386,73.9001,Entire Home,Entire home,8,3,3,3,10874,4.82,4.8,4.77,,,,,0,1,Luxury,4.75-5.0,Large,Available >30 Days
1.64569E+18,Pune,Unknown,18.56396,73.77094,Private Room,Private room in home,2,1,1,1,3406,4.82,4.8,4.77,,,,,0,1,Mid-Range,4.75-5.0,Small,Available >30 Days
6.44739E+17,Pune,Unknown,18.54807,73.79627,Entire Home,Entire apartment,4,2.5,2,2,3247,4.35,4.41,4.47,4.32,4.35,4.56,4.44,34,1,Mid-Range,4.0-4.5,Medium,Available >30 Days
6.4985E+17,Pune,Chakankar Mala,18.56764,73.78153,Entire Home,Entire apartment,4,2,2,2,2642,4.93,4.55,4.91,4.86,4.87,4.89,4.92,182,1,Mid-Range,4.75-5.0,Medium,Available >30 Days
6.78592E+17,Bhagatwadi,Vaswewadi,18.36413,73.7271,Private Room,Private room in hut,3,1,1,1,2268,4.82,4.8,4.77,,,,,0,1,Mid-Range,4.75-5.0,Medium,Available >30 Days
6.83658E+17,Kharadi,Unknown,18.55145,73.95844,Private Room,Private room in serviced apartment,1,1,1,1,2338,4.82,4.8,4.77,,,,,0,1,Mid-Range,4.75-5.0,Small,Available >30 Days
1.11511E+18,Pune,Gahunje,18.66249,73.71049,Entire Home,Entire rental unit,4,1,1,1,5842,4.99,4.89,4.96,4.93,4.99,4.99,4.98,94,1,Premium,4.75-5.0,Medium,Available >30 Days
1.12324E+18,Pune,Unknown,18.46939,73.90146,Entire Home,Entire apartment,4,1,1,1,2979,4.72,4.85,4.41,4.64,4.72,4.74,4.92,39,1,Mid-Range,4.5-4.75,Medium,Available >30 Days
1.13689E+18,Pimpri-Chinchwad,Unknown,18.60682,73.79119,Entire Home,Entire apartment,2,1,1,1,1658,4.73,4.43,4.77,4.8,4.73,4.8,4.77,30,1,Budget,4.5-4.75,Small,Available >30 Days
1.14759E+18,Pune,Unknown,18.5835,73.764,Hotel,Room in hotel,2,1,1,1,1578,4.82,4.8,4.77,,,,,0,1,Budget,4.75-5.0,Small,Available >30 Days
1.3788E+18,Pune,Unknown,18.5415,73.9224,Entire Home,Entire rental unit,2,1,1,1,3180,4.93,4.62,4.97,4.9,4.9,4.97,5,29,1,Mid-Range,4.75-5.0,Small,Available >30 Days
1.38465E+18,Pimpri-Chinchwad,Unknown,18.62134648,73.87469254,Entire Home,Entire rental unit,5,2,2,2,3411,4.82,4.8,4.77,,,,,0,1,Mid-Range,4.75-5.0,Medium,Available >30 Days
1.38972E+18,Pune,Unknown,18.56167997,73.77632206,Hotel,Room in hotel,2,1,1,1,2177,4.71,4.79,4.21,4.64,4.5,4.71,4.79,14,1,Mid-Range,4.5-4.75,Small,Available >30 Days
1.39183E+18,Pune,Unknown,18.5188,73.9334,Entire Home,Entire rental unit,4,2,2,2,3391,4.82,4.8,4.77,,,,,0,1,Mid-Range,4.75-5.0,Medium,Available >30 Days
1.39248E+18,Pimpri-Chinchwad,Unknown,18.6423,73.7857,Entire Home,Entire rental unit,4,2,1,1,2922,5,5,5,5,5,5,5,1,1,Mid-Range,4.75-5.0,Medium,Available >30 Days
1.50638E+18,Pune,Unknown,18.57602447,73.78569881,Hotel,Room in hotel,2,1,1,1,1229,4.26,4.32,4.42,4.21,4.37,4.58,4.53,19,1,Budget,4.0-4.5,Small,Available >30 Days
1.50812E+18,Pune,Unknown,18.5405,73.8985,Entire Home,Entire villa,4,2,2,2,7032,5,4.71,4.86,4.71,5,4.71,4.86,7,1,Luxury,4.75-5.0,Medium,Available >30 Days
1.50878E+18,Pune,Gahunje,18.66322,73.70721,Entire Home,Entire rental unit,4,1,1,1,3577,4.82,4.94,4.82,4.53,4.94,5,4.94,17,1,Mid-Range,4.75-5.0,Medium,Available >30 Days
1.59334E+18,Pune,Blue Ridge Town,18.579,73.7348,Serviced Apartment,Entire serviced apartment,2,1,1,1,2110,4.45,4.55,4.64,4.55,4.64,4.64,4.82,11,1,Mid-Range,4.0-4.5,Small,Available >30 Days
1.59335E+18,Pune,Unknown,18.5756,73.914,Private Room,Private room in rental unit,2,1,1,1,3840,4.82,4.8,4.77,,,,,0,1,Mid-Range,4.75-5.0,Small,Available >30 Days
1.59359E+18,Pune,Samarth Colony,18.5582,73.7741,Private Room,Private room in rental unit,2,1,1,1,1824,3.83,4,4.33,4.17,4,4.17,4.83,6,1,Budget,3.0-4.0,Small,Available >30 Days
1.59457E+18,Pune,Unknown,18.57672587,73.90815676,Entire Home,Entire rental unit,3,1,1,1,2689,5,4.94,4.88,5,4.94,5,5,16,1,Mid-Range,4.75-5.0,Medium,Available >30 Days
1.59465E+18,Pune,Unknown,18.5489,73.9192,Entire Home,Entire rental unit,2,1,1,1,1683,4.63,4.74,4.47,4.58,4.58,4.58,4.79,19,1,Budget,4.5-4.75,Small,Available >30 Days
1.64799E+18,Pune,Unknown,18.55687781,73.77046656,Entire Home,Entire rental unit,4,2,2,2,3742,4.82,4.8,4.77,,,,,0,1,Mid-Range,4.75-5.0,Medium,Available >30 Days
1.64929E+18,Pune,Unknown,18.54222,73.88938,Private Room,Private room in rental unit,2,1,1,1,1103,4.82,4.8,4.77,,,,,0,1,Budget,4.75-5.0,Small,Available >30 Days
1.65077E+18,Pune,Unknown,18.46691246,73.82780252,Entire Home,Entire villa,2,1,1,1,1509,4.82,4.8,4.77,,,,,0,1,Budget,4.75-5.0,Small,Available >30 Days
1.65083E+18,Pune,Unknown,18.57414803,73.76729778,Entire Home,Entire villa,2,1,1,1,2196,4.82,4.8,4.77,,,,,0,1,Mid-Range,4.75-5.0,Small,Available >30 Days
1.65118E+18,Pune,Unknown,18.4437,73.8179,Entire Home,Entire rental unit,4,1,1,1,1771,4.82,4.8,4.77,,,,,0,1,Budget,4.75-5.0,Medium,Available >30 Days
1.65134E+18,Pune,Marunji,18.60154,73.72374,Entire Home,Entire apartment,4,2,2,2,5577,5,5,5,5,5,5,5,1,1,Premium,4.75-5.0,Medium,Available >30 Days
8.14287E+17,Pimpri-Chinchwad,Tathawade,18.61046,73.74625,Entire Home,Entire rental unit,4,1,1,1,2052,4.59,4.56,4.47,4.47,4.72,4.81,4.81,32,1,Mid-Range,4.5-4.75,Medium,Available >30 Days
8.20962E+17,Pune,Unknown,18.5358,73.8962,Entire Home,Entire rental unit,4,2,2,2,4813,4.97,4.92,5,4.78,4.95,4.95,5,37,1,Premium,4.75-5.0,Medium,Available >30 Days
1.17006E+18,Pune,Unknown,18.54469,73.77788,Entire Home,Entire rental unit,2,1,1,1,2537,4.82,4.9,4.8,4.74,4.78,4.89,4.93,153,1,Mid-Range,4.75-5.0,Small,Available >30 Days
1.17228E+18,Pimpri-Chinchwad,Unknown,18.5949,73.7864,Entire Home,Entire rental unit,2,1,1,1,2922,5,5,5,3,5,5,5,1,1,Mid-Range,4.75-5.0,Small,Available >30 Days
1.17512E+18,Dattwadi,Tathawade,18.61233,73.74348,Entire Home,Entire rental unit,3,1,1,1,2043,4.82,4.8,4.77,,,,,0,1,Mid-Range,4.75-5.0,Medium,Available >30 Days
1.1825E+18,Dattwadi,Tathawade,18.61163,73.74511,Entire Home,Entire rental unit,3,1,1,1,2069,4.82,4.8,4.77,,,,,0,1,Mid-Range,4.75-5.0,Medium,Available >30 Days
1.18514E+18,Dattwadi,Tathawade,18.61288,73.74357,Entire Home,Entire rental unit,4,1,1,1,2100,4.82,4.8,4.77,,,,,0,1,Mid-Range,4.75-5.0,Medium,Available >30 Days
1.18681E+18,Dattwadi,Tathawade,18.61311,73.74384,Entire Home,Entire rental unit,3,1,1,1,2269,4.82,4.8,4.77,,,,,0,1,Mid-Range,4.75-5.0,Medium,Available >30 Days
1.36578E+18,Pune,Balewadi Phata,18.56724311,73.76989584,Shared Room,Shared room in bed and breakfast,10,1,1,1,990,4.82,4.8,4.77,,,,,0,1,Budget,4.75-5.0,Large,Available >30 Days
1.36675E+18,Pune,Unknown,18.5454,73.7778,Entire Home,Entire apartment,4,1,1,1,3960,4.92,4.92,4.92,4.67,4.92,5,4.92,12,1,Mid-Range,4.75-5.0,Medium,Available >30 Days
1.48912E+18,Pune,Unknown,18.5759,73.9143,Entire Home,Entire rental unit,3,1,1,1,2618,4.37,4.47,4.42,4.32,4.37,4.58,4.42,19,1,Mid-Range,4.0-4.5,Medium,Available >30 Days
1.48922E+18,Pimpri-Chinchwad,Unknown,18.5966911,73.79108744,Entire Home,Entire rental unit,4,2,2,2,5903,4.82,4.8,4.77,,,,,0,1,Premium,4.75-5.0,Medium,Available >30 Days
1.4942E+18,Pune,Unknown,18.5574091,73.80285297,Entire Home,Entire rental unit,8,3,3,3,6034,4.17,4.33,4.33,4.17,4.17,4.33,4.33,6,1,Premium,4.0-4.5,Large,Available >30 Days
1.49554E+18,Pune,Unknown,18.5112,73.9294,Entire Home,Entire home,6,3,3,3,16371,4.82,4.8,4.77,,,,,0,1,Luxury,4.75-5.0,Large,Available >30 Days
1.56162E+18,Pune,Unknown,18.57631734,73.90800541,Entire Home,Entire rental unit,6,4,4,4,8586,4.82,4.8,4.77,,,,,0,1,Luxury,4.75-5.0,Large,Available >30 Days
1.56372E+18,Pune,Samarth Colony,18.558,73.7774,Hotel,Room in hotel,2,1,1,1,2046,5,4,4,4,4,4,4,1,1,Mid-Range,4.75-5.0,Small,Available >30 Days
1.56429E+18,Pune,Unknown,18.54408786,73.7851676,Entire Home,Entire rental unit,4,1,1,1,3632,5,4.73,4.91,4.64,4.64,4.91,4.82,11,1,Mid-Range,4.75-5.0,Medium,Available >30 Days
1.56516E+18,Pune,Balewadi Phata,18.56390273,73.78086035,Private Room,Private room in home,3,1,1,1,2580,3,4,5,3,1,5,3,1,1,Mid-Range,Below 3,Medium,Available >30 Days
1.56653E+18,Pune,Samarth Colony,18.55701,73.77841,Hotel,Room in hotel,2,1,1,1,2104,4.33,4,4.67,4.33,4.67,5,4.67,3,1,Mid-Range,4.0-4.5,Small,Available >30 Days
1.56809E+18,Pune,Unknown,18.54283072,73.88660425,Entire Home,Entire rental unit,2,1,1,1,2820,4.82,4.8,4.77,,,,,0,1,Mid-Range,4.75-5.0,Small,Available >30 Days
1.63407E+18,Pune,Unknown,18.5437,73.7845,Entire Home,Entire rental unit,2,1,1,1,2895,5,4.88,4.88,4.88,4.88,5,5,8,1,Mid-Range,4.75-5.0,Small,Available >30 Days
1.63608E+18,Pune,Unknown,18.56086402,73.90778196,Entire Home,Entire rental unit,5,1,1,1,2373,4.82,4.8,4.77,,,,,0,1,Mid-Range,4.75-5.0,Medium,Available >30 Days
1.63639E+18,Pune,Unknown,18.5759,73.9143,Entire Home,Entire rental unit,4,1,1,1,2771,4.82,4.8,4.77,,,,,0,1,Mid-Range,4.75-5.0,Medium,Available >30 Days
1.63751E+18,Pune,Gahunje,18.6745,73.7065,Entire Home,Entire rental unit,2,1,1,1,3974,4.82,4.8,4.77,,,,,0,1,Mid-Range,4.75-5.0,Small,Available >30 Days
7.49658E+17,Pune,Gahunje,18.6644,73.7082,Entire Home,Entire home,4,2,2,2,5304,4.71,4.68,4.62,4.71,4.79,4.82,4.79,34,1,Premium,4.5-4.75,Medium,Available >30 Days
7.52857E+17,Pune,Unknown,18.55759,73.80388,Private Room,Private room in serviced apartment,1,1,1,1,1543,4.83,4.85,4.58,4.7,4.85,4.88,4.88,40,1,Budget,4.75-5.0,Small,Available >30 Days
1.19762E+18,Pune,Balewadi High Street,18.5696,73.7719,Entire Home,Entire rental unit,4,2,2,2,3191,4.75,4.89,4.56,4.76,4.84,4.87,4.91,55,1,Mid-Range,4.5-4.75,Medium,Available >30 Days
1.20087E+18,Pune,Unknown,18.55218,73.93633,Entire Home,Entire rental unit,6,2.5,2,2,4308,3.88,4.38,4.13,3.75,3.88,4.38,3.88,8,1,Premium,3.0-4.0,Large,Available >30 Days
1.43766E+18,Pune,Gahunje,18.66290289,73.71098402,Entire Home,Entire rental unit,2,1,1,1,3318,4.8,4.87,4.73,4.73,4.67,4.93,4.93,15,1,Mid-Range,4.75-5.0,Small,Available >30 Days
1.44342E+18,Pune,Unknown,18.54404964,73.78541105,Entire Home,Entire rental unit,2,1,1,1,2730,4.91,4.91,4.73,4.86,4.95,5,4.95,22,1,Mid-Range,4.75-5.0,Small,Available >30 Days
1.44732E+18,Pune,Unknown,18.56294874,73.77826083,Entire Home,Entire home,12,3,4,4,7680,4.82,4.8,4.77,,,,,0,1,Luxury,4.75-5.0,Large,Available >30 Days
1.51736E+18,Pune,Unknown,18.5907,73.9095,Entire Home,Entire rental unit,2,1,1,1,1286,4.82,4.8,4.77,,,,,0,1,Budget,4.75-5.0,Small,Available >30 Days
1.602E+18,Pune,Unknown,18.4616,73.8631,Entire Home,Entire rental unit,4,1,1,1,2702,5,5,5,5,5,5,5,1,1,Mid-Range,4.75-5.0,Medium,Available >30 Days
1.60308E+18,Pune,Unknown,18.54038888,73.92147266,Entire Home,Entire rental unit,4,1,1,1,2432,4.8,4.8,4.8,4.8,4.8,4.8,4.6,5,1,Mid-Range,4.75-5.0,Medium,Available >30 Days
1.60505E+18,Pimpri-Chinchwad,Unknown,18.5793,73.7863,Hotel,Room in hotel,2,1,1,1,1764,5,4.85,4.92,5,4.85,4.92,5,13,1,Budget,4.75-5.0,Small,Available >30 Days
1.60604E+18,Pune,Unknown,18.46454,73.8555,Entire Home,Entire home,5,2,2,2,9193,4.82,4.8,4.77,,,,,0,1,Luxury,4.75-5.0,Medium,Available >30 Days
1.60704E+18,Pune,Mhalunge,18.5658,73.7396,Entire Home,Entire apartment,6,2,2,2,2829,4.89,4.78,5,4.89,4.89,5,5,9,1,Mid-Range,4.75-5.0,Large,Available >30 Days
1.65232E+18,Pune,Unknown,18.57625,73.91426,Entire Home,Entire rental unit,2,1,1,1,2861,4.82,4.8,4.77,,,,,0,1,Mid-Range,4.75-5.0,Small,Available >30 Days
1.65279E+18,Pune,Unknown,18.5415,73.9225,Entire Home,Entire rental unit,3,1,1,1,2187,4.82,4.8,4.77,,,,,0,1,Mid-Range,4.75-5.0,Medium,Available >30 Days
1.65336E+18,Pimpri-Chinchwad,Unknown,18.63469845,73.84014367,Private Room,Private room in home,2,1,1,1,1569,4.82,4.8,4.77,,,,,0,1,Budget,4.75-5.0,Small,Available >30 Days
1.65431E+18,Marunji,Tathawade,18.60236,73.74181,Private Room,Private room in rental unit,2,1,2,2,1383,4.82,4.8,4.77,,,,,0,1,Budget,4.75-5.0,Small,Available >30 Days
9.05622E+17,Pune,Unknown,18.5395,73.8953,Private Room,Private room in bungalow,3,1,1,1,1917,4.77,4.82,4.66,4.7,4.77,4.8,4.83,108,1,Budget,4.75-5.0,Medium,Available >30 Days
9.10773E+17,Pune,Chakankar Mala,18.56477,73.78045,Entire Home,Entire rental unit,2,1,1,1,2918,4.5,4.5,4.5,4.5,4.5,4.5,4.5,2,1,Mid-Range,4.0-4.5,Small,Available >30 Days
9.13065E+17,Pune,Balewadi Phata,18.562,73.7808,Shared Room,Shared room in home,3,1.5,1,1,1871,4.97,4.83,4.97,4.77,4.9,4.97,5,30,1,Budget,4.75-5.0,Medium,Available >30 Days
1.26761E+18,Pune,Unknown,18.574,73.913,Entire Home,Entire rental unit,6,2,2,2,4443,5,5,4.75,5,5,5,5,8,1,Premium,4.75-5.0,Large,Available >30 Days
1.26775E+18,Pune,Baner Gaon,18.5575,73.7933,Hotel,Room in hotel,8,10,5,5,12490,4.82,4.8,4.77,,,,,0,1,Luxury,4.75-5.0,Large,Available >30 Days
1.27107E+18,Pimpri-Chinchwad,Unknown,18.59797776,73.73434945,Entire Home,Entire rental unit,3,2,2,2,2455,5,4.5,5,5,5,5,5,2,1,Mid-Range,4.75-5.0,Medium,Available >30 Days
12769763,Pune,Unknown,18.5368,73.8953,Private Room,Private room in bungalow,2,1,1,1,4584,4.66,4.84,4.5,4.43,4.68,4.73,4.7,44,1,Premium,4.5-4.75,Small,Available >30 Days
12792527,Pune,Balewadi Phata,18.56714,73.77204,Entire Home,Entire home,14,7,7,7,21283,4.82,4.8,4.77,,,,,0,1,Luxury,4.75-5.0,Large,Available >30 Days
1.4245E+18,Pune,Unknown,18.57481852,73.91319311,Entire Home,Entire rental unit,4,1,1,1,2898,4.89,4.89,4.78,4.89,4.83,4.94,4.89,18,1,Mid-Range,4.75-5.0,Medium,Available >30 Days
1.4254E+18,Pune,Unknown,18.5668,73.9067,Entire Home,Entire apartment,7,2,2,2,3788,4.39,4.67,4.39,4.31,4.5,4.56,4.39,36,1,Mid-Range,4.0-4.5,Large,Available >30 Days
1.42771E+18,Pimpri-Chinchwad,Unknown,18.60364295,73.73497018,Entire Home,Entire rental unit,3,2,1,1,1375,4.82,4.8,4.77,,,,,0,1,Budget,4.75-5.0,Medium,Available >30 Days
1.43055E+18,Pune,Gahunje,18.6622,73.7081,Entire Home,Entire rental unit,3,1,1,1,3704,5,5,5,4.67,5,5,4.67,3,1,Mid-Range,4.75-5.0,Medium,Available >30 Days
1.52588E+18,Pune,Unknown,18.46846,73.93305,Entire Home,Entire rental unit,4,1,1,1,3432,4.82,4.8,4.77,,,,,0,1,Mid-Range,4.75-5.0,Medium,Available >30 Days
1.52674E+18,Pune,Unknown,18.58435,73.76496,Entire Home,Entire rental unit,2,1,1,1,2185,5,4,4.86,4.29,4.57,4.71,5,7,1,Mid-Range,4.75-5.0,Small,Available >30 Days
1.52681E+18,Pimpri-Chinchwad,Unknown,18.5791,73.7862,Entire Home,Entire apartment,2,1,1,1,2010,4.75,4.25,4.5,4,4.5,4.75,4.75,4,1,Mid-Range,4.5-4.75,Small,Available >30 Days
1.52739E+18,Pune,Unknown,18.54616845,73.77831203,Entire Home,Entire rental unit,2,1,1,1,2596,4.2,4.6,3.6,4.2,4.2,4.2,4.4,5,1,Mid-Range,4.0-4.5,Small,Available >30 Days
1.60995E+18,Pune,Dasar,18.57574703,73.7797175,Private Room,Private room in bed and breakfast,3,1,1,1,1344,4,4,4,5,5,5,5,1,1,Budget,3.0-4.0,Medium,Available >30 Days
1.61012E+18,Pune,Unknown,18.45227719,73.92392993,Hotel,Room in hotel,2,1,1,1,1300,4.82,4.8,4.77,,,,,0,1,Budget,4.75-5.0,Small,Available >30 Days
1.61062E+18,Pune,Unknown,18.54128,73.92309,Private Room,Private room in rental unit,2,1,1,1,2104,4.5,4.25,4.38,4.25,4.5,4.38,4.63,8,1,Mid-Range,4.0-4.5,Small,Available >30 Days
1.61066E+18,Pune,Khadakwasla,18.44308822,73.784987,Private Room,Private room in rental unit,1,1.5,1,1,1062,4.82,4.8,4.77,,,,,0,1,Budget,4.75-5.0,Small,Available >30 Days
20895460,Pune,Unknown,18.6363559,73.84131339,Entire Home,Entire home,6,2,3,3,5910,4.82,4.8,4.77,,,,,0,1,Premium,4.75-5.0,Large,Available >30 Days
23908716,Pune,Unknown,18.4799,73.80386,Private Room,Private room in rental unit,2,1.5,1,1,1323,4.8,4.6,4.4,4.6,4.6,4.8,4.8,5,1,Budget,4.75-5.0,Small,Available >30 Days
8.58684E+17,Marunji,Tathawade,18.60762,73.74845,Private Room,Private room in bed and breakfast,3,1,1,1,1781,4,4,4,4,5,5,5,1,1,Budget,3.0-4.0,Medium,Available >30 Days
8.64815E+17,Pune,Unknown,18.55258,73.9611,Private Room,Private room in home,16,12,12,12,1600,4.82,4.8,4.77,,,,,0,1,Budget,4.75-5.0,Large,Available >30 Days
8.6958E+17,Pune,Unknown,18.58012,73.97466,Private Room,Private room in rental unit,2,1,1,1,1754,4.91,4.76,4.79,4.76,4.79,4.94,4.97,34,1,Budget,4.75-5.0,Small,Available >30 Days
1.15413E+18,Pune,Unknown,18.52785,73.77686,Private Room,Private room in rental unit,4,2,1,1,3508,4.82,4.8,4.77,,,,,0,1,Mid-Range,4.75-5.0,Medium,Available >30 Days
1.1657E+18,Pune,Unknown,18.57205,73.77055,Entire Home,Entire rental unit,5,2,2,2,5613,5,4.8,4.4,4.8,4.8,4.8,4.6,5,1,Premium,4.75-5.0,Medium,Available >30 Days
1.41954E+18,Pune,Balewadi Phata,18.5650169,73.78141688,Private Room,Private room in home,10,1,1,1,4911,4.82,4.8,4.77,,,,,0,1,Premium,4.75-5.0,Large,Available >30 Days
1.53384E+18,Pune,Unknown,18.54092787,73.88485513,Entire Home,Entire rental unit,2,1,1,1,2940,4.64,4.64,4.5,4.57,4.57,4.43,4.57,14,1,Mid-Range,4.5-4.75,Small,Available >30 Days
1.53405E+18,Pune,Unknown,18.53064723,73.8376264,Private Room,Private room in rental unit,2,1,1,1,3508,4.82,4.8,4.77,,,,,0,1,Mid-Range,4.75-5.0,Small,Available >30 Days
1.61235E+18,Pimpri-Chinchwad,Punawale,18.62835293,73.74436757,Entire Home,Entire rental unit,3,1,1,1,2838,4.82,4.8,4.77,,,,,0,1,Mid-Range,4.75-5.0,Medium,Available >30 Days
1.61237E+18,Pimpri-Chinchwad,Punawale,18.62711372,73.74473375,Entire Home,Entire rental unit,3,2,1,1,2611,4.82,4.8,4.77,,,,,0,1,Mid-Range,4.75-5.0,Medium,Available >30 Days
1.61272E+18,Pune,Unknown,18.54805672,73.79237038,Entire Home,Entire rental unit,4,2,2,2,3858,4.82,4.8,4.77,,,,,0,1,Mid-Range,4.75-5.0,Medium,Available >30 Days
9.63715E+17,Pune,Unknown,18.4243,73.7257,Entire Home,Entire villa,8,3,2,2,11902,4.95,4.95,4.95,4.73,4.98,4.93,4.98,44,1,Luxury,4.75-5.0,Large,Available >30 Days
9.65089E+17,Pune,Unknown,18.521,73.8439,Hotel,Room in hotel,3,1,1,1,4584,2.5,4,1,2.5,3,3,3,2,1,Premium,Below 3,Medium,Available >30 Days
9.69632E+17,Pune,Unknown,18.5602,73.7787,Entire Home,Entire rental unit,7,2,2,2,2923,4.79,4.5,4.86,4.5,4.86,4.57,4.79,14,1,Mid-Range,4.75-5.0,Large,Available >30 Days
9.7077E+17,Pune,Unknown,18.51317,73.87201,Private Room,Private room in rental unit,2,1,1,1,2271,4.82,4.8,4.77,,,,,0,1,Mid-Range,4.75-5.0,Small,Available >30 Days
1.23821E+18,Pimpri-Chinchwad,Sainath colony,18.5979,73.7637,Private Room,Private room in rental unit,1,1,1,1,1740,4.93,4.93,4.79,4.86,4.86,4.93,4.93,28,1,Budget,4.75-5.0,Small,Available >30 Days
1.24403E+18,Pune,Gahunje,18.66322105,73.70691912,Entire Home,Entire rental unit,4,1,1,1,3173,5,5,5,5,5,5,5,4,1,Mid-Range,4.75-5.0,Medium,Available >30 Days
1.24814E+18,Pimpri-Chinchwad,Unknown,18.56863101,73.72938022,Entire Home,Entire bungalow,12,1,3,3,18733,4.82,4.8,4.77,,,,,0,1,Luxury,4.75-5.0,Large,Available >30 Days
1.39777E+18,Pune,Unknown,18.5415,73.9225,Entire Home,Entire rental unit,2,1,1,1,2316,5,4.81,4.87,4.97,5,4.97,4.97,31,1,Mid-Range,4.75-5.0,Small,Available >30 Days
1.51668E+18,Dehu Road Cantonment Area,Mamurdi,18.6792483,73.72254033,Entire Home,Entire home,5,2.5,4,4,4361,4.82,4.8,4.77,,,,,0,1,Premium,4.75-5.0,Medium,Available >30 Days
1.59718E+18,Pune,Unknown,18.59585664,73.90115323,Private Room,Private room in home,2,1,1,1,2572,5,5,5,4,5,5,5,1,1,Mid-Range,4.75-5.0,Small,Available >30 Days
1.59769E+18,Pune,Unknown,18.58095266,73.97643734,Entire Home,Entire rental unit,4,2,2,2,2349,5,3.67,5,4.33,5,5,5,3,1,Mid-Range,4.75-5.0,Medium,Available >30 Days
1.59937E+18,Pune,Unknown,18.4815915,73.93204855,Private Room,Private room in home,2,1,1,1,1843,4.82,4.8,4.77,,,,,0,1,Budget,4.75-5.0,Small,Available >30 Days
24013476,Pune,Unknown,18.49706,73.83785,Entire Home,Entire home,2,1,1,1,1754,4.9,4.81,4.67,4.86,4.95,4.95,5,21,1,Budget,4.75-5.0,Small,Available >30 Days
24371271,Pune,Blue Ridge Town,18.57996,73.73664,Private Room,Private room in apartment,1,1,1,1,1286,4.9,5,4.85,4.85,4.95,4.9,5,20,1,Budget,4.75-5.0,Small,Available >30 Days
31580554,Pune,Unknown,18.5555,73.9533,Entire Home,Entire rental unit,2,1,1,1,3156,2.5,2.5,4,3,3,4,5,2,1,Mid-Range,Below 3,Small,Available >30 Days
32714733,Pune,Unknown,18.52969048,73.83887812,Entire Home,Entire rental unit,6,3,3,3,6813,4.82,4.8,4.77,,,,,0,1,Premium,4.75-5.0,Large,Available >30 Days
8832652,Pune,Unknown,18.53057,73.89735,Private Room,Private room in apartment,3,1,1,1,2499,4.73,4.91,4.74,4.71,4.79,4.82,4.85,215,1,Mid-Range,4.5-4.75,Medium,Available >30 Days
9.0034E+17,Pune,Tathawade,18.6235,73.7545,Entire Home,Entire apartment,2,1.5,1,1,3115,4,3.6,4,3.6,4,4.4,4.2,5,1,Mid-Range,3.0-4.0,Small,Available >30 Days
9.01545E+17,Pune,Unknown,18.56624,73.90764,Entire Home,Entire rental unit,5,2,2,2,4677,4.88,4.89,4.83,4.83,4.85,4.87,4.91,155,1,Premium,4.75-5.0,Medium,Available >30 Days
1.08896E+18,Pune,Unknown,18.5096,73.85071,Entire Home,Entire apartment,4,1,2,2,3075,4.82,4.75,4.85,4.74,4.82,4.9,4.96,68,1,Mid-Range,4.75-5.0,Medium,Available >30 Days
1.09269E+18,Pune,Unknown,18.5136,73.9093,Entire Home,Entire apartment,8,2,2,2,3395,4.91,4.46,4.96,4.79,4.87,4.86,4.93,70,1,Mid-Range,4.75-5.0,Large,Available >30 Days
1.09344E+18,Pune,Unknown,18.53284,73.89109,Entire Home,Entire apartment,3,1,1,1,2900,4.81,4.85,4.75,4.78,4.79,4.87,4.84,67,1,Mid-Range,4.75-5.0,Medium,Available >30 Days
1.09721E+18,Pune,Unknown,18.4601,73.79772,Entire Home,Entire rental unit,2,1,1,1,2100,4.56,4.74,4.59,4.67,4.89,4.93,4.7,27,1,Mid-Range,4.5-4.75,Small,Available >30 Days
13265983,Pune,Unknown,18.50033,73.8054,Private Room,Private room in bungalow,3,1,1,1,1754,4.58,4.88,4.65,4.38,4.73,4.88,4.92,26,1,Budget,4.5-4.75,Medium,Available >30 Days
1.33413E+18,Pune,Unknown,18.54557929,73.7799928,Entire Home,Entire rental unit,2,1,1,1,2596,4.92,4.88,4.92,4.85,4.96,5,5,26,1,Mid-Range,4.75-5.0,Small,Available >30 Days
1.33541E+18,Pune,Unknown,18.59386854,73.94936936,Entire Home,Entire home,4,3,3,3,3088,4.82,4.8,4.77,,,,,0,1,Mid-Range,4.75-5.0,Medium,Available >30 Days
1.3361E+18,Pune,Unknown,18.54190075,73.94235064,Entire Home,Entire apartment,2,1,1,1,2708,4.82,4.8,4.77,,,,,0,1,Mid-Range,4.75-5.0,Small,Available >30 Days
1.47812E+18,Pune,Unknown,18.5329,73.834,Shared Room,Shared room in home,8,1,1,1,1254,4.82,4.8,4.77,,,,,0,1,Budget,4.75-5.0,Large,Available >30 Days
1.4789E+18,Pune,Unknown,18.60063,73.91692,Entire Home,Entire apartment,4,2.5,2,2,3747,4.9,4.62,4.87,4.85,4.87,4.95,4.97,39,1,Mid-Range,4.75-5.0,Medium,Available >30 Days
1.48096E+18,Pune,Unknown,18.52054194,73.93160619,Hotel,Room in boutique hotel,2,1,1,1,4792,4.82,4.8,4.77,,,,,0,1,Premium,4.75-5.0,Small,Available >30 Days
1.54916E+18,Pune,Unknown,18.54164,73.88838,Entire Home,Entire rental unit,2,1,1,1,2918,4.5,5,4.5,5,5,5,5,2,1,Mid-Range,4.0-4.5,Small,Available >30 Days
1.55112E+18,Pune,Unknown,18.57517,73.99379,Entire Home,Entire home,10,3,3,3,3367,5,5,5,5,5,5,5,1,1,Mid-Range,4.75-5.0,Large,Available >30 Days
1.61871E+18,Pune,Gahunje,18.6627,73.7091,Entire Home,Entire rental unit,3,1,1,1,3058,4.75,4.92,4.67,4.92,4.83,4.83,4.92,12,1,Mid-Range,4.5-4.75,Medium,Available >30 Days
52978920,Pune,Gahunje,18.6616,73.70731,Private Room,Private room in guest suite,3,1,1,1,5262,4.82,4.8,4.77,,,,,0,1,Premium,4.75-5.0,Medium,Available >30 Days
53082558,Pune,Unknown,18.5534,73.8974,Private Room,Private room in bungalow,2,1,1,1,3061,4.82,4.8,4.77,,,,,0,1,Mid-Range,4.75-5.0,Small,Available >30 Days
53082834,Pune,Unknown,18.5531,73.8974,Private Room,Private room in bungalow,2,1.5,1,1,2689,4.82,4.8,4.77,,,,,0,1,Mid-Range,4.75-5.0,Small,Available >30 Days
53124921,Pune,Kalyani Nagar,18.54647,73.90221,Private Room,Private room in bungalow,8,1,3,3,5891,4.82,4.8,4.77,,,,,0,1,Premium,4.75-5.0,Large,Available >30 Days
53490325,Pune,Unknown,18.48162,73.93261,Private Room,Private room in villa,2,1,1,1,1907,4.84,4.73,4.82,4.73,4.85,4.89,4.88,102,1,Budget,4.75-5.0,Small,Available >30 Days
53913414,Pune,Unknown,18.55371,73.89662,Shared Room,Shared room in hostel,1,1.5,1,1,1260,4.83,5,4.42,4.83,4.83,4.83,4.92,12,1,Budget,4.75-5.0,Small,Available >30 Days
5.51791E+17,Pune,Unknown,18.56789,73.76944,Entire Home,Entire villa,16,16,16,16,23388,5,5,3,5,5,4,5,1,1,Luxury,4.75-5.0,Large,Available >30 Days
5.52046E+17,Pune,Unknown,18.55235,73.77724,Hotel,Room in hotel,2,1,1,1,1653,4.25,4.13,4.13,4,3.88,4.63,4.25,8,1,Budget,4.0-4.5,Small,Available >30 Days
9.78696E+17,Pune,Unknown,18.55961,73.77744,Private Room,Private room in rental unit,2,1,1,1,1520,4.75,4.86,4.77,4.75,4.7,4.75,4.77,44,1,Budget,4.5-4.75,Small,Available >30 Days
9.80287E+17,Pune,Unknown,18.52596,73.84495,Private Room,Private room in rental unit,2,1,1,1,2546,4.8,4.84,4.85,4.67,4.82,4.81,4.79,91,1,Mid-Range,4.75-5.0,Small,Available >30 Days
9.88949E+17,Pune,Unknown,18.53347,73.93735,Private Room,Private room in home,3,1,1,1,1752,4.82,4.8,4.77,,,,,0,1,Budget,4.75-5.0,Medium,Available >30 Days
9.96941E+17,Pune,Unknown,18.46233,73.91349,Entire Home,Entire rental unit,4,2,2,2,3800,4.71,4.64,4.5,4.5,4.71,4.93,5,14,1,Mid-Range,4.5-4.75,Medium,Available >30 Days
9.99683E+17,Pune,Unknown,18.5551,73.79988,Entire Home,Entire apartment,5,2,2,2,3570,4.71,4.75,4.58,4.58,4.65,4.87,4.85,52,1,Mid-Range,4.5-4.75,Medium,Available >30 Days
1.00757E+18,Pune,Unknown,18.57093,73.78052,Entire Home,Entire rental unit,3,1,1,1,2104,4.94,4.83,4.92,4.9,4.89,4.9,4.94,109,1,Mid-Range,4.75-5.0,Medium,Available >30 Days
1.02639E+18,Pune,Hinjawadi Phase 2,18.5925,73.7184,Entire Home,Entire apartment,4,1.5,2,2,4677,4.45,4.86,4.55,4.23,4.59,4.91,4.91,22,1,Premium,4.0-4.5,Medium,Available >30 Days
1.0345E+18,Pune,Balewadi Phata,18.5641,73.781,Private Room,Private room in villa,2,1,1,1,1631,4.69,4.81,4.59,4.69,4.72,4.81,4.91,32,1,Budget,4.5-4.75,Small,Available >30 Days
1.28899E+18,Pune,Balewadi High Street,18.5695,73.77,Entire Home,Entire apartment,3,1,1,1,2245,4.81,4.8,4.76,4.69,4.78,5,4.94,54,1,Mid-Range,4.75-5.0,Medium,Available >30 Days
1.46007E+18,Pune,Unknown,18.56230326,73.8000285,Hotel,Room in boutique hotel,2,1,1,1,2114,3,2.5,3,3,3,3,3,2,1,Mid-Range,Below 3,Small,Available >30 Days
1.54048E+18,Pune,Unknown,18.47835288,73.90941971,Other,Shipping container,2,1,1,1,8091,4.85,4.93,4.85,4.81,4.85,4.96,4.96,27,1,Luxury,4.75-5.0,Small,Available >30 Days
1.54203E+18,Pune,Balewadi Phata,18.56754,73.78759,Private Room,Private room in rental unit,2,1,1,1,2104,4.82,4.8,4.77,,,,,0,1,Mid-Range,4.75-5.0,Small,Available >30 Days
1.54395E+18,Pune,Unknown,18.5346,73.8982,Entire Home,Entire apartment,3,1,1,1,2399,3.89,3.89,4.11,4,4,4,4.44,9,1,Mid-Range,3.0-4.0,Medium,Available >30 Days
1.62018E+18,Pimpri-Chinchwad,Unknown,18.70172,73.78359,Entire Home,Entire rental unit,15,8,8,8,9037,4.82,4.8,4.77,,,,,0,1,Luxury,4.75-5.0,Large,Available >30 Days
41692502,Pune,Shivneri Park,18.57015,73.78072,Entire Home,Entire rental unit,8,2,2,2,5262,4.66,4.74,4.6,4.58,4.72,4.98,4.86,50,1,Premium,4.5-4.75,Large,Available >30 Days
46783145,Pune,Unknown,18.54649958,73.91892056,Private Room,Private room in rental unit,1,1,1,1,1382,4.76,4.9,4.81,4.81,4.81,4.95,4.9,21,1,Budget,4.75-5.0,Small,Available >30 Days
1.24905E+18,Pune,Unknown,18.54144,73.92293,Entire Home,Entire rental unit,2,1,1,1,2502,4.93,4.53,4.97,4.81,4.92,4.97,4.98,90,1,Mid-Range,4.75-5.0,Small,Available >30 Days
1.25408E+18,Pimpri-Chinchwad,Blue Ridge Town,18.5785,73.7397,Entire Home,Entire loft,2,2,1,1,3683,4.75,4.75,4.7,4.75,4.75,4.75,4.9,20,1,Mid-Range,4.5-4.75,Small,Available >30 Days
1.26002E+18,Pune,Unknown,18.485,73.8501,Entire Home,Entire rental unit,2,1,1,1,4555,4.82,4.8,4.77,,,,,0,1,Premium,4.75-5.0,Small,Available >30 Days
1.34265E+18,Pune,Unknown,18.5766,73.8959,Entire Home,Entire rental unit,2,1,1,1,1841,4.65,4.35,4.38,4.42,4.58,4.65,4.73,26,1,Budget,4.5-4.75,Small,Available >30 Days
1.34845E+18,Pune,Unknown,18.4849,73.8831,Entire Home,Entire rental unit,2,1,1,1,3204,4.94,4.91,4.94,4.88,4.94,4.97,4.91,34,1,Mid-Range,4.75-5.0,Small,Available >30 Days
1.48634E+18,Pune,Unknown,18.5756,73.914,Entire Home,Entire apartment,3,1,1,1,2780,4.8,4.8,5,4.8,4.93,4.93,4.87,15,1,Mid-Range,4.75-5.0,Medium,Available >30 Days
1.5685E+18,Pune,Unknown,18.57519,73.91469,Entire Home,Entire rental unit,2,1,1,1,3239,4.73,4.91,4.82,4.64,4.82,4.86,4.91,22,1,Mid-Range,4.5-4.75,Small,Available >30 Days
1.56854E+18,Pune,Unknown,18.5341,73.8985,Entire Home,Entire rental unit,4,1,1,1,5215,4.92,4.96,5,4.83,4.96,4.88,4.92,24,1,Premium,4.75-5.0,Medium,Available >30 Days
1.57073E+18,Pune,Unknown,18.45096,73.81058,Entire Home,Entire apartment,4,2,2,2,3087,3,3,4,3,4,4,5,1,1,Mid-Range,Below 3,Medium,Available >30 Days
1.63242E+18,Pune,Unknown,18.56441129,73.77064003,Entire Home,Entire bungalow,8,4,4,4,13626,4.82,4.8,4.77,,,,,0,1,Luxury,4.75-5.0,Large,Available >30 Days
5.9893E+17,Pune,Unknown,18.48284,73.89728,Private Room,Private room in apartment,3,1,1,1,2992,4.8,4.8,4.8,4.8,4.6,4.8,4.8,5,1,Mid-Range,4.75-5.0,Medium,Available >30 Days
6.01686E+17,Pune,Unknown,18.5557,73.78623,Entire Home,Entire apartment,8,3.5,4,4,8887,5,4.5,5,4.5,4.5,5,4.5,2,1,Luxury,4.75-5.0,Large,Available >30 Days
1.06263E+18,Pune,Unknown,18.44992,73.91029,Entire Home,Entire rental unit,2,1,1,1,1702,4.5,4,4.5,4,4,4.5,4.5,2,1,Budget,4.0-4.5,Small,Available >30 Days
1.06873E+18,Pune,Shelke Nagar,18.4567,73.8309,Private Room,Private room in apartment,2,1,1,1,1465,4.78,4.89,4.56,4.83,4.78,4.94,5,18,1,Budget,4.75-5.0,Small,Available >30 Days
1.06883E+18,Pune,Unknown,18.53304,73.91581,Entire Home,Entire rental unit,2,1,1,1,1999,4.33,4.13,4.38,4.38,4.33,4.21,4.54,24,1,Budget,4.0-4.5,Small,Available >30 Days
1.30055E+18,Pune,Gahunje,18.66582099,73.70659941,Entire Home,Entire rental unit,2,1,1,1,3638,4.79,4.76,4.97,4.72,4.93,4.9,4.93,29,1,Mid-Range,4.75-5.0,Small,Available >30 Days
1.3019E+18,Pune,Unknown,18.56824,73.78683,Entire Home,Entire rental unit,6,2,2,2,4260,4.56,4.68,4.4,4.44,4.48,4.72,4.84,25,1,Premium,4.5-4.75,Large,Available >30 Days
1.3098E+18,Pune,Unknown,18.5691,73.91997,Private Room,Private room in bed and breakfast,2,1,1,1,1349,4.82,4.8,4.77,,,,,0,1,Budget,4.75-5.0,Small,Available >30 Days
1.31011E+18,Pune,Unknown,18.54225356,73.92333761,Entire Home,Entire rental unit,2,1,1,1,2410,4.79,4.52,4.75,4.69,4.69,4.81,4.69,48,1,Mid-Range,4.75-5.0,Small,Available >30 Days
1.31235E+18,Pimpri-Chinchwad,Unknown,18.6414497,73.7859642,Entire Home,Entire rental unit,3,1,2,2,2537,4.92,5,4.62,4.69,4.85,5,5,13,1,Mid-Range,4.75-5.0,Medium,Available >30 Days
1.31303E+18,Pune,Unknown,18.5845,73.7722,Entire Home,Entire rental unit,4,2,2,2,2923,4.19,4.25,4,4.06,4.25,4.5,4.13,16,1,Mid-Range,4.0-4.5,Medium,Available >30 Days
1.31388E+18,Pune,Unknown,18.5455,73.7779,Entire Home,Entire apartment,4,1,1,1,3961,4.91,4.91,4.88,4.82,4.94,4.93,4.98,90,1,Mid-Range,4.75-5.0,Medium,Available >30 Days
1.46778E+18,Pimpri-Chinchwad,Unknown,18.62066,73.87306,Entire Home,Entire rental unit,2,2,1,1,2010,5,5,5,5,5,5,5,1,1,Mid-Range,4.75-5.0,Small,Available >30 Days
1.46856E+18,Pune,Unknown,18.54547654,73.94708184,Private Room,Private room in rental unit,2,1,1,1,3406,4.82,4.8,4.77,,,,,0,1,Mid-Range,4.75-5.0,Small,Available >30 Days
1.46859E+18,Pune,Unknown,18.60037,73.91819,Entire Home,Entire apartment,2,1,1,1,2960,4.97,4.79,4.94,4.85,4.91,4.94,4.97,33,1,Mid-Range,4.75-5.0,Small,Available >30 Days
1.46957E+18,Pune,Unknown,18.576,73.9138,Entire Home,Entire rental unit,4,1,1,1,2780,4.29,4.61,4.32,4.18,4.29,4.43,4.14,28,1,Mid-Range,4.0-4.5,Medium,Available >30 Days
1.47061E+18,Pimpri-Chinchwad,Ravet,18.6452,73.7421,Private Room,Private room in rental unit,2,2,1,1,1765,4.33,4.33,4.17,4.33,4.5,4.67,4.83,6,1,Budget,4.0-4.5,Small,Available >30 Days
1.47162E+18,Pune,Unknown,18.59288253,73.93961847,Hotel,Room in boutique hotel,2,1,1,1,1771,4.82,4.8,4.77,,,,,0,1,Budget,4.75-5.0,Small,Available >30 Days
1.47237E+18,Pune,Gahunje,18.66084124,73.70909703,Entire Home,Entire apartment,2,1,1,1,3192,4.64,4.82,4.91,4.64,4.82,5,4.73,11,1,Mid-Range,4.5-4.75,Small,Available >30 Days
1.47254E+18,Pune,Unknown,18.54541268,73.77830261,Entire Home,Entire rental unit,2,1,1,1,2245,4.72,4.85,4.66,4.6,4.79,4.91,4.94,53,1,Mid-Range,4.5-4.75,Small,Available >30 Days
1.55508E+18,Pune,Unknown,18.54045,73.89884,Entire Home,Entire rental unit,2,1,1,1,2620,4.7,4.8,4.7,4.6,4.5,4.9,4.8,10,1,Mid-Range,4.5-4.75,Small,Available >30 Days
1.55788E+18,Pune,Unknown,18.57660576,73.91357233,Entire Home,Entire rental unit,4,1,1,1,3028,4.74,4.7,4.57,4.65,4.65,4.91,4.83,23,1,Mid-Range,4.5-4.75,Medium,Available >30 Days
1.56075E+18,Pune,Unknown,18.5730327,73.91145832,Entire Home,Entire rental unit,3,1,1,1,2491,4.93,4.87,4.73,4.73,4.93,4.87,4.87,15,1,Mid-Range,4.75-5.0,Medium,Available >30 Days
1.62711E+18,Pune,Unknown,18.51471292,73.83395741,Hotel,Room in boutique hotel,2,1,1,1,3008,4.82,4.8,4.77,,,,,0,1,Mid-Range,4.75-5.0,Small,Available >30 Days
1.62721E+18,Pimpri-Chinchwad,Unknown,18.64545801,73.79693835,Entire Home,Entire rental unit,2,1,1,1,1957,5,5,5,5,5,5,5,1,1,Budget,4.75-5.0,Small,Available >30 Days
1.62737E+18,Pimpri-Chinchwad,Shantiniketan Society,18.5924,73.7824,Entire Home,Entire rental unit,2,1.5,1,1,1857,5,5,5,5,5,5,5,1,1,Budget,4.75-5.0,Small,Available >30 Days
1.62793E+18,Pimpri-Chinchwad,Unknown,18.64334,73.79688,Entire Home,Entire rental unit,4,2,2,2,5191,4.82,4.8,4.77,,,,,0,1,Premium,4.75-5.0,Medium,Available >30 Days
47486978,Pune,Sangrun,18.4024,73.6948,Entire Home,Entire villa,10,4,4,4,30404,4.4,5,3.8,4,4.6,4.4,4.8,5,1,Luxury,4.0-4.5,Large,Available >30 Days
48880105,Pimpri-Chinchwad,Unknown,18.65345,73.7625,Entire Home,Entire apartment,2,2,1,1,3215,4.9,4.9,4.89,4.86,4.9,4.92,4.93,166,1,Mid-Range,4.75-5.0,Small,Available >30 Days
51610775,Pune,Unknown,18.54258,73.93833,Private Room,Private room in bed and breakfast,3,1,1,1,3795,4.5,4.25,4.75,4.5,4.75,4.75,4.25,4,1,Mid-Range,4.0-4.5,Medium,Available >30 Days
1.07067E+18,Pune,Unknown,18.4998,73.9511,Hotel,Room in hotel,2,13,13,13,2455,3.67,3.67,3.67,3.33,3.67,3.67,3.67,3,1,Mid-Range,3.0-4.0,Small,Available >30 Days
1.08325E+18,Pune,Unknown,18.5544,73.96078,Entire Home,Entire rental unit,4,2,2,2,5728,4.82,4.8,4.77,,,,,0,1,Premium,4.75-5.0,Medium,Available >30 Days
1.08369E+18,Pune,Unknown,18.5411,73.8907,Serviced Apartment,Entire serviced apartment,3,1,1,1,2343,3.75,4,3.88,3.63,3.63,3.88,4,8,1,Mid-Range,3.0-4.0,Medium,Available >30 Days
1.08666E+18,Pune,Unknown,18.5823,73.8857,Entire Home,Entire rental unit,2,1,1,1,5847,4.82,4.64,4.91,4.82,4.82,4.82,5,11,1,Premium,4.75-5.0,Small,Available >30 Days
1.31797E+18,Pune,Unknown,18.56659075,73.91601021,Entire Home,Entire rental unit,6,3,3,3,9899,4.19,4.76,3.95,3.95,4,4.19,4.33,21,1,Luxury,4.0-4.5,Large,Available >30 Days
1.31958E+18,Pune,Unknown,18.54436472,73.77832294,Entire Home,Entire rental unit,2,1,1,1,2420,4.77,4.88,4.68,4.62,4.65,4.89,4.89,66,1,Mid-Range,4.75-5.0,Small,Available >30 Days
1.32029E+18,Pune,Unknown,18.5479,73.9158,Entire Home,Entire rental unit,6,2,2,2,7016,4.82,4.88,4.65,4.76,4.88,4.76,4.94,17,1,Luxury,4.75-5.0,Large,Available >30 Days
1.44988E+18,Pune,Gahunje,18.66264192,73.70877186,Entire Home,Entire apartment,3,1,1,1,2467,4.4,4.73,4.2,4.2,4.47,4.67,4.53,15,1,Mid-Range,4.0-4.5,Medium,Available >30 Days
1.45563E+18,Pimpri-Chinchwad,Unknown,18.66039,73.8007,Entire Home,Entire rental unit,6,2,2,2,4141,4.82,4.8,4.77,,,,,0,1,Premium,4.75-5.0,Large,Available >30 Days
1.57593E+18,Pune,Gahunje,18.66067562,73.70202642,Entire Home,Entire rental unit,8,2,2,2,5565,5,5,5,5,5,5,5,2,1,Premium,4.75-5.0,Large,Available >30 Days
1.57718E+18,Pune,Unknown,18.582,73.9738,Hotel,Room in hotel,2,2,1,1,3549,4.82,4.8,4.77,,,,,0,1,Mid-Range,4.75-5.0,Small,Available >30 Days
1.57739E+18,Pune,Unknown,18.62554714,73.79753404,Private Room,Private room in rental unit,2,1,1,1,2043,4.82,4.8,4.77,,,,,0,1,Mid-Range,4.75-5.0,Small,Available >30 Days
1.57749E+18,Pune,Marutrao Gaikwad nagar,18.55487789,73.81238041,Private Room,Private room in rental unit,4,1,1,1,3406,5,5,5,5,5,5,5,1,1,Mid-Range,4.75-5.0,Medium,Available >30 Days
1.63963E+18,Pune,Bhukum,18.50428423,73.71813191,Entire Home,Entire rental unit,15,2,1,1,5847,4.82,4.8,4.77,,,,,0,1,Premium,4.75-5.0,Large,Available >30 Days
1.64026E+18,Pune,Unknown,18.54097636,73.88863977,Entire Home,Entire rental unit,2,1,1,1,1212,4.82,4.8,4.77,,,,,0,1,Budget,4.75-5.0,Small,Available >30 Days
7.57766E+17,Pune,Samarth Colony,18.5572,73.7748,Entire Home,Entire holiday home,4,1,1,1,2104,4.95,4.89,4.9,4.87,4.92,4.96,4.96,103,1,Mid-Range,4.75-5.0,Medium,Available >30 Days
7.8153E+17,Pune,Gahunje,18.66415,73.70815,Entire Home,Entire rental unit,4,1,1,1,3470,4.84,4.85,4.9,4.74,4.87,4.95,4.91,100,1,Mid-Range,4.75-5.0,Medium,Available >30 Days
1.21529E+18,Pune,Balewadi High Street,18.5726,73.7722,Private Room,Private room in rental unit,2,1,1,1,2689,5,5,5,5,5,5,5,2,1,Mid-Range,4.75-5.0,Small,Available >30 Days
1.21637E+18,Pune,Unknown,18.54609,73.77908,Entire Home,Entire rental unit,4,2,2,2,5677,4.82,4.8,4.77,,,,,0,1,Premium,4.75-5.0,Medium,Available >30 Days
1.22729E+18,Pune,Samarth Colony,18.55819,73.77767,Entire Home,Entire rental unit,2,1,1,1,3120,4.27,4.36,4.45,4,4.36,4.55,4.36,11,1,Mid-Range,4.0-4.5,Small,Available >30 Days
1.22729E+18,Pune,Samarth Colony,18.55925,73.77858,Entire Home,Entire rental unit,2,1,1,1,3000,4.67,4.56,4.67,4.44,4.56,4.78,4.67,9,1,Mid-Range,4.5-4.75,Small,Available >30 Days
1.22814E+18,Pune,Unknown,18.5461,73.7791,Entire Home,Entire apartment,4,1,1,1,3705,4.92,4.9,4.83,4.71,4.87,4.92,4.95,130,1,Mid-Range,4.75-5.0,Medium,Available >30 Days
1.35319E+18,Pune,Mhalunge,18.57252,73.75545,Entire Home,Entire rental unit,3,1,1,1,2338,3,4,3,3,5,4,4,1,1,Mid-Range,Below 3,Medium,Available >30 Days
1.36082E+18,Pune,Unknown,18.5462,73.7792,Entire Home,Entire rental unit,2,1,1,1,2922,4.8,4.8,4.8,4.8,4.8,5,4.8,5,1,Mid-Range,4.75-5.0,Small,Available >30 Days
13647218,Pune,Unknown,18.549,73.91911,Entire Home,Entire rental unit,4,2,2,2,9565,4.82,4.8,4.77,,,,,0,1,Luxury,4.75-5.0,Medium,Available >30 Days
1.49865E+18,Pune,Unknown,18.5757,73.9143,Entire Home,Entire rental unit,2,1,1,1,2699,4.69,4.75,4.75,4.5,4.75,4.81,4.75,16,1,Mid-Range,4.5-4.75,Small,Available >30 Days
1.50052E+18,Pune,Unknown,18.5756,73.914,Entire Home,Entire rental unit,2,1,1,1,2607,5,5,4.67,4.78,4.89,5,5,9,1,Mid-Range,4.75-5.0,Small,Available >30 Days
1.50197E+18,Pune,Mavale vasti,18.492,73.8178,Entire Home,Entire rental unit,2,0,1,1,1871,4.5,4.63,4.5,4.38,4.25,4.5,4.63,8,1,Budget,4.0-4.5,Small,Available >30 Days
1.58314E+18,Pimpri-Chinchwad,Unknown,18.6338,73.8491,Private Room,Private room in home,2,1,1,1,1697,5,5,5,5,5,5,5,1,1,Budget,4.75-5.0,Small,Available >30 Days
1.5845E+18,Pune,Unknown,18.5756,73.914,Entire Home,Entire rental unit,4,1,1,1,3973,4.92,4.92,4.77,4.62,4.69,4.77,4.85,13,1,Mid-Range,4.75-5.0,Medium,Available >30 Days
1.58612E+18,Pune,Unknown,18.5049,73.7919,Private Room,Private room in rental unit,2,1,1,1,1729,5,4.92,5,4.85,5,5,5,13,1,Budget,4.75-5.0,Small,Available >30 Days
1.58686E+18,Pune,Unknown,18.5794,73.9954,Private Room,Private room in bed and breakfast,4,1,1,1,2838,4.82,4.8,4.77,,,,,0,1,Mid-Range,4.75-5.0,Medium,Available >30 Days
1.6428E+18,Pune,Unknown,18.5788,73.9815,Entire Home,Entire villa,16,5,5,5,6030,4.82,4.8,4.77,,,,,0,1,Premium,4.75-5.0,Large,Available >30 Days
1.64363E+18,Pune,Unknown,18.5657,73.7859,Private Room,Private room in rental unit,1,1,1,1,3250,4.82,4.8,4.77,,,,,0,1,Mid-Range,4.75-5.0,Small,Available >30 Days
1.64398E+18,Pimpri-Chinchwad,Unknown,18.63265787,73.8493927,Private Room,Private room in bungalow,1,1,1,1,1419,4.82,4.8,4.77,,,,,0,1,Budget,4.75-5.0,Small,Available >30 Days
1.6457E+18,Pune,Nande,18.56473121,73.73393416,Entire Home,Entire rental unit,6,2,2,2,7778,4.82,4.8,4.77,,,,,0,1,Luxury,4.75-5.0,Large,Available >30 Days
1.6464E+18,Pune,Unknown,18.57440693,73.91345186,Private Room,Private room in rental unit,2,1,1,1,1719,4.82,4.8,4.77,,,,,0,1,Budget,4.75-5.0,Small,Available >30 Days
1.64651E+18,Hinjavadi,Blue Ridge Town,18.5787,73.737,Entire Home,Entire rental unit,2,1.5,1,1,4063,5,5,5,5,5,5,5,1,1,Premium,4.75-5.0,Small,Available >30 Days
6.27062E+17,Pune,Unknown,18.62837,73.80856,Entire Home,Entire apartment,3,2,1,1,3204,4.83,4.89,4.72,4.61,4.56,4.94,4.89,18,1,Mid-Range,4.75-5.0,Medium,Available >30 Days
6.42418E+17,Pune,Shivneri Park,18.56644,73.77825,Hotel,Room in boutique hotel,16,10,10,10,25000,4.82,4.8,4.77,,,,,0,1,Luxury,4.75-5.0,Large,Available >30 Days
1.12281E+18,Pune,Unknown,18.6237,73.9149,Private Room,Private room in home,2,1,1,1,2338,5,5,5,5,5,5,5,1,1,Mid-Range,4.75-5.0,Small,Available >30 Days
1.1367E+18,Pune,Unknown,18.50543188,73.90274346,Entire Home,Entire rental unit,3,1.5,1,1,1520,4.76,4.71,4.86,4.67,4.86,4.9,4.86,21,1,Budget,4.75-5.0,Medium,Available >30 Days
1.13821E+18,Pune,Unknown,18.58424551,73.83291203,Entire Home,Entire apartment,10,3,3,3,7110,3,3,3,3,4,4,4,1,1,Luxury,Below 3,Large,Available >30 Days
1.38304E+18,Pune,Unknown,18.3995,73.7664,Private Room,Private room in bed and breakfast,6,2,2,2,1612,5,5,5,5,5,5,5,1,1,Budget,4.75-5.0,Large,Available >30 Days
1.39182E+18,Pune,Unknown,18.59441549,73.90427147,Private Room,Private room in bungalow,6,1,1,1,2740,5,5,5,5,5,5,5,1,1,Mid-Range,4.75-5.0,Large,Available >30 Days
1.50922E+18,Pune,Unknown,18.4671693,73.85371125,Entire Home,Entire home,5,1,2,2,2904,4,4,4,4.33,4.67,4.33,4.67,3,1,Mid-Range,3.0-4.0,Medium,Available >30 Days
1.50924E+18,Pune,Unknown,18.5759,73.9143,Entire Home,Entire apartment,2,1,1,1,3367,5,4.86,5,4.86,4.86,5,5,7,1,Mid-Range,4.75-5.0,Small,Available >30 Days
1.51086E+18,Pune,Marunji,18.60225368,73.73153536,Hotel,Room in boutique hotel,2,1,1,1,1839,2,2,3,1,1,1,1,1,1,Budget,Below 3,Small,Available >30 Days
1.58905E+18,Pune,Unknown,18.5184907,73.93998153,Entire Home,Entire rental unit,5,2,2,2,4329,4.82,4.8,4.77,,,,,0,1,Premium,4.75-5.0,Medium,Available >30 Days
1.58913E+18,Pune,Unknown,18.5764,73.9119,Entire Home,Entire rental unit,2,1,1,1,3072,5,5,5,5,5,5,5,5,1,Mid-Range,4.75-5.0,Small,Available >30 Days
1.59127E+18,Pune,Blue Ridge Town,18.5786,73.736,Entire Home,Entire rental unit,6,2,2,2,2670,5,5,5,5,5,5,5,12,1,Mid-Range,4.75-5.0,Large,Available >30 Days
1.59433E+18,Pune,Unknown,18.5415,73.9225,Entire Home,Entire rental unit,2,1,1,1,2149,5,5,5,4.89,4.89,4.89,5,9,1,Mid-Range,4.75-5.0,Small,Available >30 Days
1.65002E+18,Pune,Balewadi Phata,18.56352391,73.78500101,Private Room,Private room in bed and breakfast,2,0,1,1,1429,5,5,5,5,5,5,5,1,1,Budget,4.75-5.0,Small,Available >30 Days
8.15573E+17,Pimpri-Chinchwad,Tathawade,18.6106,73.74627,Hotel,Room in hotel,3,1,1,1,2637,4.82,4.8,4.77,,,,,0,1,Mid-Range,4.75-5.0,Medium,Available >30 Days
8.16719E+17,Pune,Balewadi Phata,18.562,73.7808,Private Room,Private room in home,3,1,1,1,2780,4.84,4.88,4.88,4.82,4.86,4.93,4.93,74,1,Mid-Range,4.75-5.0,Medium,Available >30 Days
8.30288E+17,Pune,Unknown,18.57429,73.91619,Private Room,Private room in rental unit,6,2,2,2,2294,5,5,5,5,5,5,5,4,1,Mid-Range,4.75-5.0,Large,Available >30 Days
1.16961E+18,Pune,Unknown,18.55957,73.77923,Entire Home,Entire home,16,14,14,14,31574,4.82,4.8,4.77,,,,,0,1,Luxury,4.75-5.0,Large,Available >30 Days
1.1745E+18,Pune,Baner Gaon,18.55839,73.79213,Private Room,Private room in villa,2,1,1,1,1670,4.81,4.81,4.85,4.59,4.74,4.7,4.93,27,1,Budget,4.75-5.0,Small,Available >30 Days
1.17691E+18,Pune,Sakhare Vasti,18.588,73.7394,Private Room,Private room in rental unit,2,1,1,1,1367,4.82,4.8,4.77,,,,,0,1,Budget,4.75-5.0,Small,Available >30 Days
1.18254E+18,Pune,Unknown,18.51929,73.83544,Entire Home,Entire rental unit,5,1,2,2,4502,4.61,4.64,4.46,4.42,4.56,4.67,4.74,84,1,Premium,4.5-4.75,Medium,Available >30 Days
1.18549E+18,Pune,Samarth Colony,18.55749,73.7753,Entire Home,Entire apartment,6,3,3,3,5788,4.98,4.9,4.92,4.92,4.96,4.92,4.96,49,1,Premium,4.75-5.0,Large,Available >30 Days
1.36667E+18,Pune,Mhalunge,18.5701,73.7524,Entire Home,Entire rental unit,4,2,2,2,3160,4.27,4.36,4.45,4.09,4.73,4.55,4.55,11,1,Mid-Range,4.0-4.5,Medium,Available >30 Days
1.37096E+18,Pune,Unknown,18.51477186,73.93353781,Private Room,Private room in rental unit,2,1,1,1,2190,2,5,4,2,4,2,5,1,1,Mid-Range,Below 3,Small,Available >30 Days
1.37163E+18,Pune,Unknown,18.5823,73.9742,Private Room,Private room in bungalow,3,1,1,1,2846,4.81,4.7,4.89,4.76,4.87,4.86,4.91,70,1,Mid-Range,4.75-5.0,Medium,Available >30 Days
1.37655E+18,Pune,Unknown,18.532,73.9161,Entire Home,Entire apartment,2,1,1,1,2338,4,4,3,5,4,5,5,1,1,Mid-Range,3.0-4.0,Small,Available >30 Days
1.3773E+18,Pune,Unknown,18.5461,73.7791,Entire Home,Entire rental unit,3,1,1,1,3156,4.5,4.5,4.5,4,4.5,5,4.5,2,1,Mid-Range,4.0-4.5,Medium,Available >30 Days
1.48823E+18,Pune,Unknown,18.461,73.8018,Entire Home,Entire rental unit,4,1,1,1,2820,5,5,4.75,4.25,5,5,4.75,4,1,Mid-Range,4.75-5.0,Medium,Available >30 Days
1.49345E+18,Pune,Unknown,18.5564,73.966,Entire Home,Entire cabin,4,2,2,2,7493,4.82,4.8,4.77,,,,,0,1,Luxury,4.75-5.0,Medium,Available >30 Days
1.49609E+18,Pimpri-Chinchwad,Shantiniketan Society,18.58860294,73.78496764,Entire Home,Entire home,2,1,1,1,2875,5,4.91,5,4.96,5,5,5,23,1,Mid-Range,4.75-5.0,Small,Available >30 Days
1.56527E+18,Pune,Unknown,18.4133711,73.951281,Hotel,Room in boutique hotel,2,1,1,1,974,4.82,4.8,4.77,,,,,0,1,Budget,4.75-5.0,Small,Available >30 Days
1.6354E+18,Pune,Unknown,18.579774,73.91040359,Entire Home,Entire rental unit,2,1,1,1,4838,5,5,4.67,5,5,5,5,3,1,Premium,4.75-5.0,Small,Available >30 Days
1.6355E+18,Pune,Unknown,18.5759,73.9142,Entire Home,Entire rental unit,4,1,1,1,2780,5,5,5,5,5,5,5,2,1,Mid-Range,4.75-5.0,Medium,Available >30 Days
6.89686E+17,Pune,Unknown,18.4901,73.7919,Private Room,Private room in rental unit,2,1,1,1,1590,4.6,4.57,4.55,4.48,4.52,4.71,4.65,65,1,Budget,4.5-4.75,Small,Available >30 Days
7.54899E+17,Pune,Balewadi High Street,18.5688,73.7752,Private Room,Private room in bed and breakfast,1,1,1,1,1048,4.79,4.91,4.64,4.81,4.91,4.93,4.99,67,0,Budget,4.75-5.0,Small,Available ≤30 Days
1.19241E+18,Pune,Unknown,18.51315,73.9315,Private Room,Private room in apartment,4,1,2,2,1821,4.77,5,5,4.85,4.92,5,4.92,13,1,Budget,4.75-5.0,Medium,Available >30 Days
1.2073E+18,Pune,Unknown,18.5206,73.9407,Entire Home,Entire rental unit,2,1,1,1,5899,4.82,4.8,4.77,,,,,0,1,Premium,4.75-5.0,Small,Available >30 Days
1.21063E+18,Pune,Unknown,18.54663,73.7784,Entire Home,Entire apartment,3,1,1,1,2455,4.69,4.8,4.61,4.66,4.79,4.79,4.88,99,1,Mid-Range,4.5-4.75,Medium,Available >30 Days
1.4375E+18,Pune,Unknown,18.54952,73.94864,Entire Home,Entire rental unit,8,3,3,3,4220,3.92,4.08,3.83,3.92,3.92,4.25,4.08,12,1,Premium,3.0-4.0,Large,Available >30 Days
1.44345E+18,Pune,Unknown,18.53296,73.91752,Entire Home,Entire rental unit,2,1,1,1,2089,4.63,4.33,4.21,4.17,4.5,4.83,4.79,24,1,Mid-Range,4.5-4.75,Small,Available >30 Days
1.44493E+18,Pune,Balewadi High Street,18.57140163,73.7739871,Entire Home,Entire rental unit,2,1,1,1,6876,4.82,4.8,4.77,,,,,0,1,Premium,4.75-5.0,Small,Available >30 Days
1.5177E+18,Pune,Unknown,18.52498,73.93833,Entire Home,Entire apartment,3,1,1,1,3489,4.93,5,4.97,4.97,5,4.93,5,29,1,Mid-Range,4.75-5.0,Medium,Available >30 Days
1.5228E+18,Pune,Balewadi Phata,18.56419401,73.78188892,Private Room,Private room in bed and breakfast,2,1,1,1,2361,5,5,5,5,5,5,5,2,1,Mid-Range,4.75-5.0,Small,Available >30 Days
1.60347E+18,Pune,Unknown,18.53350164,73.89148873,Private Room,Private room in rental unit,1,1,1,1,2256,5,5,5,5,5,5,5,1,1,Mid-Range,4.75-5.0,Small,Available >30 Days
1.60504E+18,Pune,Unknown,18.5794,73.7866,Hotel,Room in hotel,2,1,1,1,1806,4.6,4.87,4.87,4.6,4.53,4.67,4.6,15,1,Budget,4.5-4.75,Small,Available >30 Days
1.60706E+18,Pune,Shivneri Park,18.56924703,73.78140131,Hotel,Room in hotel,3,1,1,1,1620,3,3,4,3,2,3,4,1,1,Budget,Below 3,Medium,Available >30 Days
1.65208E+18,Pune,Gahunje,18.66259,73.71002,Entire Home,Entire rental unit,2,1,1,1,2278,4.82,4.8,4.77,,,,,0,1,Mid-Range,4.75-5.0,Small,Available >30 Days
1.6529E+18,Pune,Unknown,18.52454538,73.95629558,Entire Home,Entire villa,2,1,1,1,1444,4.82,4.8,4.77,,,,,0,1,Budget,4.75-5.0,Small,Available >30 Days
1.65295E+18,Pune,Unknown,18.5425,73.9414,Entire Home,Entire rental unit,2,1,1,1,2394,4.82,4.8,4.77,,,,,0,1,Mid-Range,4.75-5.0,Small,Available >30 Days
1.65337E+18,Pimpri-Chinchwad,Unknown,18.63658,73.84088,Private Room,Private room in home,1,1,1,1,1395,4.82,4.8,4.77,,,,,0,1,Budget,4.75-5.0,Small,Available >30 Days
1.65452E+18,Pimpri-Chinchwad,Tathawade,18.61166437,73.74174633,Entire Home,Entire rental unit,3,1,1,1,1898,4.82,4.8,4.77,,,,,0,1,Budget,4.75-5.0,Medium,Available >30 Days
9.04887E+17,Pune,Unknown,18.5395,73.8953,Private Room,Private room in bungalow,4,1,1,1,2256,4.91,4.98,4.71,4.88,4.94,4.9,4.95,82,1,Mid-Range,4.75-5.0,Medium,Available >30 Days
9.09046E+17,Pune,Unknown,18.5337,73.8986,Entire Home,Entire apartment,2,1,1,1,3349,4.88,4.82,4.89,4.76,4.89,4.93,4.92,168,1,Mid-Range,4.75-5.0,Small,Available >30 Days
9.09367E+17,Pune,Unknown,18.5694,73.7638,Entire Home,Entire apartment,4,1,2,2,3788,4,4.6,4.4,4.4,4.2,4.8,4.6,5,1,Mid-Range,3.0-4.0,Medium,Available >30 Days
9.31128E+17,Pune,Unknown,18.5313,73.9133,Entire Home,Entire rental unit,2,1,1,1,2420,4.77,4.53,4.7,4.56,4.68,4.83,4.9,115,1,Mid-Range,4.75-5.0,Small,Available >30 Days
9.34834E+17,Pune,Unknown,18.40659,73.76619,Entire Home,Entire home,10,4.5,4,4,25727,4.82,4.8,4.77,,,,,0,1,Luxury,4.75-5.0,Large,Available >30 Days
1.27463E+18,Pimpri-Chinchwad,Unknown,18.5993,73.7843,Entire Home,Entire rental unit,4,2,2,2,3974,4.82,4.8,4.77,,,,,0,1,Mid-Range,4.75-5.0,Medium,Available >30 Days
12769769,Pune,Unknown,18.5368,73.8953,Private Room,Private room in bungalow,2,1,1,1,4108,4.53,4.87,4.55,4.4,4.44,4.6,4.67,55,1,Premium,4.5-4.75,Small,Available >30 Days
1.431E+18,Pune,Gahunje,18.6745,73.7065,Entire Home,Entire rental unit,4,1,1,1,4132,4.92,4.83,4.75,4.5,4.67,4.92,4.92,12,1,Premium,4.75-5.0,Medium,Available >30 Days
1.43178E+18,Pune,Unknown,18.54846774,73.94968725,Entire Home,Entire apartment,8,3,3,3,4140,4.39,4.43,4.52,4.35,4.43,4.65,4.7,23,1,Premium,4.0-4.5,Large,Available >30 Days
1.43196E+18,Pune,Unknown,18.56895206,73.91233273,Entire Home,Entire rental unit,4,1,2,2,4062,4.95,4.95,4.82,4.91,4.86,4.95,4.95,22,1,Premium,4.75-5.0,Medium,Available >30 Days
1.52514E+18,Pune,Unknown,18.5677,73.9109,Private Room,Private room in guest house,8,4,4,4,6706,5,5,5,5,5,5,5,1,1,Premium,4.75-5.0,Large,Available >30 Days
1.52533E+18,Pune,Unknown,18.48156151,73.93109932,Private Room,Private room in home,2,1,1,1,1560,5,5,5,5,5,5,5,1,1,Budget,4.75-5.0,Small,Available >30 Days
1.5255E+18,Pune,Unknown,18.53734,73.89779,Entire Home,Entire rental unit,4,2,2,2,5484,5,5,5,5,5,5,5,1,1,Premium,4.75-5.0,Medium,Available >30 Days
1.52871E+18,Khadakwadi,Unknown,18.4201,73.7184,Entire Home,Entire cabin,5,1,2,2,9355,5,4.86,5,5,5,4.86,5,7,1,Luxury,4.75-5.0,Medium,Available >30 Days
1.52944E+18,Pune,Balewadi High Street,18.57556104,73.77338037,Entire Home,Entire rental unit,9,3,3,3,5920,4.82,4.8,4.77,,,,,0,1,Premium,4.75-5.0,Large,Available >30 Days
1.60934E+18,Pune,Unknown,18.54207517,73.92190372,Entire Home,Entire rental unit,2,1,1,1,2186,5,5,5,5,5,5,5,4,1,Mid-Range,4.75-5.0,Small,Available >30 Days
1.6101E+18,Pune,Gahunje,18.6622,73.7081,Entire Home,Entire rental unit,4,1,1,1,2979,5,5,5,5,5,5,5,1,1,Mid-Range,4.75-5.0,Medium,Available >30 Days
1.61061E+18,Pune,Unknown,18.5415,73.9224,Entire Home,Entire apartment,4,1,1,1,3119,4.5,5,4,5,5,5,5,2,1,Mid-Range,4.0-4.5,Medium,Available >30 Days
1.65489E+18,Marunji,Marunji,18.6233,73.7158,Entire Home,Entire rental unit,4,2.5,3,3,5109,4.82,4.8,4.77,,,,,0,1,Premium,4.75-5.0,Medium,Available >30 Days
2055494,Pune,Unknown,18.53903,73.8946,Private Room,Private room in home,3,1,1,1,1722,4.7,4.85,4.87,4.71,4.74,4.78,4.78,158,1,Budget,4.5-4.75,Medium,Available >30 Days
22579747,Pune,Wadki,18.43526,73.96502,Entire Home,Entire rental unit,10,2,2,2,4182,4.82,4.8,4.77,,,,,0,1,Premium,4.75-5.0,Large,Available >30 Days
23794724,Pune,Kalyani Nagar,18.5442,73.9032,Private Room,Private room in townhouse,1,1,1,1,2357,5,5,4.96,4.71,5,4.92,5,24,1,Mid-Range,4.75-5.0,Small,Available >30 Days
8411330,Pune,Unknown,18.554,73.9521,Private Room,Private room in apartment,2,1.5,1,1,3087,4.86,4.82,4.87,4.73,4.87,4.91,4.9,83,1,Mid-Range,4.75-5.0,Small,Available >30 Days
8.53318E+17,Pune,Unknown,18.506,73.8117,Entire Home,Entire bungalow,4,2.5,2,2,5847,4.86,4.92,4.72,4.78,4.92,4.97,4.97,36,1,Premium,4.75-5.0,Medium,Available >30 Days
8.59018E+17,Pune,Unknown,18.5828,73.7259,Private Room,Private room in apartment,2,1,1,1,1519,4.83,4.86,4.69,4.76,4.71,4.86,4.79,42,1,Budget,4.75-5.0,Small,Available >30 Days
8.5932E+17,Pune,Unknown,18.5543,73.96177,Private Room,Private room in serviced apartment,2,1,1,1,2572,5,5,5,5,5,4.86,4.71,7,1,Mid-Range,4.75-5.0,Small,Available >30 Days
8.63362E+17,Marunji,Marunji,18.6125,73.7264,Private Room,Private room in home,2,1,1,1,1480,5,4.4,5,4.6,4.8,4.8,5,5,1,Budget,4.75-5.0,Small,Available >30 Days
8.71698E+17,Pune,Blue Ridge Town,18.5794,73.736,Entire Home,Entire rental unit,2,1,1,1,2271,4.82,4.8,4.77,,,,,0,1,Mid-Range,4.75-5.0,Small,Available >30 Days
1.15412E+18,Pune,Ramnagar Colony,18.52723,73.77868,Private Room,Private room in rental unit,4,2,1,1,3508,4.82,4.8,4.77,,,,,0,1,Mid-Range,4.75-5.0,Medium,Available >30 Days
1.15837E+18,Pune,Unknown,18.4673,73.8282,Private Room,Private room in guest house,2,1,1,1,1062,4.75,4.3,4.85,4.6,4.75,4.75,4.85,20,1,Budget,4.5-4.75,Small,Available >30 Days
1.15841E+18,Pune,Unknown,18.4673,73.8282,Entire Home,Entire home,9,3,3,3,3718,4.67,4.67,4.67,4.33,4.5,4.5,4.67,6,1,Mid-Range,4.5-4.75,Large,Available >30 Days
1.16127E+18,Pune,Unknown,18.59543,73.93419,Private Room,Private room in home,2,1,1,1,1703,4.82,4.8,4.77,,,,,0,1,Budget,4.75-5.0,Small,Available >30 Days
1.1614E+18,Pune,Unknown,18.5704,73.9036,Entire Home,Entire rental unit,6,2,2,2,3508,4.68,4.37,4.68,4.5,4.63,4.88,4.83,82,1,Mid-Range,4.5-4.75,Large,Available >30 Days
1.16289E+18,Pune,Gahunje,18.6637,73.7077,Entire Home,Entire rental unit,2,1,1,1,2147,4.82,4.8,4.77,,,,,0,1,Mid-Range,4.75-5.0,Small,Available >30 Days
1.1645E+18,Pimpri-Chinchwad,Unknown,18.61846,73.79577,Entire Home,Entire home,4,1,1,1,1065,4,4.2,4,4,4.2,4.6,5,5,1,Budget,3.0-4.0,Medium,Available >30 Days
1.40987E+18,Pune,Unknown,18.53869853,73.93907563,Entire Home,Entire apartment,10,2,2,2,4911,4.82,4.8,4.77,,,,,0,1,Premium,4.75-5.0,Large,Available >30 Days
1.41164E+18,Pune,Unknown,18.5458,73.7782,Entire Home,Entire rental unit,4,1,1,1,4090,4.83,4.88,4.75,4.71,4.88,4.83,4.79,24,1,Premium,4.75-5.0,Medium,Available >30 Days
1.41684E+18,Pune,Unknown,18.5217,73.9664,Entire Home,Entire rental unit,3,1,1,1,1904,3.67,4.33,3.67,3.67,3.67,4.33,4.33,3,1,Budget,3.0-4.0,Medium,Available >30 Days
1.5309E+18,Pune,Unknown,18.538,73.9386,Entire Home,Entire rental unit,12,2,2,2,4443,5,5,4.5,4.5,5,5,5,2,1,Premium,4.75-5.0,Large,Available >30 Days
1.53393E+18,Pune,Unknown,18.44441321,73.81482767,Entire Home,Entire villa,8,4,4,4,18769,4.82,4.8,4.77,,,,,0,1,Luxury,4.75-5.0,Large,Available >30 Days
1.61225E+18,Pimpri-Chinchwad,Shankar Kalat Nagar,18.62678821,73.74451836,Entire Home,Entire rental unit,3,2,1,1,2230,5,5,5,5,5,5,5,1,1,Mid-Range,4.75-5.0,Medium,Available >30 Days
1.61235E+18,Pimpri-Chinchwad,Punawale,18.62848308,73.74413213,Entire Home,Entire rental unit,3,1,1,1,2838,5,5,5,5,5,5,5,1,1,Mid-Range,4.75-5.0,Medium,Available >30 Days
1.61493E+18,Pune,Unknown,18.4485,73.9135,Entire Home,Entire home,14,7,7,7,29820,4.82,4.8,4.77,,,,,0,1,Luxury,4.75-5.0,Large,Available >30 Days
32954594,Pune,Unknown,18.40141,73.76686,Other,Farm stay,8,2,2,2,7126,5,4,5,5,4,4,5,1,1,Luxury,4.75-5.0,Large,Available >30 Days
33279158,Pune,Unknown,18.5939,73.9035,Entire Home,Entire bungalow,4,1,1,1,2070,4.9,4.54,4.86,4.79,4.91,4.98,4.92,87,1,Mid-Range,4.75-5.0,Medium,Available >30 Days
34268670,Pune,Unknown,18.5574,73.9283,Private Room,Private room in hostel,2,1,1,1,2923,4.82,4.8,4.77,,,,,0,1,Mid-Range,4.75-5.0,Small,Available >30 Days
40645280,Pune,Mavale vasti,18.4888,73.8192,Private Room,Private room in bed and breakfast,2,2,2,2,1875,4.82,4.8,4.77,,,,,0,1,Budget,4.75-5.0,Small,Available >30 Days
9.61552E+17,Pune,Gahunje,18.66476,73.70347,Entire Home,Entire rental unit,2,1,1,1,4033,5,5,4,5,5,5,5,2,1,Premium,4.75-5.0,Small,Available >30 Days
1.23483E+18,Pune,Unknown,18.5461,73.7791,Serviced Apartment,Entire serviced apartment,3,1,1,1,2841,4.92,4.94,4.81,4.89,4.97,4.89,5,36,1,Mid-Range,4.75-5.0,Medium,Available >30 Days
1.23633E+18,Pimpri-Chinchwad,Unknown,18.5968,73.701,Entire Home,Entire rental unit,4,2,2,2,2862,4.82,4.8,4.77,,,,,0,1,Mid-Range,4.75-5.0,Medium,Available >30 Days
1.23774E+18,Pune,Unknown,18.54431,73.77714,Entire Home,Entire rental unit,2,1,1,1,2453,4.71,4.71,4.71,4.76,4.76,4.76,4.88,17,1,Mid-Range,4.5-4.75,Small,Available >30 Days
1.24536E+18,Pune,Unknown,18.5514,73.9368,Private Room,Private room in rental unit,2,1,1,1,2163,5,5,5,5,5,5,5,2,1,Mid-Range,4.75-5.0,Small,Available >30 Days
1.40001E+18,Pune,Unknown,18.55729272,73.76767108,Private Room,Private room in rental unit,2,2,11,11,1812,4,4,5,4,4,1,3,1,1,Budget,3.0-4.0,Small,Available >30 Days
1.40848E+18,Pune,Unknown,18.59078,73.9614,Entire Home,Entire home,6,2,3,3,2841,4.14,3.93,4,4.21,4.36,4.21,4.64,14,1,Mid-Range,4.0-4.5,Large,Available >30 Days
1.51143E+18,Pune,Unknown,18.5908,73.911,Private Room,Private room in apartment,2,1,1,1,1600,4.82,4.8,4.77,,,,,0,1,Budget,4.75-5.0,Small,Available >30 Days
1.51146E+18,Pune,Marunji,18.60561064,73.72232001,Hotel,Room in boutique hotel,2,1,1,1,1558,4.82,4.8,4.77,,,,,0,1,Budget,4.75-5.0,Small,Available >30 Days
1.51393E+18,Pune,Unknown,18.55171,73.89537,Private Room,Private room in bed and breakfast,3,1,1,1,3357,4.82,4.8,4.77,,,,,0,1,Mid-Range,4.75-5.0,Medium,Available >30 Days
1.5151E+18,Pune,Unknown,18.5417,73.9223,Serviced Apartment,Entire serviced apartment,2,1,1,1,1948,4.2,4.2,4.2,4.2,4.2,4.2,4.2,5,1,Budget,4.0-4.5,Small,Available >30 Days
1.51655E+18,Pimpri-Chinchwad,Moraya Gosavi Raj Park,18.6225,73.7863,Entire Home,Entire rental unit,4,1.5,2,2,2135,4.82,4.8,4.77,,,,,0,1,Mid-Range,4.75-5.0,Medium,Available >30 Days
1.5972E+18,Pune,Shankar Kalat Nagar,18.62682,73.74447,Entire Home,Entire rental unit,3,1.5,1,1,2523,4.82,4.8,4.77,,,,,0,1,Mid-Range,4.75-5.0,Medium,Available >30 Days
1.59855E+18,Pune,Unknown,18.5433,73.78353,Entire Home,Entire rental unit,4,1,1,1,2756,4.82,4.8,4.77,,,,,0,1,Mid-Range,4.75-5.0,Medium,Available >30 Days
1.59989E+18,Pune,Unknown,18.5906,73.8977,Entire Home,Entire home,12,4,4,4,6080,4.56,4.67,4.56,4.56,4.56,4.67,4.78,9,1,Premium,4.5-4.75,Large,Available >30 Days
27693672,Pune,Unknown,18.51627,73.82576,Private Room,Private room in rental unit,2,1,1,1,2736,4.97,5,4.95,4.92,4.97,4.95,5,39,1,Mid-Range,4.75-5.0,Small,Available >30 Days
31871145,Pune,Unknown,18.5685,73.8823,Serviced Apartment,Entire serviced apartment,10,2,2,2,4522,4.76,4.82,4.65,4.76,4.76,4.82,4.88,17,1,Premium,4.75-5.0,Large,Available >30 Days
32172645,Pune,Unknown,18.43418,73.84823,Private Room,Private room in bungalow,2,1,1,1,2352,5,5,5,5,5,5,5,1,1,Mid-Range,4.75-5.0,Small,Available >30 Days
32670545,Pune,Unknown,18.43317,73.85047,Private Room,Private room in bungalow,2,0,1,1,2221,4.82,4.8,4.77,,,,,0,1,Mid-Range,4.75-5.0,Small,Available >30 Days
8.7948E+17,Pune,Hinjawadi Phase 1,18.58649,73.73253,Private Room,Private room in rental unit,2,1,1,1,1227,4.73,4.76,4.46,4.49,4.71,4.71,4.8,41,1,Budget,4.5-4.75,Small,Available >30 Days
8.8597E+17,Pune,Shivneri Park,18.56954,73.78004,Hotel,Room in hotel,2,1,1,1,1646,5,4,5,5,5,5,5,1,1,Budget,4.75-5.0,Small,Available >30 Days
8.87206E+17,Pune,Unknown,18.5514,73.96254,Private Room,Private room in bungalow,16,2,1,1,1518,4.82,4.8,4.77,,,,,0,1,Budget,4.75-5.0,Large,Available >30 Days
887567,Pune,Unknown,18.54004,73.90175,Private Room,Private room in townhouse,2,1,1,1,3040,4.68,4.89,4.68,4.64,4.7,4.93,4.86,44,1,Mid-Range,4.5-4.75,Small,Available >30 Days
1.08895E+18,Pune,Unknown,18.54139,73.89208,Entire Home,Entire home,2,1,1,1,2164,4.48,4.43,4.71,4.19,4.48,4.48,4.48,21,1,Mid-Range,4.0-4.5,Small,Available >30 Days
1.09265E+18,Pune,Unknown,18.54034,73.8925,Private Room,Private room in rental unit,4,2,1,1,2559,4.82,4.88,4.5,4.7,4.82,4.82,4.8,50,1,Mid-Range,4.75-5.0,Medium,Available >30 Days
1.10561E+18,Pune,Unknown,18.55262,73.96113,Hotel,Room in hotel,2,1,1,1,2923,4.82,4.8,4.77,,,,,0,1,Mid-Range,4.75-5.0,Small,Available >30 Days
1.32866E+18,Pune,Unknown,18.45597,73.91939,Entire Home,Camper van/Motorhome,6,1,1,1,10523,4.82,4.8,4.77,,,,,0,1,Luxury,4.75-5.0,Large,Available >30 Days
1.33314E+18,Pune,Unknown,18.54558,73.7793,Entire Home,Entire apartment,4,1,1,1,3570,4.75,4.9,4.71,4.58,4.92,4.92,4.83,48,1,Mid-Range,4.5-4.75,Medium,Available >30 Days
1.33399E+18,Pune,Unknown,18.46889544,73.90341284,Private Room,Private room in rental unit,1,1,1,1,1986,5,5,5,5,5,5,5,1,1,Budget,4.75-5.0,Small,Available >30 Days
1.47601E+18,Pune,Unknown,18.56500434,73.83049713,Hotel,Room in boutique hotel,2,1,1,1,1555,4.82,4.8,4.77,,,,,0,1,Budget,4.75-5.0,Small,Available >30 Days
1.47607E+18,Pune,Unknown,18.60044888,73.73726767,Hotel,Room in boutique hotel,2,1,1,1,1127,4.82,4.8,4.77,,,,,0,1,Budget,4.75-5.0,Small,Available >30 Days
1.48093E+18,Pune,Unknown,18.534,73.8982,Entire Home,Entire apartment,2,1,1,1,2801,4.97,4.79,4.97,4.76,4.94,4.94,4.91,33,1,Mid-Range,4.75-5.0,Small,Available >30 Days
1.48096E+18,Pune,Unknown,18.51914587,73.93235977,Hotel,Room in boutique hotel,2,1,1,1,4253,4.82,4.8,4.77,,,,,0,1,Premium,4.75-5.0,Small,Available >30 Days
1.48172E+18,Pune,Unknown,18.60167,73.91836,Entire Home,Entire apartment,4,2.5,2,2,3794,4.87,4.27,4.89,4.76,4.84,4.91,4.87,45,1,Mid-Range,4.75-5.0,Medium,Available >30 Days
1.48267E+18,Pune,Mhalunge,18.5751,73.7419,Entire Home,Entire rental unit,3,1,1,1,2731,5,4.9,4.9,4.9,4.95,5,5,20,1,Mid-Range,4.75-5.0,Medium,Available >30 Days
1.54916E+18,Pune,Unknown,18.54088,73.88611,Entire Home,Entire rental unit,2,1,1,1,3000,4.82,4.8,4.77,,,,,0,1,Mid-Range,4.75-5.0,Small,Available >30 Days
1.54917E+18,Pune,Unknown,18.54056,73.8882,Entire Home,Entire rental unit,2,1,1,1,2918,5,5,5,4,5,5,5,1,1,Mid-Range,4.75-5.0,Small,Available >30 Days
1.61513E+18,Pune,Shivneri Park,18.56821675,73.78074144,Entire Home,Entire rental unit,10,2,2,2,5309,5,5,5,5,4,5,5,1,1,Premium,4.75-5.0,Large,Available >30 Days
1.61663E+18,Pune,Unknown,18.5467,73.77853,Entire Home,Entire rental unit,4,1,1,1,4467,4.33,4.33,4,4.33,4.33,4.33,4.33,3,1,Premium,4.0-4.5,Medium,Available >30 Days
1.61879E+18,Pune,Unknown,18.562,73.7761,Hotel,Room in hotel,2,1,1,1,1467,5,4.8,4.8,5,5,5,5,5,1,Budget,4.75-5.0,Small,Available >30 Days
52492499,Pune,Unknown,18.56156,73.77684,Entire Home,Entire rental unit,9,3,3,3,4700,4.31,4.57,4.22,4.16,4.35,4.61,4.48,105,1,Premium,4.0-4.5,Large,Available >30 Days
52844386,Pune,Gahunje,18.66195,73.70972,Entire Home,Entire apartment,3,1,1,1,3153,4.88,4.84,4.84,4.74,4.89,4.91,4.91,120,1,Mid-Range,4.75-5.0,Medium,Available >30 Days
5.49896E+17,Pune,Unknown,18.54728,73.94122,Entire Home,Entire apartment,16,12,6,6,14499,4.82,4.8,4.77,,,,,0,1,Luxury,4.75-5.0,Large,Available >30 Days
9.82324E+17,Pune,Unknown,18.4907,73.8488,Entire Home,Entire rental unit,5,2,2,2,4682,4.93,4.88,4.83,4.85,4.98,4.98,4.95,40,1,Premium,4.75-5.0,Medium,Available >30 Days
9.90363E+17,Pune,Ramnagar Colony,18.52689,73.78833,Private Room,Private room in serviced apartment,2,1,1,1,3391,4.82,4.8,4.77,,,,,0,1,Mid-Range,4.75-5.0,Small,Available >30 Days
9.91862E+17,Pune,Anupam Park,18.51544,73.78185,Private Room,Private room in serviced apartment,2,1,1,1,3391,4.82,4.8,4.77,,,,,0,1,Mid-Range,4.75-5.0,Small,Available >30 Days
9.92692E+17,Pune,Unknown,18.53065,73.91235,Entire Home,Entire rental unit,2,1,1,1,2140,4.79,4.37,4.64,4.54,4.66,4.71,4.91,70,1,Mid-Range,4.75-5.0,Small,Available >30 Days
1.00127E+18,Pimpri-Chinchwad,Tathawade,18.61270059,73.74492653,Entire Home,Entire rental unit,3,1,1,1,2337,4.82,4.8,4.77,,,,,0,1,Mid-Range,4.75-5.0,Medium,Available >30 Days
1.02318E+18,Pune,Bhugaon,18.4998,73.7622,Entire Home,Entire rental unit,6,2,2,2,1636,4.17,3.83,3.83,4,4,4.17,4.33,6,1,Budget,4.0-4.5,Large,Available >30 Days
1.28152E+18,Pune,Unknown,18.5154,73.8346,Entire Home,Entire home,8,2,2,2,8419,4.81,4.89,4.84,4.65,4.95,5,4.95,37,1,Luxury,4.75-5.0,Large,Available >30 Days
1.28955E+18,Pune,Unknown,18.55470755,73.96769512,Entire Home,Entire apartment,4,1,1,1,2820,4.83,4.25,4.9,4.73,4.81,4.81,4.9,52,1,Mid-Range,4.75-5.0,Medium,Available >30 Days
1.45731E+18,Pune,Gahunje,18.6644,73.7082,Entire Home,Entire rental unit,4,1,1,1,2810,4.93,4.85,4.73,4.9,4.9,4.97,4.94,71,1,Mid-Range,4.75-5.0,Medium,Available >30 Days
1.45983E+18,Pune,Unknown,18.56472726,73.91179991,Entire Home,Entire rental unit,4,1,1,1,2444,5,4.93,4.93,5,4.93,4.87,5,15,1,Mid-Range,4.75-5.0,Medium,Available >30 Days
1.46104E+18,Pune,Unknown,18.5741,73.9229,Entire Home,Entire rental unit,2,1,1,1,3163,4.85,4.89,4.85,4.74,4.93,4.85,4.93,27,1,Mid-Range,4.75-5.0,Small,Available >30 Days
1.46517E+18,Pune,Unknown,18.51046824,73.93146134,Entire Home,Entire rental unit,2,1,1,1,1971,4.68,4.41,4.59,4.55,4.55,4.68,4.91,22,1,Budget,4.5-4.75,Small,Available >30 Days
1.54488E+18,Pune,Unknown,18.539228,73.90001585,Entire Home,Entire rental unit,4,1.5,1,1,4542,4.82,4.8,4.77,,,,,0,1,Premium,4.75-5.0,Medium,Available >30 Days
1.54794E+18,Pune,Unknown,18.5744521,73.91248086,Entire Home,Entire rental unit,4,1,1,1,2670,5,5,4.91,5,4.91,5,5,11,1,Mid-Range,4.75-5.0,Medium,Available >30 Days
1.62029E+18,Pimpri-Chinchwad,Sakhare Vasti,18.5883,73.7375,Private Room,Private room in rental unit,6,2,2,2,3482,5,4.67,5,5,5,5,5,6,1,Mid-Range,4.75-5.0,Large,Available >30 Days
1.62219E+18,Pune,Chakankar Mala,18.5662,73.7809,Private Room,Private room in home,2,1,1,1,2587,4.82,4.8,4.77,,,,,0,1,Mid-Range,4.75-5.0,Small,Available >30 Days
1.62304E+18,Pune,Chakankar Mala,18.5661,73.7809,Private Room,Private room in home,2,1,1,1,2350,4.82,4.8,4.77,,,,,0,1,Mid-Range,4.75-5.0,Small,Available >30 Days
1.62369E+18,Pune,Gahunje,18.6644,73.7082,Entire Home,Entire rental unit,4,1,1,1,2838,5,5,5,4.92,4.92,4.83,4.92,12,1,Mid-Range,4.75-5.0,Medium,Available >30 Days
1.62403E+18,Pune,Unknown,18.54071,73.92277,Entire Home,Entire rental unit,2,1,1,1,2081,5,4.89,5,5,4.89,5,4.78,9,1,Mid-Range,4.75-5.0,Small,Available >30 Days
1.62502E+18,Pimpri-Chinchwad,Unknown,18.64155,73.79825,Entire Home,Entire rental unit,4,2,2,2,3310,5,5,5,5,5,5,5,1,1,Mid-Range,4.75-5.0,Medium,Available >30 Days
41829514,Pune,Unknown,18.5567,73.9696,Private Room,Private room in bed and breakfast,15,9,9,9,18710,4.82,4.8,4.77,,,,,0,1,Luxury,4.75-5.0,Large,Available >30 Days
42367538,Pune,Unknown,18.5566,73.91968,Entire Home,Entire rental unit,5,2.5,2,2,4227,4.74,4.79,4.69,4.64,4.79,4.92,4.95,39,1,Premium,4.5-4.75,Medium,Available >30 Days
42974488,Pune,Unknown,18.53952248,73.88743635,Private Room,Private room in rental unit,2,1,1,1,1686,4.82,4.8,4.77,,,,,0,1,Budget,4.75-5.0,Small,Available >30 Days
46014136,Pune,Unknown,18.553,73.8951,Shared Room,Shared room in bungalow,1,1.5,1,1,1122,5,5,5,5,5,5,5,3,1,Budget,4.75-5.0,Small,Available >30 Days
46232144,Pune,Unknown,18.5188,73.9329,Private Room,Private room in serviced apartment,4,1,2,2,3391,4.82,4.8,4.77,,,,,0,1,Mid-Range,4.75-5.0,Medium,Available >30 Days
46705805,Pune,Unknown,18.56306,73.7777,Hotel,Room in aparthotel,2,1,1,1,3508,4.82,4.8,4.77,,,,,0,1,Mid-Range,4.75-5.0,Small,Available >30 Days
1.24991E+18,Pune,Unknown,18.53161,73.91246,Entire Home,Entire rental unit,2,1,1,1,2130,4.85,4.46,4.86,4.59,4.82,4.8,4.82,74,1,Mid-Range,4.75-5.0,Small,Available >30 Days
1.25394E+18,Pimpri-Chinchwad,Unknown,18.57028251,73.72953891,Entire Home,Entire villa,15,3,3,3,19870,4.82,4.8,4.77,,,,,0,1,Luxury,4.75-5.0,Large,Available >30 Days
1.33967E+18,Pune,Unknown,18.5971,73.9019,Private Room,Private room in bungalow,2,1,1,1,2923,4.77,4.54,4.77,4.77,4.69,4.92,4.92,13,1,Mid-Range,4.75-5.0,Small,Available >30 Days
1.34188E+18,Pimpri-Chinchwad,Mamurdi,18.67968,73.72143,Entire Home,Entire home,5,2.5,4,4,4103,5,5,5,5,5,5,5,1,1,Premium,4.75-5.0,Medium,Available >30 Days
1.34269E+18,Pune,Dasar,18.57220107,73.7796269,Entire Home,Entire rental unit,4,0,2,2,2759,4.96,4.74,4.91,4.83,4.87,4.96,4.96,23,1,Mid-Range,4.75-5.0,Medium,Available >30 Days
1.34988E+18,Pune,Unknown,18.5454,73.7778,Entire Home,Entire rental unit,2,1,1,1,2327,4.73,4.91,4.66,4.63,4.67,4.87,4.81,67,1,Mid-Range,4.5-4.75,Small,Available >30 Days
1.35219E+18,Pune,Unknown,18.546,73.7791,Entire Home,Entire rental unit,2,1,1,1,2080,4.64,4.69,4.5,4.6,4.67,4.88,4.86,42,1,Mid-Range,4.5-4.75,Small,Available >30 Days
1.48307E+18,Pune,Unknown,18.58,73.8946,Hotel,Room in hotel,2,1,1,1,2317,2.67,3.67,3,2.67,2.67,3.67,4,3,1,Mid-Range,Below 3,Small,Available >30 Days
1.48307E+18,Pune,Unknown,18.5793,73.8942,Hotel,Room in hotel,2,1,1,1,2317,4.32,4.42,4.26,4.32,4.21,4.68,4.74,19,1,Mid-Range,4.0-4.5,Small,Available >30 Days
1.48319E+18,Pune,Unknown,18.548,73.9479,Hotel,Room in hotel,2,1,1,1,2538,4.82,4.8,4.77,,,,,0,1,Mid-Range,4.75-5.0,Small,Available >30 Days
1.48452E+18,Pune,Unknown,18.52323185,73.93388114,Entire Home,Entire rental unit,2,1,1,1,4587,4.82,4.8,4.77,,,,,0,1,Premium,4.75-5.0,Small,Available >30 Days
1.56875E+18,Pune,Unknown,18.54045,73.89971,Private Room,Private room in rental unit,2,1,1,1,2338,4.82,4.8,4.77,,,,,0,1,Mid-Range,4.75-5.0,Small,Available >30 Days
1.57042E+18,Pune,Unknown,18.5911,73.9131,Entire Home,Entire rental unit,3,1,1,1,2431,4.82,4.8,4.77,,,,,0,1,Mid-Range,4.75-5.0,Medium,Available >30 Days
1.57079E+18,Pune,Unknown,18.58341,73.72714,Entire Home,Entire home,8,2,3,3,6813,4.82,4.8,4.77,,,,,0,1,Premium,4.75-5.0,Large,Available >30 Days
1.5715E+18,Pune,Unknown,18.5649,73.9633,Private Room,Private room in apartment,2,2,2,2,5122,4.75,4.25,5,5,4.75,5,5,4,1,Premium,4.5-4.75,Small,Available >30 Days
1.57254E+18,Pune,Unknown,18.5463,73.7791,Entire Home,Entire rental unit,4,1,1,1,2858,4.92,4.83,4.75,4.83,5,5,4.92,12,1,Mid-Range,4.75-5.0,Medium,Available >30 Days
1.5732E+18,Pune,Unknown,18.5768,73.91391,Entire Home,Entire rental unit,4,1,1,1,2967,5,4,5,4,5,5,4,1,1,Mid-Range,4.75-5.0,Medium,Available >30 Days
1.63172E+18,Pune,Mhalunge,18.5662,73.7373,Private Room,Private room in rental unit,2,1,1,1,1899,4.43,4.43,4.57,4.43,4.43,4.57,4.86,7,1,Budget,4.0-4.5,Small,Available >30 Days
1.63247E+18,Pune,Unknown,18.57688185,73.78480233,Hotel,Room in hotel,2,1,1,1,1309,4.82,4.8,4.77,,,,,0,1,Budget,4.75-5.0,Small,Available >30 Days
6.01696E+17,Pune,Unknown,18.5638,73.7724,Private Room,Private room in bed and breakfast,2,1,1,1,1988,4.43,4.43,4.29,4,3.71,4.29,4.14,7,1,Budget,4.0-4.5,Small,Available >30 Days
6.04132E+17,Pune,Unknown,18.54871,73.80412,Private Room,Private room in apartment,2,1,1,1,1538,4.85,4.81,4.91,4.7,4.88,4.92,4.91,74,1,Budget,4.75-5.0,Small,Available >30 Days
1.03949E+18,Pimpri-Chinchwad,Gahunje,18.66629,73.70825,Entire Home,Entire rental unit,2,1,1,1,3846,4.86,4.86,4.78,4.63,4.79,4.9,4.84,63,1,Mid-Range,4.75-5.0,Small,Available >30 Days
1.04249E+18,Pune,Unknown,18.52026,73.84028,Entire Home,Entire apartment,5,2,3,3,6431,4.96,4.96,4.96,4.83,4.91,4.91,4.96,23,1,Premium,4.75-5.0,Medium,Available >30 Days
1.04261E+18,Pune,Unknown,18.58317,73.76764,Private Room,Private room in rental unit,2,1,1,1,2840,4.82,4.8,4.77,,,,,0,1,Mid-Range,4.75-5.0,Small,Available >30 Days
1.05274E+18,Pune,Marutrao Gaikwad nagar,18.55519,73.81048,Entire Home,Entire apartment,4,1,1,1,3894,4.83,4.9,4.73,4.73,4.75,4.9,4.85,52,1,Mid-Range,4.75-5.0,Medium,Available >30 Days
1.05555E+18,Pune,Kondhwa Budruk,18.4628,73.88163,Other,Farm stay,6,1.5,1,1,5201,4.82,4.8,4.77,,,,,0,1,Premium,4.75-5.0,Large,Available >30 Days
1.0621E+18,Pune,Unknown,18.53227,73.83618,Private Room,Private room in bungalow,2,1,1,1,2019,4.82,4.8,4.77,,,,,0,1,Mid-Range,4.75-5.0,Small,Available >30 Days
1.06777E+18,Pune,Unknown,18.54029,73.89114,Entire Home,Entire apartment,3,1.5,1,1,3624,4.41,4.59,4.53,4.18,4.41,4.29,4.41,17,1,Mid-Range,4.0-4.5,Medium,Available >30 Days
1.30188E+18,Pune,Unknown,18.56530173,73.90772897,Entire Home,Entire rental unit,2,1,1,1,3976,4.98,4.78,4.87,4.8,4.89,5,5,55,1,Mid-Range,4.75-5.0,Small,Available >30 Days
1.30413E+18,Pune,Unknown,18.52193663,73.86482983,Entire Home,Entire rental unit,4,1,1,1,1952,4.62,4.51,4.68,4.54,4.59,4.7,4.8,76,1,Budget,4.5-4.75,Medium,Available >30 Days
1.47173E+18,Pune,Gahunje,18.6605,73.7103,Entire Home,Entire rental unit,5,1,1,1,2585,4.95,4.8,4.85,4.85,4.9,4.89,4.95,61,1,Mid-Range,4.75-5.0,Medium,Available >30 Days
1.47299E+18,Pune,Unknown,18.5513,73.7519,Private Room,Private room in apartment,2,1,1,1,1749,5,4,5,4,4,5,5,1,1,Budget,4.75-5.0,Small,Available >30 Days
1.55508E+18,Pune,Unknown,18.54086,73.89806,Entire Home,Entire rental unit,2,1,1,1,2590,4.82,4.8,4.77,,,,,0,1,Mid-Range,4.75-5.0,Small,Available >30 Days
1.55638E+18,Pune,Unknown,18.57595807,73.91358404,Entire Home,Entire rental unit,4,1,1,1,2794,4.25,4.75,4.5,4.25,4.5,4.75,4.75,4,1,Mid-Range,4.0-4.5,Medium,Available >30 Days
1.55846E+18,Pune,Unknown,18.56835322,73.90963332,Entire Home,Entire apartment,4,2,2,2,4330,5,5,5,4.86,5,4.86,5,7,1,Premium,4.75-5.0,Medium,Available >30 Days
1.55987E+18,Pune,Unknown,18.53487,73.89941,Entire Home,Entire rental unit,2,1,1,1,3928,5,5,5,5,5,5,5,5,1,Mid-Range,4.75-5.0,Small,Available >30 Days
1.62596E+18,Pune,Unknown,18.5598457,73.91715787,Hotel,Room in boutique hotel,3,1,1,1,2567,4.82,4.8,4.77,,,,,0,1,Mid-Range,4.75-5.0,Medium,Available >30 Days
1.62732E+18,Pimpri-Chinchwad,Unknown,18.57928024,73.78711807,Entire Home,Entire rental unit,6,3,2,2,3964,4.82,4.8,4.77,,,,,0,1,Mid-Range,4.75-5.0,Large,Available >30 Days
1.62746E+18,Pimpri-Chinchwad,Unknown,18.64243996,73.79149879,Entire Home,Entire rental unit,4,2,2,2,3406,4.82,4.8,4.77,,,,,0,1,Mid-Range,4.75-5.0,Medium,Available >30 Days
1.6275E+18,Pune,Unknown,18.45917,73.91615,Entire Home,Entire loft,3,1,1,1,3005,5,5,5,5,5,5,5,3,1,Mid-Range,4.75-5.0,Medium,Available >30 Days
47485334,Pune,Chakankar Mala,18.56579,73.77974,Entire Home,Entire bungalow,14,0,3,3,6712,4.25,4.38,4.03,4.06,4.19,4.28,4.25,32,1,Premium,4.0-4.5,Large,Available >30 Days
49356263,Pune,Unknown,18.546,73.7791,Entire Home,Entire rental unit,2,1,1,1,2713,4.93,4.87,4.82,4.79,4.86,4.94,4.96,84,1,Mid-Range,4.75-5.0,Small,Available >30 Days
51609427,Pune,Unknown,18.5412,73.94003,Private Room,Private room in bed and breakfast,3,1,1,1,3557,5,4.6,4.8,4.8,4.9,5,5,10,1,Mid-Range,4.75-5.0,Medium,Available >30 Days
1.06921E+18,Pune,Bavdhan,18.50352,73.76289,Private Room,Private room in rental unit,2,1,1,1,1988,4.82,4.8,4.77,,,,,0,1,Budget,4.75-5.0,Small,Available >30 Days
1.07082E+18,Pune,Unknown,18.5557,73.9536,Entire Home,Entire rental unit,3,1,1,1,3695,5,4.94,4.88,4.88,5,4.94,5,16,1,Mid-Range,4.75-5.0,Medium,Available >30 Days
1.07532E+18,Pune,Unknown,18.4606,73.9132,Private Room,Private room in rental unit,2,1,1,1,1472,5,5,4.5,4.5,4.5,5,5,2,1,Budget,4.75-5.0,Small,Available >30 Days
1.07862E+18,Pune,Unknown,18.603,73.9098,Private Room,Private room in guest house,8,7,4,4,1703,4.82,4.8,4.77,,,,,0,1,Budget,4.75-5.0,Large,Available >30 Days
1.07946E+18,Pimpri-Chinchwad,Unknown,18.64367,73.79598,Entire Home,Entire rental unit,4,2,2,2,4443,5,5,5,5,5,5,5,1,1,Premium,4.75-5.0,Medium,Available >30 Days
1.07969E+18,Pune,Unknown,18.5192,73.8393,Entire Home,Entire rental unit,2,1,1,1,2993,4.45,4.91,4.36,4.41,4.68,4.77,4.86,22,1,Mid-Range,4.0-4.5,Small,Available >30 Days
1.08016E+18,Pune,Unknown,18.4771,73.9088,Other,Shipping container,3,1,2,2,9354,4.94,4.89,4.9,4.8,4.92,4.92,4.96,154,1,Luxury,4.75-5.0,Medium,Available >30 Days
1.08076E+18,Pune,Unknown,18.53427,73.89874,Entire Home,Entire rental unit,2,1,1,1,4260,4.75,4.86,4.86,4.73,4.85,4.86,4.87,79,1,Premium,4.5-4.75,Small,Available >30 Days
1.08535E+18,Pune,Unknown,18.5398,73.8968,Private Room,Private room in home,3,1,1,1,1485,4.32,4.61,4.35,4.42,4.48,4.65,4.58,31,1,Budget,4.0-4.5,Medium,Available >30 Days
1.31893E+18,Pune,Unknown,18.57619091,73.89695044,Entire Home,Entire apartment,4,2,2,2,3274,4.5,4.59,4.41,4.45,4.32,4.82,4.82,22,1,Mid-Range,4.0-4.5,Medium,Available >30 Days
1.32115E+18,Pune,Unknown,18.54724607,73.77965952,Serviced Apartment,Entire serviced apartment,5,1,1,1,4665,5,5,5,5,5,5,4.83,6,1,Premium,4.75-5.0,Medium,Available >30 Days
1.44827E+18,Pune,Unknown,18.5759,73.9143,Entire Home,Entire apartment,4,1,1,2,3262,4.8,4.96,4.84,4.88,4.84,5,4.88,25,1,Mid-Range,4.75-5.0,Medium,Available >30 Days
1.45205E+18,Pune,Bhukum,18.49729986,73.73458366,Hotel,Room in hotel,2,1,1,1,3155,4.82,4.8,4.77,,,,,0,1,Mid-Range,4.75-5.0,Small,Available >30 Days
1.4542E+18,Pune,Unknown,18.57776964,73.76685746,Entire Home,Entire rental unit,6,2,2,2,4116,4.97,4.94,4.94,4.94,5,4.92,5,36,1,Premium,4.75-5.0,Large,Available >30 Days
1.4547E+18,Pune,Unknown,18.46562677,73.86497189,Entire Home,Entire rental unit,2,1,1,1,1796,5,4.86,4.79,4.93,4.86,5,5,14,1,Budget,4.75-5.0,Small,Available >30 Days
1.45643E+18,Pimpri-Chinchwad,Unknown,18.59816,73.78557,Entire Home,Entire rental unit,3,1,1,1,3405,4,4,4,4,4,5,4,1,1,Mid-Range,3.0-4.0,Medium,Available >30 Days
1.57721E+18,Pune,Gahunje,18.6745,73.7065,Entire Home,Entire rental unit,4,1,1,1,2704,4.86,4.86,4.86,4.82,4.91,4.91,5,22,1,Mid-Range,4.75-5.0,Medium,Available >30 Days
1.57802E+18,Pune,Unknown,18.56544952,73.91180168,Private Room,Private room in home,2,1,1,1,1831,5,5,5,5,5,5,5,2,1,Budget,4.75-5.0,Small,Available >30 Days
1.63979E+18,Pune,Unknown,18.5731853,73.90854201,Entire Home,Entire rental unit,2,1,1,1,2608,4.5,4,3,3,4.5,4,5,2,1,Mid-Range,4.0-4.5,Small,Available >30 Days
1.64186E+18,Pune,Unknown,18.5497,73.7667,Private Room,Private room in rental unit,2,1,1,1,1589,4.82,4.8,4.77,,,,,0,1,Budget,4.75-5.0,Small,Available >30 Days
1.64193E+18,Pune,Unknown,18.54676717,73.79159821,Private Room,Private room in rental unit,1,1,1,1,1028,4.82,4.8,4.77,,,,,0,1,Budget,4.75-5.0,Small,Available >30 Days
7.73864E+17,Pune,Unknown,18.5329,73.896,Serviced Apartment,Entire serviced apartment,6,3,3,3,6633,4.81,4.91,4.69,4.73,4.8,4.86,4.93,59,1,Premium,4.75-5.0,Large,Available >30 Days
7.79404E+17,Yelwadi,Unknown,18.7122,73.7544,Private Room,Private room in home,3,1,1,1,2338,4.82,4.8,4.77,,,,,0,1,Mid-Range,4.75-5.0,Medium,Available >30 Days
7.88673E+17,Pune,Unknown,18.55427,73.96249,Private Room,Private room in home,16,6,6,6,1591,4.82,4.8,4.77,,,,,0,1,Budget,4.75-5.0,Large,Available >30 Days
7.91571E+17,Pune,Unknown,18.54891,73.96666,Private Room,Private room in home,16,6,6,6,1542,4.82,4.8,4.77,,,,,0,1,Budget,4.75-5.0,Large,Available >30 Days
7.93956E+17,Pune,Unknown,18.55154,73.94035,Private Room,Private room in rental unit,4,1,2,2,2900,4.82,4.8,4.77,,,,,0,1,Mid-Range,4.75-5.0,Medium,Available >30 Days
7.96315E+17,Pune,Unknown,18.534,73.8985,Entire Home,Entire apartment,2,1,1,1,4009,4.83,4.89,4.86,4.74,4.84,4.93,4.96,138,1,Premium,4.75-5.0,Small,Available >30 Days
1.21361E+18,Pune,Unknown,18.46245,73.91529,Serviced Apartment,Entire serviced apartment,6,2,2,2,3798,4.45,4.53,4.35,4.35,4.55,4.7,4.68,40,1,Mid-Range,4.0-4.5,Large,Available >30 Days
1.22303E+18,Pimpri-Chinchwad,Unknown,18.59658576,73.79999604,Entire Home,Entire home,3,1.5,1,1,1929,5,5,5,5,5,5,5,1,1,Budget,4.75-5.0,Medium,Available >30 Days
1.22808E+18,Pune,Unknown,18.53223,73.87628,Entire Home,Entire rental unit,4,2,2,2,4000,4.47,4.21,4.37,4.53,4.5,4.66,4.63,38,1,Mid-Range,4.0-4.5,Medium,Available >30 Days
1.22871E+18,Pune,Unknown,18.55834,73.77876,Entire Home,Entire rental unit,2,1,1,1,3060,4.4,4.4,4.2,4,4.6,4.2,4.6,5,1,Mid-Range,4.0-4.5,Small,Available >30 Days
1.35408E+18,Pune,Unknown,18.562,73.908,Entire Home,Entire apartment,4,2,2,2,4172,4.97,4.91,4.94,4.94,4.97,4.97,5,64,1,Premium,4.75-5.0,Medium,Available >30 Days
1.35858E+18,Pune,Balewadi High Street,18.56818818,73.77563086,Entire Home,Entire apartment,4,2,2,2,5167,4.89,4.89,5,4.89,4.89,5,5,9,1,Premium,4.75-5.0,Medium,Available >30 Days
1.35951E+18,Pune,Unknown,18.5695,73.729,Entire Home,Camper van/Motorhome,12,1,1,1,6813,4.82,4.8,4.77,,,,,0,1,Premium,4.75-5.0,Large,Available >30 Days
1.36232E+18,Pimpri-Chinchwad,Unknown,18.66153033,73.73101082,Entire Home,Entire rental unit,3,1,1,1,3098,4.92,4.84,4.77,4.85,4.89,4.85,4.88,73,1,Mid-Range,4.75-5.0,Medium,Available >30 Days
1.36388E+18,Pune,Bhukum,18.49309872,73.72967032,Entire Home,Entire bungalow,5,3,2,2,3859,5,4.86,5,5,5,4.9,5,21,1,Mid-Range,4.75-5.0,Medium,Available >30 Days
1.49834E+18,Pune,Unknown,18.54701838,73.94956302,Hotel,Room in hotel,1,1,1,1,1520,4.78,4.78,4.56,4.78,4.67,4.67,4.89,9,1,Budget,4.75-5.0,Small,Available >30 Days
1.50139E+18,Pune,Unknown,18.5610901,73.90702626,Entire Home,Entire rental unit,6,2,2,2,4653,5,5,5,5,5,5,5,1,0,Premium,4.75-5.0,Large,Available ≤30 Days
1.50224E+18,Pune,Unknown,18.5756,73.914,Entire Home,Entire rental unit,4,1,1,1,2469,4.83,4.83,4.5,4.67,4.78,4.89,4.94,18,1,Mid-Range,4.75-5.0,Medium,Available >30 Days
1.50341E+18,Pune,Unknown,18.5679,73.9144,Entire Home,Entire rental unit,2,1,1,1,2758,4.38,4.5,4.5,4.38,4.5,4.5,4.38,8,1,Mid-Range,4.0-4.5,Small,Available >30 Days
1.58208E+18,Pune,Unknown,18.5464,73.7792,Serviced Apartment,Entire serviced apartment,3,1,1,1,3239,5,5,4.83,4.75,5,4.92,5,12,1,Mid-Range,4.75-5.0,Medium,Available >30 Days
1.58234E+18,Pune,Unknown,18.55791,73.73811,Entire Home,Entire rental unit,2,1,1,1,2815,4.8,5,4.4,4.4,5,5,5,5,1,Mid-Range,4.75-5.0,Small,Available >30 Days
1.58262E+18,Pune,Unknown,18.56452658,73.78708072,Entire Home,Entire rental unit,3,1,1,1,2624,4.75,4.75,4.75,4.5,4.75,4.75,4.75,4,1,Mid-Range,4.5-4.75,Medium,Available >30 Days
1.58669E+18,Pune,Unknown,18.56894,73.91334,Entire Home,Entire rental unit,2,1,1,1,3325,3.5,4.5,3.5,3,3,4.5,4.5,2,1,Mid-Range,3.0-4.0,Small,Available >30 Days
1.64326E+18,Pune,Unknown,18.5415,73.9225,Private Room,Private room in rental unit,4,1,1,1,2041,3,4,2.5,3,3,4,3,2,1,Mid-Range,Below 3,Medium,Available >30 Days
1.64399E+18,Pimpri-Chinchwad,Punawale,18.62847798,73.74399901,Entire Home,Entire rental unit,2,1.5,1,1,2247,4.82,4.8,4.77,,,,,0,1,Mid-Range,4.75-5.0,Small,Available >30 Days
1.64568E+18,Pune,Unknown,18.56527,73.77204,Private Room,Private room in bungalow,2,1,1,1,2838,4.82,4.8,4.77,,,,,0,1,Mid-Range,4.75-5.0,Small,Available >30 Days
1.64748E+18,Pune,Unknown,18.5328,73.9313,Entire Home,Entire apartment,2,1,1,1,2255,5,4.8,5,5,5,5,5,5,1,Mid-Range,4.75-5.0,Small,Available >30 Days
6.2781E+17,Pune,Unknown,18.53501,73.89808,Private Room,Private room in villa,2,1,1,1,2818,4.36,5,4.45,4.09,4.27,4.64,4.73,11,1,Mid-Range,4.0-4.5,Small,Available >30 Days
6.69896E+17,Pune,Unknown,18.5302,73.90974,Private Room,Private room in bed and breakfast,2,1,1,1,1531,4.89,4.83,4.93,4.85,4.91,4.91,4.98,46,1,Budget,4.75-5.0,Small,Available >30 Days
1.12965E+18,Pune,Unknown,18.5288,73.9601,Entire Home,Entire apartment,6,1.5,2,2,1741,4.79,4.74,4.6,4.71,4.79,4.81,4.88,42,1,Budget,4.75-5.0,Large,Available >30 Days
1.13521E+18,Pune,Mhalunge,18.5682,73.763,Private Room,Private room in rental unit,2,1,1,1,1777,5,5,5,4,5,5,5,1,1,Budget,4.75-5.0,Small,Available >30 Days
1.14628E+18,Pune,Unknown,18.58335,73.7646,Hotel,Room in hotel,2,1,1,1,1175,5,5,5,5,5,5,5,1,1,Budget,4.75-5.0,Small,Available >30 Days
1.38488E+18,Pune,Unknown,18.56793944,73.77466857,Entire Home,Entire rental unit,4,2,2,2,4390,4.93,4.71,4.71,4.64,4.93,4.93,4.86,14,1,Premium,4.75-5.0,Medium,Available >30 Days
1.39464E+18,Pune,Unknown,18.5534,73.8971,Shared Room,Shared room in guest house,1,1,1,1,1106,5,5,5,4.75,5,5,4.75,4,1,Budget,4.75-5.0,Small,Available >30 Days
1.39524E+18,Pune,Unknown,18.60082,73.90966,Private Room,Private room in rental unit,2,8,8,8,2252,5,5,5,5,5,5,5,1,1,Mid-Range,4.75-5.0,Small,Available >30 Days
1.50568E+18,Pune,Unknown,18.53204169,73.87579397,Private Room,Private room in serviced apartment,2,1,1,1,2730,4.29,4.29,4.57,4.43,4.29,4.71,4.57,7,1,Mid-Range,4.0-4.5,Small,Available >30 Days
1.50575E+18,Pune,Unknown,18.5921,73.7638,Private Room,Private room in apartment,3,1,1,1,1871,4.6,4.6,4.6,4.4,4.6,4.8,4.8,5,1,Budget,4.5-4.75,Medium,Available >30 Days
1.50634E+18,Pune,Unknown,18.57822,73.8892,Entire Home,Entire rental unit,6,2,2,2,3229,5,5,4,4.5,4.5,5,5,2,1,Mid-Range,4.75-5.0,Large,Available >30 Days
1.58906E+18,Pune,Unknown,18.51995,73.94159,Entire Home,Entire rental unit,2,1,1,1,3174,5,5,5,5,5,5,5,1,1,Mid-Range,4.75-5.0,Small,Available >30 Days
1.59426E+18,Pimpri-Chinchwad,Blue Ridge Town,18.57809217,73.7352688,Entire Home,Entire rental unit,3,1,1,1,2839,4.89,4.78,5,4.67,4.89,5,5,9,1,Mid-Range,4.75-5.0,Medium,Available >30 Days
1.59443E+18,Pune,Gahunje,18.6638,73.7087,Entire Home,Entire apartment,4,1,1,1,3116,4.82,4.8,4.77,,,,,0,1,Mid-Range,4.75-5.0,Medium,Available >30 Days
1.64793E+18,Pune,Unknown,18.52572084,73.95844652,Entire Home,Entire villa,2,1,1,1,1142,4.82,4.8,4.77,,,,,0,1,Budget,4.75-5.0,Small,Available >30 Days
1.64793E+18,Pune,Unknown,18.51944947,73.93360652,Entire Home,Entire villa,2,1,1,1,2134,4.82,4.8,4.77,,,,,0,1,Mid-Range,4.75-5.0,Small,Available >30 Days
1.64927E+18,Pune,Unknown,18.5686,73.9084,Serviced Apartment,Entire serviced apartment,6,2,2,2,4100,5,4,5,5,5,5,5,1,1,Premium,4.75-5.0,Large,Available >30 Days
1.6499E+18,Pune,Unknown,18.6217,73.7999,Entire Home,Entire rental unit,1,1,1,1,1924,4.82,4.8,4.77,,,,,0,1,Budget,4.75-5.0,Small,Available >30 Days
1.65086E+18,Pune,Gahunje,18.6745,73.7065,Entire Home,Entire apartment,4,1,1,1,2736,5,5,5,5,5,5,5,2,1,Mid-Range,4.75-5.0,Medium,Available >30 Days
8.01004E+17,Pune,Unknown,18.5672,73.9132,Private Room,Private room in bungalow,2,1,1,1,2361,4.82,4.8,4.77,,,,,0,1,Mid-Range,4.75-5.0,Small,Available >30 Days
8.07581E+17,Pune,Unknown,18.5529,73.961,Private Room,Private room in guest house,1,1,1,1,3508,4.82,4.8,4.77,,,,,0,1,Mid-Range,4.75-5.0,Small,Available >30 Days
8.29377E+17,Pune,Unknown,18.54679,73.92031,Private Room,Private room in rental unit,1,1,1,1,1637,5,5,5,4.83,4.83,4.83,4.83,6,1,Budget,4.75-5.0,Small,Available >30 Days
1.18398E+18,Nere,Dattawadi,18.62205,73.69147,Entire Home,Entire rental unit,4,1,1,1,2271,4.82,4.8,4.77,,,,,0,1,Mid-Range,4.75-5.0,Medium,Available >30 Days
1.18528E+18,Pune,Unknown,18.52006,73.94482,Entire Home,Entire rental unit,2,1,1,1,3636,4.99,4.92,4.93,4.91,4.95,4.94,4.99,108,1,Mid-Range,4.75-5.0,Small,Available >30 Days
11855307,Pune,Kalyani Nagar,18.54679,73.90269,Entire Home,Entire apartment,4,3,3,3,11783,4.42,4.92,4.33,4.33,4.25,4.5,4.25,12,1,Luxury,4.0-4.5,Medium,Available >30 Days
1.18977E+18,Pune,Tathawade,18.6114,73.742,Serviced Apartment,Entire serviced apartment,5,2,2,2,2088,4.64,4.6,4.36,4.48,4.52,4.72,4.76,25,1,Mid-Range,4.5-4.75,Medium,Available >30 Days
1.36518E+18,Pune,Unknown,18.54122905,73.94171067,Entire Home,Entire rental unit,3,1,1,1,2735,4.83,5,4.88,4.79,4.79,4.79,4.92,24,1,Mid-Range,4.75-5.0,Medium,Available >30 Days
1.36849E+18,Pune,Shivneri Park,18.57078966,73.78212258,Entire Home,Entire villa,16,16,16,16,17541,4.82,4.8,4.77,,,,,0,1,Luxury,4.75-5.0,Large,Available >30 Days
1.37382E+18,Pune,Mhalunge,18.5679,73.7618,Entire Home,Entire rental unit,3,1,1,1,2207,4.71,4.86,4.29,4.57,4.57,4.86,4.86,7,1,Mid-Range,4.5-4.75,Medium,Available >30 Days
1.3776E+18,Pune,Prosperity Society,18.48797666,73.8258479,Private Room,Private room in bed and breakfast,2,1,1,1,3788,4.77,4.55,4.82,4.64,4.77,4.82,4.91,22,1,Mid-Range,4.75-5.0,Small,Available >30 Days
1.49483E+18,Pune,Unknown,18.5757,73.9145,Entire Home,Entire apartment,4,1,1,1,3238,4.79,4.94,4.73,4.7,4.94,4.91,4.88,33,1,Mid-Range,4.75-5.0,Medium,Available >30 Days
1.56639E+18,Pune,Gahunje,18.66310421,73.7066054,Entire Home,Entire rental unit,2,1,1,1,2338,4.17,4.75,4,4.17,4.42,4.75,4.75,12,1,Mid-Range,4.0-4.5,Small,Available >30 Days
1.56641E+18,Pune,Samarth Colony,18.55821024,73.77697961,Hotel,Room in hotel,2,1,1,1,2338,4.82,4.8,4.77,,,,,0,1,Mid-Range,4.75-5.0,Small,Available >30 Days
1.63617E+18,Pune,Gahunje,18.66156332,73.70954111,Entire Home,Entire rental unit,2,1,1,1,3368,4.82,4.8,4.77,,,,,0,1,Mid-Range,4.75-5.0,Small,Available >30 Days
7.15899E+17,Pirangut,Pirangut,18.50448,73.70412,Entire Home,Entire apartment,2,1,1,1,2430,4.68,4.38,4.66,4.57,4.67,4.74,4.78,136,1,Mid-Range,4.5-4.75,Small,Available >30 Days
7.24559E+17,Pune,Unknown,18.53601,73.8948,Entire Home,Entire guest house,2,1,1,1,7016,4.91,4.91,5,4.55,4.91,4.91,4.91,11,1,Luxury,4.75-5.0,Small,Available >30 Days
7.38044E+17,Pune,Kesnand,18.57735,73.99935,Hotel,Room in boutique hotel,3,1,1,1,1754,4.38,4.08,4.15,4.54,4.46,4.46,4.62,13,1,Budget,4.0-4.5,Medium,Available >30 Days
1.19762E+18,Pune,Mhalunge,18.57448,73.74273,Entire Home,Entire rental unit,2,1,1,1,2416,3.5,4.13,3.63,3.5,3.5,4.38,3.63,8,1,Mid-Range,3.0-4.0,Small,Available >30 Days
1.20415E+18,Pune,Unknown,18.45678,73.91196,Entire Home,Entire home,2,1,1,1,3575,4.67,4.65,4.67,4.63,4.78,4.67,4.85,46,1,Mid-Range,4.5-4.75,Small,Available >30 Days
1.20933E+18,Pune,Unknown,18.47403,73.90337,Private Room,Private room in apartment,2,1,1,1,2923,1,4,3,1,3,4,4,1,1,Mid-Range,Below 3,Small,Available >30 Days
1.43749E+18,Pune,Unknown,18.54038338,73.89943979,Entire Home,Entire rental unit,4,2,2,2,5500,4.64,4.86,4.64,4.45,4.68,4.73,4.82,22,1,Premium,4.5-4.75,Medium,Available >30 Days
1.439E+18,Pimpri-Chinchwad,Unknown,18.598,73.777,Entire Home,Entire rental unit,4,2,2,2,1820,4.82,4.8,4.77,,,,,0,1,Budget,4.75-5.0,Medium,Available >30 Days
1.43973E+18,Pune,Unknown,18.5959,73.89572,Entire Home,Entire home,2,1,1,1,3276,4.82,4.8,4.77,,,,,0,1,Mid-Range,4.75-5.0,Small,Available >30 Days
1.44277E+18,Pune,Unknown,18.5262,73.9604,Serviced Apartment,Entire serviced apartment,4,2,1,1,1105,4,4.2,4,4.2,4,4,5,5,1,Budget,3.0-4.0,Medium,Available >30 Days
1.44619E+18,Pune,Balewadi High Street,18.56916965,73.77199634,Hotel,Room in hotel,2,1,1,1,2338,4.89,4.78,4.89,4.89,4.78,4.89,5,9,1,Mid-Range,4.75-5.0,Small,Available >30 Days
1.52157E+18,Pimpri-Chinchwad,Unknown,18.5772,73.8132,Private Room,Private room in bungalow,6,2,2,2,3025,4.82,4.8,4.77,,,,,0,1,Mid-Range,4.75-5.0,Large,Available >30 Days
1.52166E+18,Pune,Unknown,18.46989,73.93448,Entire Home,Entire rental unit,8,1,2,2,3650,4.67,4.67,4.67,4.67,4.67,4.83,4.83,6,1,Mid-Range,4.5-4.75,Large,Available >30 Days
1.60205E+18,Pune,Unknown,18.57608,73.91303,Entire Home,Entire rental unit,2,1,1,1,3999,5,4.6,4.6,4.8,4.6,4.8,5,5,1,Mid-Range,4.75-5.0,Small,Available >30 Days
1.60362E+18,Marunji,Marunji,18.61663388,73.71809404,Entire Home,Entire rental unit,3,1,1,1,1309,4.82,4.8,4.77,,,,,0,1,Budget,4.75-5.0,Medium,Available >30 Days
1.60498E+18,Pimpri-Chinchwad,Unknown,18.5792,73.7864,Hotel,Room in hotel,2,1,1,1,1799,5,4.93,5,4.93,5,5,4.93,15,1,Budget,4.75-5.0,Small,Available >30 Days
1.65262E+18,Pune,Unknown,18.54603252,73.92809158,Shared Room,Shared room in home,2,1,1,2,1135,4.82,4.8,4.77,,,,,0,1,Budget,4.75-5.0,Small,Available >30 Days
1.65334E+18,Pune,Unknown,18.502,73.9318,Private Room,Private room in guest house,2,1,1,1,1610,4.82,4.8,4.77,,,,,0,1,Budget,4.75-5.0,Small,Available >30 Days
9.05147E+17,Pune,Balewadi High Street,18.5694,73.7721,Hotel,Room in aparthotel,3,1,1,1,3952,4.82,4.8,4.77,,,,,0,1,Mid-Range,4.75-5.0,Medium,Available >30 Days
9.09279E+17,Pune,Unknown,18.58216,73.76184,Private Room,Private room in apartment,1,1,1,1,2300,4.82,4.8,4.77,,,,,0,1,Mid-Range,4.75-5.0,Small,Available >30 Days
9.09343E+17,Pune,Unknown,18.5656,73.9108,Entire Home,Entire home,11,2.5,3,3,5379,4.91,4.73,4.73,4.73,4.91,5,5,22,1,Premium,4.75-5.0,Large,Available >30 Days
9.14161E+17,Pune,Unknown,18.51384,73.87237,Private Room,Private room in rental unit,2,1.5,1,1,2338,4.82,4.8,4.77,,,,,0,1,Mid-Range,4.75-5.0,Small,Available >30 Days
9.24923E+17,Pune,Unknown,18.5407,73.8986,Private Room,Private room in home,2,1,1,1,3274,4.8,4.75,4.65,4.75,4.7,4.75,4.75,20,1,Mid-Range,4.75-5.0,Small,Available >30 Days
1.27491E+18,Maan,Maan,18.57828669,73.71336687,Entire Home,Entire rental unit,2,2,2,2,4053,4.82,4.8,4.77,,,,,0,1,Premium,4.75-5.0,Small,Available >30 Days
1.27952E+18,Pune,Unknown,18.57739777,73.76951296,Entire Home,Entire apartment,5,2,2,2,3234,4.74,4.61,4.26,4.65,4.83,4.83,4.96,23,1,Mid-Range,4.5-4.75,Medium,Available >30 Days
1.42621E+18,Pune,Unknown,18.54652121,73.77684646,Entire Home,Entire rental unit,3,1,1,1,2319,4.71,4.86,4.71,4.71,4.57,4.64,4.64,14,1,Mid-Range,4.5-4.75,Medium,Available >30 Days
1.43041E+18,Pune,Unknown,18.53906976,73.89524139,Entire Home,Entire apartment,6,2.5,2,2,4740,4.6,4.7,4.5,4.6,4.65,4.7,4.6,20,1,Premium,4.5-4.75,Large,Available >30 Days
1.43312E+18,Pimpri-Chinchwad,Gulmohar colony,18.57578352,73.78899545,Entire Home,Entire rental unit,4,2,2,2,2000,4.5,4.5,4.5,4.5,4.5,4.5,4.5,2,1,Budget,4.0-4.5,Medium,Available >30 Days
1.43458E+18,Pune,Unknown,18.54141843,73.92316177,Private Room,Private room in rental unit,2,1,1,1,2156,4.82,4.8,4.77,,,,,0,1,Mid-Range,4.75-5.0,Small,Available >30 Days
1.60913E+18,Pune,Unknown,18.66326654,73.83148126,Private Room,Private room in rental unit,2,1,1,1,2408,5,4,5,5,5,5,5,1,1,Mid-Range,4.75-5.0,Small,Available >30 Days
1.65487E+18,Pimpri-Chinchwad,Unknown,18.64127925,73.78668394,Entire Home,Entire rental unit,3,1,1,1,3334,4.82,4.8,4.77,,,,,0,1,Mid-Range,4.75-5.0,Medium,Available >30 Days
2081540,Pune,Unknown,18.5396,73.89528,Private Room,Private room in home,3,1,1,1,1839,4.82,4.91,4.84,4.8,4.83,4.91,4.85,158,1,Budget,4.75-5.0,Medium,Available >30 Days
8.45938E+17,Pune,Bavdhan,18.5003,73.7778,Entire Home,Entire apartment,4,2,2,2,5765,4.87,4.52,4.87,4.85,4.95,4.9,4.95,84,1,Premium,4.75-5.0,Medium,Available >30 Days
8.67724E+17,Pimpri-Chinchwad,Unknown,18.59151,73.74212,Private Room,Private room in bed and breakfast,4,1,1,1,1242,1,4,3,1,1,1,1,1,1,Budget,Below 3,Medium,Available >30 Days
8.6773E+17,Pimpri-Chinchwad,Unknown,18.59285,73.74045,Private Room,Private room in bed and breakfast,4,1,1,1,1754,4.82,4.8,4.77,,,,,0,1,Budget,4.75-5.0,Medium,Available >30 Days
1.14898E+18,Pune,Unknown,18.4385,73.9135,Entire Home,Entire home,4,2,2,2,3100,4.82,4.8,4.77,,,,,0,1,Mid-Range,4.75-5.0,Medium,Available >30 Days
1.15839E+18,Pune,Unknown,18.4673,73.8282,Private Room,Private room in guest house,3,1,1,1,1275,4.75,4.75,4.63,4.88,4.75,4.75,4.88,8,1,Budget,4.5-4.75,Medium,Available >30 Days
1.41306E+18,Pune,Unknown,18.5587,73.7636,Shared Room,Shared room in apartment,4,1,1,1,1143,4.82,4.8,4.77,,,,,0,1,Budget,4.75-5.0,Medium,Available >30 Days
1.41682E+18,Pune,Unknown,18.522,73.9648,Entire Home,Entire rental unit,3,1,1,1,2361,5,3.67,4.33,5,5,5,5,3,1,Mid-Range,4.75-5.0,Medium,Available >30 Days
1.42037E+18,Pune,Unknown,18.5227,73.9637,Entire Home,Entire rental unit,3,1,1,1,1554,4.62,4.24,4.62,4.57,4.57,4.76,4.86,21,1,Budget,4.5-4.75,Medium,Available >30 Days
1.42185E+18,Pimpri-Chinchwad,Unknown,18.6061,73.7324,Entire Home,Entire rental unit,4,2,1,1,1234,2.5,2,2.5,2.5,2.5,2.5,2,2,1,Budget,Below 3,Medium,Available >30 Days
1.53403E+18,Pune,Unknown,18.5304,73.8382,Private Room,Private room in rental unit,2,1,1,1,3508,4.82,4.8,4.77,,,,,0,1,Mid-Range,4.75-5.0,Small,Available >30 Days
1.53454E+18,Pune,Unknown,18.5756,73.914,Entire Home,Entire rental unit,2,1,1,1,2783,4.91,4.91,4.64,4.77,4.95,5,4.91,22,1,Mid-Range,4.75-5.0,Small,Available >30 Days
1.53528E+18,Pune,Unknown,18.5756,73.914,Entire Home,Entire apartment,3,1,1,1,2862,4.75,4.71,4.83,4.63,4.83,4.63,4.75,24,1,Mid-Range,4.5-4.75,Medium,Available >30 Days
1.6121E+18,Pune,Gahunje,18.6644,73.7082,Entire Home,Entire apartment,2,1,1,1,3050,5,4.73,5,5,5,5,5,11,1,Mid-Range,4.75-5.0,Small,Available >30 Days
1.61237E+18,Pimpri-Chinchwad,Punawale,18.62907923,73.74453404,Entire Home,Entire rental unit,3,1,1,1,2315,4,5,5,5,4,5,5,1,1,Mid-Range,3.0-4.0,Medium,Available >30 Days
1.61353E+18,Pune,Unknown,18.56180893,73.77319684,Entire Home,Entire home,10,3,3,3,5496,4.82,4.8,4.77,,,,,0,1,Premium,4.75-5.0,Large,Available >30 Days
34471420,Pune,Unknown,18.53996,73.89822,Entire Home,Entire townhouse,2,1,1,1,4794,4.77,4.9,4.9,4.77,4.87,4.94,4.94,31,1,Premium,4.75-5.0,Small,Available >30 Days
35344726,Pune,Unknown,18.46168,73.86175,Private Room,Private room in villa,6,3,4,4,9472,4,4,4,4,4,4,4,1,1,Luxury,3.0-4.0,Large,Available >30 Days
35809240,Pune,Unknown,18.54118,73.89784,Private Room,Private room in townhouse,2,1,1,1,3157,4.93,5,4.93,4.9,4.93,4.97,4.97,29,1,Mid-Range,4.75-5.0,Small,Available >30 Days
38079600,Pune,Unknown,18.55117,73.76916,Serviced Apartment,Entire serviced apartment,2,1,1,1,2355,4.6,3.9,4.65,4.5,4.6,4.65,4.4,20,1,Mid-Range,4.5-4.75,Small,Available >30 Days
38948581,Pune,Unknown,18.5632,73.9491,Entire Home,Entire apartment,5,2,2,2,3964,4.82,4.8,4.77,,,,,0,1,Mid-Range,4.75-5.0,Medium,Available >30 Days
9439139,Pune,Unknown,18.5519,73.80235,Private Room,Private room in bungalow,2,1,1,1,1754,4.94,5,4.88,4.94,4.94,4.94,5,17,1,Budget,4.75-5.0,Small,Available >30 Days
1.23695E+18,Pune,Balewadi High Street,18.56877,73.77451,Entire Home,Entire rental unit,4,2,2,2,4092,4.82,4.8,4.77,,,,,0,1,Premium,4.75-5.0,Medium,Available >30 Days
1.23838E+18,Pune,Unknown,18.54541,73.77804,Serviced Apartment,Entire serviced apartment,3,1,1,1,4092,5,4.92,4.88,4.81,4.92,5,5,26,1,Premium,4.75-5.0,Medium,Available >30 Days
1.24049E+18,Pune,Unknown,18.54621,73.77708,Entire Home,Entire rental unit,2,1,1,1,3150,4.81,4.85,4.57,4.68,4.75,4.91,4.9,110,1,Mid-Range,4.75-5.0,Small,Available >30 Days
1.24429E+18,Pune,Unknown,18.54425,73.77852,Entire Home,Entire rental unit,2,1,1,1,2430,4.81,4.82,4.64,4.68,4.74,5,4.92,77,1,Mid-Range,4.75-5.0,Small,Available >30 Days
1.39834E+18,Pune,Unknown,18.5957,73.9343,Entire Home,Entire rental unit,3,1,1,1,1754,4.86,4.58,4.84,4.84,4.9,4.92,4.92,50,1,Budget,4.75-5.0,Medium,Available >30 Days
14005620,Pimpri-Chinchwad,Unknown,18.59682,73.78692,Entire Home,Entire townhouse,8,3,3,3,5634,5,5,4.6,5,5,5,5,5,1,Premium,4.75-5.0,Large,Available >30 Days
1.40511E+18,koregaon park,Unknown,18.53999856,73.89360702,Entire Home,Entire apartment,2,1,1,1,3360,4.82,4.88,4.91,4.64,4.82,4.79,4.82,33,1,Mid-Range,4.75-5.0,Small,Available >30 Days
1.51166E+18,Pune,Unknown,18.54520263,73.77838095,Entire Home,Entire apartment,3,1,1,1,3410,4.8,4.8,4.7,4.6,4.9,4.7,4.8,10,1,Mid-Range,4.75-5.0,Medium,Available >30 Days
1.51208E+18,Pune,Gahunje,18.6606,73.7099,Entire Home,Entire rental unit,3,1,1,1,3054,4.91,4.91,4.8,4.91,4.91,4.91,4.95,56,1,Mid-Range,4.75-5.0,Medium,Available >30 Days
1.51392E+18,Pune,Kalyani Nagar,18.55157,73.89668,Private Room,Private room in bed and breakfast,3,1,1,1,3010,4.82,4.8,4.77,,,,,0,1,Mid-Range,4.75-5.0,Medium,Available >30 Days
1.51392E+18,Pune,Unknown,18.513,73.9061,Private Room,Private room in bed and breakfast,6,2,2,2,5262,5,5,5,5,5,5,5,3,1,Premium,4.75-5.0,Large,Available >30 Days
1.51574E+18,Pune,Unknown,18.57450565,73.91446714,Entire Home,Entire rental unit,3,1,1,1,3296,5,4.91,4.87,5,4.91,5,5,23,1,Mid-Range,4.75-5.0,Medium,Available >30 Days
1.51577E+18,Pune,Gahunje,18.6745,73.7065,Entire Home,Entire rental unit,4,1,1,1,3288,4.86,5,4.86,4.86,4.71,5,5,7,1,Mid-Range,4.75-5.0,Medium,Available >30 Days
1.59607E+18,Pune,Unknown,18.54529773,73.77999767,Entire Home,Entire rental unit,2,1,1,1,2805,4,5,5,4,5,5,5,1,1,Mid-Range,3.0-4.0,Small,Available >30 Days
1.59727E+18,Pune,Unknown,18.55286682,73.77889219,Entire Home,Entire villa,2,1,1,1,3961,4.82,4.8,4.77,,,,,0,1,Mid-Range,4.75-5.0,Small,Available >30 Days
1.59799E+18,Pune,Unknown,18.5777,73.7866,Entire Home,Entire apartment,8,3,3,3,3506,4.82,4.8,4.77,,,,,0,1,Mid-Range,4.75-5.0,Large,Available >30 Days
1.59905E+18,Pune,Balewadi Phata,18.5677,73.7863,Entire Home,Entire rental unit,2,1,1,1,2560,5,5,5,5,5,5,5,1,1,Mid-Range,4.75-5.0,Small,Available >30 Days
24381089,Pune,Ex-Servicemen Colony,18.51445,73.82849,Private Room,Private room in rental unit,2,1,1,1,2736,4.89,4.97,4.89,4.8,4.91,4.97,4.97,35,1,Mid-Range,4.75-5.0,Small,Available >30 Days
26325680,Pune,Unknown,18.56896,73.91674,Private Room,Private room in rental unit,2,1,1,1,1169,4.65,4.87,4.52,4.72,4.64,4.81,4.77,180,1,Budget,4.5-4.75,Small,Available >30 Days
8.95202E+17,Pune,Shivneri Park,18.5661,73.7783,Entire Home,Entire home,6,4.5,3,3,9457,5,5,5,5,4,5,5,1,1,Luxury,4.75-5.0,Large,Available >30 Days
8.95206E+17,Pune,Shivneri Park,18.5661,73.7783,Entire Home,Entire home,14,6,6,6,18729,4.82,4.8,4.77,,,,,0,1,Luxury,4.75-5.0,Large,Available >30 Days
1.09339E+18,Pune,Unknown,18.53287,73.89942,Entire Home,Entire rental unit,2,1,1,1,3500,4.79,4.88,4.83,4.77,4.87,4.88,4.81,75,1,Mid-Range,4.75-5.0,Small,Available >30 Days
1.10208E+18,Pune,Unknown,18.53877,73.90076,Entire Home,Entire rental unit,2,1,1,1,2330,4.77,4.82,4.73,4.63,4.75,4.88,4.89,56,1,Mid-Range,4.75-5.0,Small,Available >30 Days
1.10584E+18,Pune,Unknown,18.5285,73.9344,Private Room,Private room in rental unit,1,1,1,1,1052,4.4,4.6,4.6,4.4,4.6,5,4.6,5,1,Budget,4.0-4.5,Small,Available >30 Days
1.32589E+18,Pune,Kalyani Nagar,18.5457,73.9053,Private Room,Private room in rental unit,1,2,1,1,1637,4.82,4.8,4.77,,,,,0,1,Budget,4.75-5.0,Small,Available >30 Days
1.47838E+18,Pune,Mhalunge,18.5751,73.7419,Entire Home,Entire apartment,3,1,1,1,2762,5,4.95,4.95,4.95,5,4.95,5,20,1,Mid-Range,4.75-5.0,Medium,Available >30 Days
1.47909E+18,Pimpri-Chinchwad,Unknown,18.5734,73.7353,Other,Farm stay,4,1,1,1,3426,4.6,4.6,5,4.6,5,4.6,5,5,1,Mid-Range,4.5-4.75,Medium,Available >30 Days
1.48264E+18,Pune,Unknown,18.57547,73.91502,Entire Home,Entire rental unit,2,1,1,1,2596,4.94,4.88,4.98,4.88,4.92,4.94,4.96,49,1,Mid-Range,4.75-5.0,Small,Available >30 Days
1.54938E+18,Pune,Unknown,18.46134,73.91428,Entire Home,Entire loft,4,2,2,2,3114,4.74,4.44,4.7,4.7,4.7,4.89,4.89,27,1,Mid-Range,4.5-4.75,Medium,Available >30 Days
1.61934E+18,Pune,Unknown,18.515,73.8459,Private Room,Private room in rental unit,2,1,1,1,2026,4.82,4.8,4.77,,,,,0,1,Mid-Range,4.75-5.0,Small,Available >30 Days
52228436,Pimpri-Chinchwad,Gahunje,18.67012,73.70596,Entire Home,Entire apartment,8,3.5,3,3,8680,4.84,4.84,4.84,4.58,4.8,4.89,4.82,45,1,Luxury,4.75-5.0,Large,Available >30 Days
52835021,Pune,Unknown,18.5509,73.96303,Private Room,Private room in villa,16,6,6,6,1495,4.82,4.8,4.77,,,,,0,1,Budget,4.75-5.0,Large,Available >30 Days
53349752,Pune,Gahunje,18.66284,73.70851,Entire Home,Entire apartment,5,1,1,1,2438,4.62,4.71,4.74,4.52,4.69,4.71,4.67,42,1,Mid-Range,4.5-4.75,Medium,Available >30 Days
53959142,Pune,Unknown,18.54021,73.88993,Shared Room,Shared room in hostel,1,1,1,1,944,4.57,4.71,4.71,4.43,4.71,4.86,4.86,7,1,Budget,4.5-4.75,Small,Available >30 Days
9.74561E+17,Pune,Shivneri Park,18.56832,73.77896,Private Room,Private room in bed and breakfast,2,1,1,1,2455,4.82,4.8,4.77,,,,,0,1,Mid-Range,4.75-5.0,Small,Available >30 Days
9.82622E+17,Pimpri-Chinchwad,Unknown,18.6603,73.7307,Private Room,Private room in rental unit,1,1,1,1,2271,4.82,4.8,4.77,,,,,0,1,Mid-Range,4.75-5.0,Small,Available >30 Days
9.9458E+17,Pimpri-Chinchwad,Gahunje,18.66295,73.70717,Entire Home,Entire rental unit,10,4,4,4,15820,4.78,4.78,4.67,4.53,4.78,4.78,4.72,36,1,Luxury,4.75-5.0,Large,Available >30 Days
9.95471E+17,Pune,Unknown,18.5288,73.9601,Serviced Apartment,Entire serviced apartment,6,2,2,2,1636,4.75,4.63,4.75,4.88,4.75,4.94,4.88,16,1,Budget,4.5-4.75,Large,Available >30 Days
1.00041E+18,Pimpri-Chinchwad,Tathawade,18.60716,73.73834,Entire Home,Entire rental unit,2,1,1,1,1168,1,1,1,1,1,1,1,1,1,Budget,Below 3,Small,Available >30 Days
1.00582E+18,Pimpri-Chinchwad,Maan,18.574,73.6954,Entire Home,Entire rental unit,2,2,1,1,3664,4.8,4.7,4.7,4.7,4.8,4.7,4.7,10,1,Mid-Range,4.75-5.0,Small,Available >30 Days
10195414,Pune,Unknown,18.54522,73.81828,Private Room,Private room in villa,1,1,1,1,3391,4.94,4.89,4.88,4.81,4.88,4.92,4.93,132,1,Mid-Range,4.75-5.0,Small,Available >30 Days
1.02081E+18,Pune,Unknown,18.51455,73.83024,Entire Home,Entire rental unit,3,1,1,1,3917,4.81,4.89,4.83,4.57,4.75,4.89,4.9,125,1,Mid-Range,4.75-5.0,Medium,Available >30 Days
1.03399E+18,Pune,Unknown,18.576,73.8959,Entire Home,Entire rental unit,2,1,1,1,2156,4.9,4.62,4.97,4.77,4.95,4.9,4.97,60,1,Mid-Range,4.75-5.0,Small,Available >30 Days
1.28708E+18,Pune,Balewadi Phata,18.5674,73.7873,Entire Home,Entire rental unit,6,2,2,2,4204,4.43,4.67,4.29,4.29,4.43,4.67,4.71,21,1,Premium,4.0-4.5,Large,Available >30 Days
1.28777E+18,Pune,Parkhe Vasti,18.58988428,73.74625993,Entire Home,Entire rental unit,4,2,2,2,3388,4,5,3,5,5,5,5,1,1,Mid-Range,3.0-4.0,Medium,Available >30 Days
1.29248E+18,Pune,Unknown,18.5691,73.9143,Shared Room,Shared room in guest house,1,1,1,1,1110,4.44,4.78,4.67,4.33,4.33,4.56,4.44,9,1,Budget,4.0-4.5,Small,Available >30 Days
1.46006E+18,Pune,Unknown,18.55239843,73.76903765,Hotel,Room in boutique hotel,2,1,1,1,2003,2,3,2,2,2,3,4,1,1,Mid-Range,Below 3,Small,Available >30 Days
1.46018E+18,Pune,Unknown,18.55789701,73.92740076,Entire Home,Entire rental unit,3,1,1,1,4000,5,5,5,4.77,5,4.85,5,13,1,Mid-Range,4.75-5.0,Medium,Available >30 Days
1.46408E+18,Pimpri-Chinchwad,Unknown,18.64412,73.79956,Entire Home,Entire home,4,2,2,2,3436,4.82,4.8,4.77,,,,,0,1,Mid-Range,4.75-5.0,Medium,Available >30 Days
1.53999E+18,Pune,Unknown,18.57612,73.78438,Entire Home,Entire rental unit,6,3,2,2,3530,4.57,4.71,4.86,4.29,4.71,4.71,4.71,7,1,Mid-Range,4.5-4.75,Large,Available >30 Days
1.54181E+18,Pimpri-Chinchwad,Gahunje,18.66058518,73.70338779,Entire Home,Entire rental unit,4,1,1,1,3036,4.82,4.8,4.77,,,,,0,1,Mid-Range,4.75-5.0,Medium,Available >30 Days
1.54353E+18,Pune,Unknown,18.5461,73.779,Entire Home,Entire rental unit,2,1,1,1,2392,4.86,4.86,4.67,4.71,4.9,4.86,4.9,21,1,Mid-Range,4.75-5.0,Small,Available >30 Days
1.54398E+18,Pune,Unknown,18.5311,73.9134,Entire Home,Entire rental unit,2,1,1,1,2221,2,1,5,1,2,5,5,1,1,Mid-Range,Below 3,Small,Available >30 Days
1.54641E+18,Gorhe Bk.,Gorhe,18.41703,73.7574,Private Room,Private room in home,2,1,1,1,1384,4.82,4.8,4.77,,,,,0,1,Budget,4.75-5.0,Small,Available >30 Days
1.62306E+18,Pune,Chakankar Mala,18.5661,73.7809,Private Room,Private room in home,2,1,1,1,2100,4.82,4.8,4.77,,,,,0,1,Mid-Range,4.75-5.0,Small,Available >30 Days
1.62311E+18,Pune,Unknown,18.5411,73.9225,Entire Home,Entire rental unit,3,1,1,1,1870,4.25,3.75,4,4,4,4.5,4,4,1,Budget,4.0-4.5,Medium,Available >30 Days
1.62566E+18,Pune,Unknown,18.52518575,73.86564615,Hotel,Room in boutique hotel,2,1,1,1,2164,4.82,4.8,4.77,,,,,0,1,Mid-Range,4.75-5.0,Small,Available >30 Days
43182193,Pune,Unknown,18.5214,73.85783,Entire Home,Entire bungalow,6,3,3,3,11551,4.82,4.8,4.77,,,,,0,1,Luxury,4.75-5.0,Large,Available >30 Days
4639819,Pune,Unknown,18.53263,73.89757,Entire Home,Entire place,3,1,1,1,4000,4.72,4.86,4.79,4.68,4.77,4.85,4.84,384,1,Mid-Range,4.5-4.75,Medium,Available >30 Days
46744690,Pune,Balewadi High Street,18.56445,73.77673,Hotel,Room in aparthotel,2,1,1,1,3976,4.82,4.8,4.77,,,,,0,1,Mid-Range,4.75-5.0,Small,Available >30 Days
46744887,Pune,Unknown,18.56347,73.77626,Hotel,Room in aparthotel,1,1,1,1,2806,4.82,4.8,4.77,,,,,0,1,Mid-Range,4.75-5.0,Small,Available >30 Days
12528905,Pune,Balewadi Phata,18.56564,73.77119,Entire Home,Entire villa,16,8,8,8,24017,4.29,4.71,4.43,4.43,4.57,4.71,4.43,7,1,Luxury,4.0-4.5,Large,Available >30 Days
1.25724E+18,Pune,Unknown,18.54235029,73.77421407,Entire Home,Entire villa,16,6,4,4,27516,5,4.5,5,5,5,5,5,2,1,Luxury,4.75-5.0,Large,Available >30 Days
1.34096E+18,Pune,Balewadi Phata,18.56456749,73.77636945,Private Room,Private room in home,4,2,1,1,2689,3,4,3,3,3,4,3,1,1,Mid-Range,Below 3,Medium,Available >30 Days
1.34479E+18,Pune,Unknown,18.6049,73.9115,Entire Home,Entire rental unit,2,2,1,1,2013,3.75,3.75,4,3.75,3.75,3.75,4.75,4,1,Mid-Range,3.0-4.0,Small,Available >30 Days
1.48325E+18,Pune,Unknown,18.5826,73.897,Entire Home,Entire rental unit,4,1,1,1,2844,4.82,4.8,4.77,,,,,0,1,Mid-Range,4.75-5.0,Medium,Available >30 Days
1.48481E+18,Pune,Unknown,18.5756,73.914,Entire Home,Entire rental unit,3,1,1,1,2656,4.64,4.82,4.64,4.36,4.73,4.91,4.91,11,1,Mid-Range,4.5-4.75,Medium,Available >30 Days
1.48691E+18,Pune,Unknown,18.54585199,73.77886034,Entire Home,Entire rental unit,4,1,1,1,3250,4.96,4.74,4.87,4.85,4.91,4.93,4.96,46,1,Mid-Range,4.75-5.0,Medium,Available >30 Days
1.48709E+18,Pune,Unknown,18.5679,73.9144,Entire Home,Entire rental unit,4,1,1,1,2923,4.29,4.86,4.29,4.14,4.57,4.71,4.43,7,1,Mid-Range,4.0-4.5,Medium,Available >30 Days
1.48736E+18,Pune,Unknown,18.57477865,73.91348381,Entire Home,Entire rental unit,3,1,1,1,2677,4.78,4.96,4.74,4.81,4.81,4.93,4.81,27,1,Mid-Range,4.75-5.0,Medium,Available >30 Days
1.5681E+18,Pune,Unknown,18.54164736,73.88492344,Entire Home,Entire rental unit,2,1,1,1,2820,5,5,5,5,5,5,5,1,1,Mid-Range,4.75-5.0,Small,Available >30 Days
5.71344E+17,Pune,Unknown,18.53269,73.89578,Private Room,Private room in apartment,2,1,1,1,1356,4.75,4.75,4.5,4.88,4.75,4.88,4.88,8,1,Budget,4.5-4.75,Small,Available >30 Days
5.95526E+17,Pune,Unknown,18.54532,73.94048,Entire Home,Entire apartment,4,2,1,1,1168,3,2.33,3.33,3,3,4.67,3.67,3,1,Budget,Below 3,Medium,Available >30 Days
1.04184E+18,Pune,Unknown,18.4316,73.7175,Entire Home,Entire villa,12,3,4,4,19857,5,5,5,5,5,5,5,2,1,Luxury,4.75-5.0,Large,Available >30 Days
1.06708E+18,Pune,Unknown,18.5359,73.8343,Entire Home,Entire apartment,8,3,3,3,8811,4.8,4.86,4.71,4.75,4.8,4.94,4.9,51,1,Luxury,4.75-5.0,Large,Available >30 Days
1.30003E+18,Pimpri-Chinchwad,Unknown,18.60772604,73.78971375,Entire Home,Entire apartment,2,1,1,1,1504,4.84,4.65,4.74,4.71,4.9,4.9,4.87,31,1,Budget,4.75-5.0,Small,Available >30 Days
1.30123E+18,Pune,Unknown,18.50842988,73.92387384,Private Room,Private room in rental unit,1,1,1,1,1157,4.89,4.67,4.78,4.89,4.89,5,5,9,1,Budget,4.75-5.0,Small,Available >30 Days
1.30786E+18,Pune,Balewadi Phata,18.5618,73.7808,Private Room,Private room in home,2,1,1,1,1754,4.68,4.72,4.72,4.6,4.72,4.64,4.84,25,1,Budget,4.5-4.75,Small,Available >30 Days
1.47233E+18,Pune,Gahunje,18.66130267,73.70772458,Entire Home,Entire rental unit,8,3.5,3,3,9856,4.83,5,4.67,5,4.67,5,5,6,1,Luxury,4.75-5.0,Large,Available >30 Days
1.55496E+18,Pune,Unknown,18.44071129,73.85583161,Hotel,Room in hotel,12,4,4,4,3588,4,4,4,4,3.75,4.25,4,4,1,Mid-Range,3.0-4.0,Large,Available >30 Days
1.55571E+18,Pune,Unknown,18.54117109,73.89948158,Entire Home,Entire rental unit,2,1,1,1,2650,4.83,5,4.83,4.92,4.83,4.92,4.92,12,1,Mid-Range,4.75-5.0,Small,Available >30 Days
1.55788E+18,Pune,Unknown,18.5786,73.7715,Entire Home,Entire rental unit,2,1,1,1,2684,4.83,4.67,5,4.83,5,5,5,6,1,Mid-Range,4.75-5.0,Small,Available >30 Days
1.55839E+18,Gorhe Bk.,Gorhe,18.42084167,73.7578994,Private Room,Private room in home,2,1,1,1,2345,4.82,4.8,4.77,,,,,0,1,Mid-Range,4.75-5.0,Small,Available >30 Days
1.55845E+18,Pune,Unknown,18.56786945,73.90926342,Entire Home,Entire apartment,4,2,2,2,4330,5,5,5,5,5,5,5,6,1,Premium,4.75-5.0,Medium,Available >30 Days
1.55847E+18,Pune,Unknown,18.56785,73.90942,Entire Home,Entire apartment,4,2,2,2,4330,5,4.67,5,4.67,5,5,4.83,6,1,Premium,4.75-5.0,Medium,Available >30 Days
1.55874E+18,Pune,Unknown,18.57611892,73.91476509,Entire Home,Entire rental unit,3,1,1,1,2753,4.82,4.93,4.89,4.89,4.89,4.96,4.71,28,1,Mid-Range,4.75-5.0,Medium,Available >30 Days
1.56031E+18,Pune,Unknown,18.54596348,73.77885837,Entire Home,Entire rental unit,2,1,1,1,2453,4.82,4.8,4.77,,,,,0,1,Mid-Range,4.75-5.0,Small,Available >30 Days
1.62711E+18,Pune,Unknown,18.50009236,73.95191631,Hotel,Room in boutique hotel,2,1,1,1,1828,4.82,4.8,4.77,,,,,0,1,Budget,4.75-5.0,Small,Available >30 Days
1.62714E+18,Pune,Balewadi High Street,18.56816558,73.77184884,Hotel,Room in boutique hotel,2,1,1,1,1482,4.82,4.8,4.77,,,,,0,1,Budget,4.75-5.0,Small,Available >30 Days
1.62802E+18,Pune,Unknown,18.5758,73.9144,Entire Home,Entire rental unit,2,1,1,1,4139,5,5,5,5,5,5,5,5,1,Premium,4.75-5.0,Small,Available >30 Days
1.62806E+18,Pune,Gahunje,18.665,73.7071,Entire Home,Entire apartment,4,1,1,1,3520,5,5,5,5,4.75,5,5,4,1,Mid-Range,4.75-5.0,Medium,Available >30 Days
1.62832E+18,Pimpri-Chinchwad,Gahunje,18.662,73.7099,Entire Home,Entire rental unit,4,1,1,1,2156,5,5,5,4.5,5,5,5,2,1,Mid-Range,4.75-5.0,Medium,Available >30 Days
47779439,Bhagatwadi,Vaswewadi,18.36506,73.72596,Private Room,Private room in cottage,6,1,1,1,2338,4.67,4.33,4.67,5,4.67,5,5,3,1,Mid-Range,4.5-4.75,Large,Available >30 Days
48047487,Pune,Unknown,18.5396,73.90042,Private Room,Private room in home,2,1,1,1,2657,4.95,5,4.91,4.86,4.82,5,4.95,22,1,Mid-Range,4.75-5.0,Small,Available >30 Days
48457424,Pune,Unknown,18.54938,73.94364,Serviced Apartment,Entire serviced apartment,3,1.5,1,1,3500,4.35,4.47,4.35,4.29,4.53,4.59,4.47,34,1,Mid-Range,4.0-4.5,Medium,Available >30 Days
51549708,Pune,Unknown,18.56582,73.9514,Private Room,Private room in bed and breakfast,2,1,1,1,2935,4.6,4,4.8,4.4,4.4,5,5,5,1,Mid-Range,4.5-4.75,Small,Available >30 Days
1.07153E+18,Pune,Unknown,18.58089,73.88252,Private Room,Private room in home,4,1,1,1,1695,4.82,4.8,4.77,,,,,0,1,Budget,4.75-5.0,Medium,Available >30 Days
1.07434E+18,Pune,Unknown,18.5014,73.9379,Hotel,Room in hotel,2,1,1,1,2865,4.82,4.8,4.77,,,,,0,1,Mid-Range,4.75-5.0,Small,Available >30 Days
1.07727E+18,Pimpri-Chinchwad,Unknown,18.6429,73.7963,Entire Home,Entire rental unit,4,2,2,2,3170,4.63,4.88,4.5,4.88,4.88,4.75,4.75,8,1,Mid-Range,4.5-4.75,Medium,Available >30 Days
1.07744E+18,Pune,Unknown,18.5151,73.93302,Entire Home,Entire rental unit,6,3,3,3,5964,4.14,4.43,4.29,4.29,4.14,4.14,4.14,7,1,Premium,4.0-4.5,Large,Available >30 Days
1.31441E+18,Pune,Unknown,18.54117726,73.9217595,Entire Home,Entire rental unit,2,1,1,1,2470,4.9,4.57,4.9,4.8,4.9,4.98,4.93,61,1,Mid-Range,4.75-5.0,Small,Available >30 Days
1.31499E+18,Pune,Balewadi Phata,18.568,73.7672,Entire Home,Entire apartment,4,1,1,1,3073,5,4.85,4.92,5,5,4.85,5,13,1,Mid-Range,4.75-5.0,Medium,Available >30 Days
1.31654E+18,Pune,Unknown,18.56600389,73.91694021,Private Room,Private room in rental unit,2,1,1,1,2770,4.53,4.88,4.71,4.35,4.41,4.47,4.65,17,1,Mid-Range,4.5-4.75,Small,Available >30 Days
1.31729E+18,Pune,Unknown,18.54587,73.77839,Entire Home,Entire rental unit,4,1,1,1,2799,4.67,5,4.48,4.71,4.81,5,4.81,21,1,Mid-Range,4.5-4.75,Medium,Available >30 Days
1.45348E+18,Pune,Unknown,18.5756,73.9141,Entire Home,Entire rental unit,3,1,1,1,2619,4.9,4.9,4.88,4.9,4.94,4.94,4.96,48,1,Mid-Range,4.75-5.0,Medium,Available >30 Days
1.57672E+18,Pune,Balewadi Phata,18.56495038,73.78300018,Private Room,Private room in bed and breakfast,2,1,10,10,1577,4.82,4.8,4.77,,,,,0,1,Budget,4.75-5.0,Small,Available >30 Days
1.58098E+18,Pune,Unknown,18.5338,73.9257,Hotel,Room in hotel,2,2,33,33,5972,4.82,4.8,4.77,,,,,0,1,Premium,4.75-5.0,Small,Available >30 Days
1.58115E+18,Hinjavadi,Mhalunge,18.5769,73.7429,Entire Home,Entire rental unit,2,1,1,1,2792,5,5,5,5,5,4.67,5,3,1,Mid-Range,4.75-5.0,Small,Available >30 Days
1.64236E+18,Pune,Unknown,18.54230301,73.92282442,Entire Home,Entire rental unit,4,1,1,1,2380,4.82,4.8,4.77,,,,,0,1,Mid-Range,4.75-5.0,Medium,Available >30 Days
1.21156E+18,Pune,Unknown,18.54225,73.94228,Entire Home,Entire rental unit,2,1,1,1,2379,4.44,4.49,4.33,4.26,4.42,4.58,4.6,43,1,Mid-Range,4.0-4.5,Small,Available >30 Days
1.21847E+18,Pune,Unknown,18.5621,73.9091,Private Room,Private room in guest house,2,1,1,1,4200,4.55,4.68,4.68,4.18,4.36,4.68,4.41,22,1,Premium,4.5-4.75,Small,Available >30 Days
1.2287E+18,Pune,Samarth Colony,18.55781,73.77723,Entire Home,Entire rental unit,2,1,1,1,3120,1,3,3,1,3,1,1,1,1,Mid-Range,Below 3,Small,Available >30 Days
1.35626E+18,Pune,Gahunje,18.67506292,73.70542961,Entire Home,Entire rental unit,4,1,1,1,3566,5,5,5,4,4,5,5,1,1,Mid-Range,4.75-5.0,Medium,Available >30 Days
13607887,Pune,Unknown,18.53422,73.89633,Entire Home,Entire rental unit,6,3,3,3,10875,4.58,4.96,4.35,4.55,4.56,4.86,4.79,86,1,Luxury,4.5-4.75,Large,Available >30 Days
1.36347E+18,Kanand,Malkhed,18.3942,73.709,Entire Home,Entire home,6,3,3,3,8185,4.29,4.86,4.29,4.71,4.43,4.86,4.57,7,1,Luxury,4.0-4.5,Large,Available >30 Days
1.49743E+18,Pune,Unknown,18.5479353,73.77071046,Private Room,Private room in rental unit,1,1,1,1,1237,4.89,4.89,4.56,5,5,4.89,4.89,9,1,Budget,4.75-5.0,Small,Available >30 Days
1.5826E+18,Pune,Balewadi Phata,18.56624,73.78505,Entire Home,Entire rental unit,3,1,1,1,2640,5,5,4.9,4.9,5,5,5,10,1,Mid-Range,4.75-5.0,Medium,Available >30 Days
1.58549E+18,Pimpri-Chinchwad,Unknown,18.63349528,73.84820592,Entire Home,Entire rental unit,6,3,3,3,4572,5,5,5,5,5,5,5,2,1,Premium,4.75-5.0,Large,Available >30 Days
6.43473E+17,Pune,Unknown,18.55362,73.88861,Serviced Apartment,Entire serviced apartment,4,2,2,2,6075,4.82,4.8,4.77,,,,,0,1,Premium,4.75-5.0,Medium,Available >30 Days
6.51267E+17,Pune,Chakankar Mala,18.565,73.78102,Hotel,Room in hotel,2,1,1,1,2020,4.57,4.29,4.43,4.43,4.43,4.29,4.07,14,1,Mid-Range,4.5-4.75,Small,Available >30 Days
6.59221E+17,Pune,Balewadi Phata,18.56407,73.78507,Entire Home,Entire apartment,4,2,2,2,2829,4.96,4.89,4.94,4.89,4.93,4.95,4.96,107,1,Mid-Range,4.75-5.0,Medium,Available >30 Days
1.12853E+18,Pune,Unknown,18.57792,73.76911,Entire Home,Entire rental unit,4,1,1,1,2740,4.45,4.55,4.3,4.4,4.45,4.7,4.7,20,1,Mid-Range,4.0-4.5,Medium,Available >30 Days
1.13841E+18,Pune,Unknown,18.5035,73.8672,Entire Home,Entire rental unit,5,2,1,1,4911,4.9,4.27,4.84,4.74,4.84,4.93,4.96,70,1,Premium,4.75-5.0,Medium,Available >30 Days
1.14758E+18,Pune,Unknown,18.5835,73.7641,Hotel,Room in hotel,2,1,1,1,1461,5,4,4,4,4,4,5,1,1,Budget,4.75-5.0,Small,Available >30 Days
1.14793E+18,Pune,Balewadi Phata,18.56559,73.78352,Private Room,Private room in villa,2,1,1,1,2337,4.79,4.76,4.79,4.69,4.79,4.72,4.76,29,1,Mid-Range,4.75-5.0,Small,Available >30 Days
1.3803E+18,Pune,Balewadi Phata,18.5645,73.7838,Entire Home,Entire bungalow,6,3,3,3,5496,4.82,4.82,4.64,4.73,4.73,4.82,4.91,11,1,Premium,4.75-5.0,Large,Available >30 Days
1.3876E+18,Pimpri-Chinchwad,Maan,18.57578952,73.70536837,Entire Home,Entire rental unit,2,2,1,1,2454,4.82,4.8,4.77,,,,,0,1,Mid-Range,4.75-5.0,Small,Available >30 Days
1.50785E+18,Pune,Unknown,18.56521896,73.96366614,Private Room,Private room in rental unit,2,1,1,1,1930,4.82,4.8,4.77,,,,,0,1,Budget,4.75-5.0,Small,Available >30 Days
1.51086E+18,Pune,Unknown,18.5620075,73.77394144,Hotel,Room in boutique hotel,2,1,1,1,1921,4.82,4.8,4.77,,,,,0,1,Budget,4.75-5.0,Small,Available >30 Days
1.51086E+18,Pune,Unknown,18.46432264,73.83412301,Hotel,Room in boutique hotel,2,1,1,1,1621,4.82,4.8,4.77,,,,,0,1,Budget,4.75-5.0,Small,Available >30 Days
1.51092E+18,Pune,Unknown,18.45738,73.83619,Hotel,Room in boutique hotel,2,1,1,1,1798,4.82,4.8,4.77,,,,,0,1,Budget,4.75-5.0,Small,Available >30 Days
1.5896E+18,Pune,Pallod Farms,18.5589,73.7945,Private Room,Private room in rental unit,6,2,2,2,5502,5,5,5,5,5,5,5,3,1,Premium,4.75-5.0,Large,Available >30 Days
1.59E+18,Pune,Balewadi Phata,18.56673,73.78649,Entire Home,Entire rental unit,16,12,12,12,49440,4.82,4.8,4.77,,,,,0,1,Luxury,4.75-5.0,Large,Available >30 Days
1.59064E+18,Pune,Gahunje,18.6641,73.7084,Entire Home,Entire apartment,8,2,2,2,3326,4.82,4.8,4.77,,,,,0,1,Mid-Range,4.75-5.0,Large,Available >30 Days
1.59208E+18,Pune,Unknown,18.53452941,73.94306414,Entire Home,Entire rental unit,4,2,2,2,6899,4.71,4.71,4.76,4.81,4.9,4.9,4.9,21,1,Premium,4.5-4.75,Medium,Available >30 Days
1.59344E+18,Pune,Blue Ridge Town,18.5786,73.7349,Serviced Apartment,Entire serviced apartment,4,1,1,1,2295,5,5,5,5,5,5,5,3,1,Mid-Range,4.75-5.0,Medium,Available >30 Days
1.64921E+18,Pune,Unknown,18.56702576,73.77063135,Entire Home,Entire rental unit,4,2,2,2,3973,4.82,4.8,4.77,,,,,0,1,Mid-Range,4.75-5.0,Medium,Available >30 Days
1.65077E+18,Pune,Unknown,18.6004127,73.73138896,Entire Home,Entire villa,2,1,1,1,2065,4.82,4.8,4.77,,,,,0,1,Mid-Range,4.75-5.0,Small,Available >30 Days
1.65138E+18,Pune,Anupam Park,18.51246,73.77779,Entire Home,Entire rental unit,4,2,2,2,2557,4.82,4.8,4.77,,,,,0,1,Mid-Range,4.75-5.0,Medium,Available >30 Days
7.97786E+17,Pune,Unknown,18.56052,73.92391,Private Room,Private room in home,11,3,3,3,2642,4.92,4.88,4.76,4.8,4.8,4.92,4.96,25,1,Mid-Range,4.75-5.0,Large,Available >30 Days
8.113E+17,Malkhed,Malkhed,18.39377,73.70949,Entire Home,Entire home,16,2.5,5,5,1239,4.53,4.88,4.47,4.59,4.59,4.82,4.71,17,1,Budget,4.5-4.75,Large,Available >30 Days
8.12974E+17,Pune,Unknown,18.56146,73.924,Entire Home,Entire home,14,3,3,3,6506,4.97,4.93,4.76,4.86,4.83,4.97,4.93,29,1,Premium,4.75-5.0,Large,Available >30 Days
1.18031E+18,Pune,Unknown,18.5778,73.7696,Entire Home,Entire rental unit,4,2,2,2,4092,4.6,4.8,4.4,4.4,4.8,5,4.8,5,1,Premium,4.5-4.75,Medium,Available >30 Days
1.181E+18,Pune,Unknown,18.45058203,73.8986526,Hotel,Room in hotel,2,1,1,1,5845,4.82,4.8,4.77,,,,,0,1,Premium,4.75-5.0,Small,Available >30 Days
1.18153E+18,Pune,Chakankar Mala,18.56846,73.78094,Private Room,Private room in bungalow,2,5,5,5,1536,5,4,5,5,4,5,5,1,1,Budget,4.75-5.0,Small,Available >30 Days
1.18397E+18,Dattwadi,Tathawade,18.61221,73.7452,Entire Home,Entire rental unit,3,1,1,1,2220,5,5,5,5,5,5,5,1,1,Mid-Range,4.75-5.0,Medium,Available >30 Days
1.36664E+18,Pune,Unknown,18.56226335,73.9075842,Entire Home,Entire apartment,4,1,1,1,2408,4.75,4.81,4.56,4.63,4.63,4.88,4.75,16,1,Mid-Range,4.5-4.75,Medium,Available >30 Days
1.36746E+18,Pune,Unknown,18.5411,73.9225,Entire Home,Entire rental unit,2,1,1,1,2434,4.56,4,4.56,4.22,4.44,4.67,4.78,9,1,Mid-Range,4.5-4.75,Small,Available >30 Days
1.36925E+18,Pune,Unknown,18.51301144,73.93354227,Private Room,Private room in rental unit,2,1,1,1,1754,4,4,4,4,5,5,5,1,1,Budget,3.0-4.0,Small,Available >30 Days
1.37092E+18,Pune,Unknown,18.57521199,73.90756089,Private Room,Private room in rental unit,2,1,1,1,2750,4.82,4.8,4.77,,,,,0,1,Mid-Range,4.75-5.0,Small,Available >30 Days
1.37096E+18,Pune,Unknown,18.57529909,73.90743283,Private Room,Private room in rental unit,2,1,1,1,2750,4.82,4.8,4.77,,,,,0,1,Mid-Range,4.75-5.0,Small,Available >30 Days
1.49031E+18,Pune,Unknown,18.5481,73.9479,Hotel,Room in hotel,2,1,1,1,2814,4,3.5,4,4,4,4,4,2,1,Mid-Range,3.0-4.0,Small,Available >30 Days
1.4934E+18,Pune,Unknown,18.45308204,73.9152474,Entire Home,Entire rental unit,5,2,2,2,3987,4.82,4.8,4.77,,,,,0,1,Mid-Range,4.75-5.0,Medium,Available >30 Days
1.49467E+18,Pune,Unknown,18.4835,73.8825,Entire Home,Entire bungalow,4,1,1,1,4677,5,4.91,5,4.91,4.98,5,4.98,44,1,Premium,4.75-5.0,Medium,Available >30 Days
1.56515E+18,Pune,Balewadi Phata,18.56209722,73.78082249,Private Room,Private room in home,3,2,1,1,2580,4.82,4.8,4.77,,,,,0,1,Mid-Range,4.75-5.0,Medium,Available >30 Days
1.56659E+18,Pune,Samarth Colony,18.55705,73.77849,Private Room,Private room in rental unit,2,1,1,1,1922,5,5,5,5,5,5,5,4,1,Budget,4.75-5.0,Small,Available >30 Days
1.5667E+18,Pune,Unknown,18.54256566,73.88632908,Entire Home,Entire rental unit,2,1,1,1,2820,4,4,4,4,4,4,4,1,1,Mid-Range,3.0-4.0,Small,Available >30 Days
1.56716E+18,Pune,Unknown,18.5757,73.9145,Entire Home,Entire rental unit,2,1,1,1,3340,5,4.9,5,4.8,4.9,5,5,10,1,Mid-Range,4.75-5.0,Small,Available >30 Days
1.56808E+18,Pune,Unknown,18.53370034,73.89497564,Private Room,Private room in home,2,1,1,1,3542,4,4,5,4,4,5,5,1,1,Mid-Range,3.0-4.0,Small,Available >30 Days
1.63483E+18,Pune,Unknown,18.5755,73.9139,Serviced Apartment,Entire serviced apartment,4,1,1,1,3148,4.82,4.8,4.77,,,,,0,1,Mid-Range,4.75-5.0,Medium,Available >30 Days
1.63486E+18,Pune,Unknown,18.5755,73.914,Serviced Apartment,Entire serviced apartment,4,1,1,1,3354,4.82,4.8,4.77,,,,,0,1,Mid-Range,4.75-5.0,Medium,Available >30 Days
1.63535E+18,Pune,Unknown,18.5758,73.9145,Entire Home,Entire rental unit,4,1,1,1,2724,5,5,5,5,5,5,5,1,1,Mid-Range,4.75-5.0,Medium,Available >30 Days
1.63553E+18,Pune,Maan,18.58129605,73.72565137,Entire Home,Entire rental unit,5,2,2,2,3179,4.82,4.8,4.77,,,,,0,1,Mid-Range,4.75-5.0,Medium,Available >30 Days
1.63597E+18,Pune,Unknown,18.576,73.9144,Entire Home,Entire rental unit,4,1,1,1,3499,5,5,5,5,5,5,5,1,1,Mid-Range,4.75-5.0,Medium,Available >30 Days
1.63749E+18,Pune,Unknown,18.5514,73.9366,Entire Home,Entire rental unit,6,3,3,3,6546,5,5,3.5,5,4.5,5,5,2,1,Premium,4.75-5.0,Large,Available >30 Days
1.63769E+18,Pune,Marunji,18.62384,73.71538,Private Room,Private room in rental unit,2,1,1,1,1181,1,1,1,1,1,1,1,1,1,Budget,Below 3,Small,Available >30 Days
1.63776E+18,Pune,Marunji,18.6057,73.7259,Entire Home,Entire rental unit,2,1,1,1,2805,5,4.67,5,5,5,5,5,3,1,Mid-Range,4.75-5.0,Small,Available >30 Days
7.17013E+17,Pune,Unknown,18.5448,73.7525,Serviced Apartment,Entire serviced apartment,4,3,2,2,5845,5,4,4,5,5,4,5,1,1,Premium,4.75-5.0,Medium,Available >30 Days
7.24272E+17,Pune,Unknown,18.5019,73.8736,Entire Home,Entire apartment,6,2,2,2,3157,4.89,4.45,4.86,4.66,4.89,4.89,4.93,44,1,Mid-Range,4.75-5.0,Large,Available >30 Days
7.46369E+17,Viman Nagar,Unknown,18.57503,73.99226,Private Room,Private room in townhouse,7,3,2,2,3669,5,4.88,5,4.63,5,4.88,4.88,8,1,Mid-Range,4.75-5.0,Large,Available >30 Days
1.19401E+18,Pune,Gahunje,18.66434,73.70724,Entire Home,Entire rental unit,4,1,1,1,3629,4.92,4.92,4.97,4.7,4.86,4.97,4.95,37,1,Mid-Range,4.75-5.0,Medium,Available >30 Days
1.1955E+18,Dattwadi,Tathawade,18.61167,73.74523,Entire Home,Entire rental unit,3,1,1,1,2337,4.82,4.8,4.77,,,,,0,1,Mid-Range,4.75-5.0,Medium,Available >30 Days
1.19566E+18,Pune,Gahunje,18.6743,73.6987,Entire Home,Entire apartment,4,1,1,1,4264,4.95,4.94,4.95,4.83,4.95,4.95,4.95,65,1,Premium,4.75-5.0,Medium,Available >30 Days
1.20059E+18,Pune,Unknown,18.56396,73.93974,Entire Home,Entire rental unit,2,1,1,1,2405,4.25,4.38,4.13,3.88,4.38,4.38,4.38,8,1,Mid-Range,4.0-4.5,Small,Available >30 Days
1.20667E+18,Pune,Unknown,18.54424,73.77858,Entire Home,Entire rental unit,2,1,1,1,2649,4.61,4.7,4.78,4.43,4.7,4.7,4.78,23,1,Mid-Range,4.5-4.75,Small,Available >30 Days
1.43964E+18,Pune,Unknown,18.57644421,73.91342381,Entire Home,Entire rental unit,3,1,1,1,2944,4.46,4.69,4.46,4.54,4.69,4.85,4.69,13,1,Mid-Range,4.0-4.5,Medium,Available >30 Days
1.44117E+18,Pune,Manjari,18.5403,73.9843,Private Room,Private room in rental unit,1,1,1,1,1159,4.82,4.8,4.77,,,,,0,1,Budget,4.75-5.0,Small,Available >30 Days
1.44128E+18,Pune,Unknown,18.54838,73.95016,Entire Home,Entire rental unit,8,2,3,3,4130,4.44,4.44,4.56,4.56,4.56,4.67,4.67,9,1,Premium,4.0-4.5,Large,Available >30 Days
14460561,Pune,Unknown,18.5318,73.8969,Entire Home,Entire rental unit,4,1,1,1,2399,4.8,4.88,4.77,4.74,4.78,4.81,4.83,293,1,Mid-Range,4.75-5.0,Medium,Available >30 Days
1.51859E+18,Pune,Unknown,18.5756,73.914,Entire Home,Entire rental unit,4,1,1,1,3188,4.86,4.95,4.71,4.86,4.9,5,4.95,21,1,Mid-Range,4.75-5.0,Medium,Available >30 Days
1.52007E+18,Pune,Unknown,18.5462,73.7792,Entire Home,Entire rental unit,4,1,1,1,4091,4.92,4.89,4.92,4.73,4.84,4.97,5,37,1,Premium,4.75-5.0,Medium,Available >30 Days
1.52099E+18,Pimpri-Chinchwad,Unknown,18.5791,73.7862,Entire Home,Entire apartment,4,2,2,2,3610,4.75,4.75,4.25,5,4.75,5,5,4,1,Mid-Range,4.5-4.75,Medium,Available >30 Days
1.52365E+18,Pune,Unknown,18.5415,73.9223,Entire Home,Entire rental unit,2,1,1,1,2574,4.98,4.83,4.93,4.85,4.9,4.98,4.98,41,1,Mid-Range,4.75-5.0,Small,Available >30 Days
1.60592E+18,Pune,Pallod Farms,18.5591,73.7935,Entire Home,Entire rental unit,5,2,2,2,5270,5,4.86,5,5,4.86,5,4.86,7,1,Premium,4.75-5.0,Medium,Available >30 Days
1.65232E+18,Pune,Unknown,18.54115288,73.92352618,Private Room,Private room in apartment,3,1,1,1,1976,4.82,4.8,4.77,,,,,0,1,Budget,4.75-5.0,Medium,Available >30 Days
1.65316E+18,Pune,Unknown,18.5356666,73.90994218,Entire Home,Entire rental unit,5,3,3,3,8516,4.82,4.8,4.77,,,,,0,1,Luxury,4.75-5.0,Medium,Available >30 Days
1.65335E+18,Pune,Unknown,18.56424914,73.96223884,Entire Home,Entire rental unit,6,3,3,3,5213,4.82,4.8,4.77,,,,,0,1,Premium,4.75-5.0,Large,Available >30 Days
1.65341E+18,Jambhulwadi,Unknown,18.4667465,73.85739175,Entire Home,Entire villa,2,1,1,1,1452,4,4,4,4,3,3,4,1,1,Budget,3.0-4.0,Small,Available >30 Days
9.04918E+17,Pune,Unknown,18.5679,73.9143,Entire Home,Entire rental unit,8,2,2,2,5379,4.83,4.83,4.83,4.5,5,4.83,5,6,1,Premium,4.75-5.0,Large,Available >30 Days
9.05474E+17,Pune,Balewadi High Street,18.5694,73.7721,Hotel,Room in aparthotel,3,1,1,1,3952,5,5,5,5,5,5,4.5,2,1,Mid-Range,4.75-5.0,Medium,Available >30 Days
9.09849E+17,Pune,Unknown,18.5339,73.8985,Entire Home,Entire apartment,2,1.5,1,1,3545,4.89,4.89,4.89,4.81,4.89,4.9,4.93,157,1,Mid-Range,4.75-5.0,Small,Available >30 Days
9.15424E+17,Pune,Unknown,18.5134,73.8296,Entire Home,Entire apartment,3,1,1,1,3075,4.71,4.9,4.7,4.47,4.69,4.89,4.82,180,1,Mid-Range,4.5-4.75,Medium,Available >30 Days
1.26954E+18,Pune,Unknown,18.54139,73.92201,Entire Home,Entire rental unit,2,1,1,1,2450,4.88,4.48,4.92,4.71,4.84,4.91,4.92,89,1,Mid-Range,4.75-5.0,Small,Available >30 Days
1.27355E+18,Pimpri-Chinchwad,Gahunje,18.6714,73.7037,Entire Home,Entire rental unit,6,1,2,2,4092,4.82,4.8,4.77,,,,,0,1,Premium,4.75-5.0,Large,Available >30 Days
1.2751E+18,Pune,Unknown,18.54983546,73.94472355,Hotel,Room in hotel,2,1,1,1,1502,4.82,4.8,4.77,,,,,0,1,Budget,4.75-5.0,Small,Available >30 Days
1.27758E+18,Pimpri-Chinchwad,Unknown,18.6335534,73.78601299,Entire Home,Entire rental unit,3,2,1,1,2463,4,4,5,4,4,5,4,1,1,Mid-Range,3.0-4.0,Medium,Available >30 Days
1.43189E+18,Pune,Unknown,18.56291,73.90843,Entire Home,Entire rental unit,4,1,1,1,2444,4.96,5,4.91,4.87,4.91,5,4.96,23,1,Mid-Range,4.75-5.0,Medium,Available >30 Days
1.43479E+18,Pune,Unknown,18.5789,73.7706,Entire Home,Entire rental unit,4,2,2,2,4000,4.82,4.8,4.77,,,,,0,1,Mid-Range,4.75-5.0,Medium,Available >30 Days
1.43544E+18,Pimpri-Chinchwad,Unknown,18.6066,73.8024,Private Room,Private room in rental unit,1,1,1,1,1520,4.82,4.8,4.77,,,,,0,1,Budget,4.75-5.0,Small,Available >30 Days
1.61069E+18,Pune,Unknown,18.57596791,73.91357559,Entire Home,Entire rental unit,3,1,1,1,2736,5,5,5,5,5,5,5,2,1,Mid-Range,4.75-5.0,Medium,Available >30 Days
1.61149E+18,Pune,Unknown,18.58314,73.88703,Private Room,Private room in rental unit,1,1,1,1,1460,5,4.86,4.93,5,5,4.71,5,14,1,Budget,4.75-5.0,Small,Available >30 Days
23511900,Pune,Unknown,18.5538,73.9396,Private Room,Private room in serviced apartment,3,1,1,1,2136,4.26,4.38,3.9,4.1,4.12,4.51,4.62,69,1,Mid-Range,4.0-4.5,Medium,Available >30 Days
23884006,Pune,Unknown,18.57424,73.91226,Entire Home,Entire guest suite,2,1,1,1,2758,4.54,4.62,4.46,4.28,4.47,4.71,4.8,76,1,Mid-Range,4.5-4.75,Small,Available >30 Days
8.35247E+17,Pune,Blue Ridge Town,18.5776,73.7375,Entire Home,Entire rental unit,4,1,1,1,2923,4.82,4.8,4.77,,,,,0,1,Mid-Range,4.75-5.0,Medium,Available >30 Days
8.37522E+17,Pune,Gahunje,18.66177,73.7094,Entire Home,Entire rental unit,2,1,1,1,2672,4,4.5,3.94,4,4.13,4.25,4.56,16,1,Mid-Range,3.0-4.0,Small,Available >30 Days
8.45239E+17,Pune,Unknown,18.53069,73.91385,Entire Home,Entire rental unit,2,1,1,1,1672,4.53,4.27,4.64,4.33,4.58,4.71,4.73,45,1,Budget,4.5-4.75,Small,Available >30 Days
8.54013E+17,Pune,Bhukum,18.4992,73.73424,Entire Home,Entire villa,14,5,4,4,30404,5,5,5,5,5,5,5,1,1,Luxury,4.75-5.0,Large,Available >30 Days
8.7287E+17,Pune,Unknown,18.54952,73.95015,Private Room,Private room in rental unit,1,1,1,1,3406,4.82,4.8,4.77,,,,,0,1,Mid-Range,4.75-5.0,Small,Available >30 Days
1.15089E+18,Pimpri-Chinchwad,Unknown,18.6073,73.7654,Entire Home,Entire apartment,4,2,2,2,3620,4.79,4.69,4.72,4.62,4.82,4.72,4.85,39,1,Mid-Range,4.75-5.0,Medium,Available >30 Days
1.15135E+18,Pune,Unknown,18.55339,73.96607,Entire Home,Entire apartment,4,2,2,2,4700,4.88,4.42,4.87,4.69,4.82,4.84,4.91,67,1,Premium,4.75-5.0,Medium,Available >30 Days
1.15868E+18,Pimpri-Chinchwad,Unknown,18.60795,73.79177,Entire Home,Entire apartment,2,1,1,1,1647,4.7,4.3,4.74,4.48,4.67,4.7,4.74,27,1,Budget,4.5-4.75,Small,Available >30 Days
1.41286E+18,Pune,Unknown,18.6335,73.8156,Entire Home,Entire apartment,4,2,2,2,2393,5,4.92,5,4.92,5,5,5,13,1,Mid-Range,4.75-5.0,Medium,Available >30 Days
1.41351E+18,Pune,Unknown,18.49028,73.78432,Private Room,Private room in earthen home,2,1,1,1,2221,5,5,5,4.88,5,5,5,8,1,Mid-Range,4.75-5.0,Small,Available >30 Days
1.41725E+18,Pune,Pallod Farms,18.55633494,73.79187639,Entire Home,Entire rental unit,3,1,1,1,2470,4.75,4.83,4.67,4.63,4.71,4.88,4.96,24,1,Mid-Range,4.5-4.75,Medium,Available >30 Days
1.53027E+18,Pune,Shivneri Park,18.56911912,73.78013835,Entire Home,Entire rental unit,4,2,2,2,3122,4.75,5,4.5,4.5,4.75,4.75,5,4,1,Mid-Range,4.5-4.75,Medium,Available >30 Days
1.53753E+18,Pune,Unknown,18.52840863,73.93161622,Entire Home,Entire rental unit,7,2,2,2,4657,4.5,4.75,4.75,4.75,4.67,4.75,4.92,12,1,Premium,4.0-4.5,Large,Available >30 Days
1.61158E+18,Pune,Unknown,18.57653,73.91452,Entire Home,Entire rental unit,2,1,1,1,4378,4.82,4.8,4.77,,,,,0,1,Premium,4.75-5.0,Small,Available >30 Days
1.61163E+18,Pune,Unknown,18.57642,73.91472,Entire Home,Entire rental unit,2,1,1,1,4378,4.5,4.5,4,4,3,5,5,2,1,Premium,4.0-4.5,Small,Available >30 Days
1.61289E+18,Pimpri-Chinchwad,Punawale,18.62805,73.74527,Entire Home,Entire rental unit,3,1.5,1,1,2438,4.82,4.8,4.77,,,,,0,1,Mid-Range,4.75-5.0,Medium,Available >30 Days
1.61382E+18,Pune,Unknown,18.5531,73.9367,Entire Home,Entire rental unit,4,1,1,1,3215,4.82,4.8,4.77,,,,,0,1,Mid-Range,4.75-5.0,Medium,Available >30 Days
1.61459E+18,Pimpri-Chinchwad,Tathawade,18.61311202,73.7441277,Entire Home,Entire rental unit,3,1,1,1,1929,4.82,4.8,4.77,,,,,0,1,Budget,4.75-5.0,Medium,Available >30 Days
34198681,Pune,Unknown,18.50952,73.82841,Private Room,Private room in rental unit,2,1,1,1,2170,4.65,4.81,4.44,4.52,4.65,4.8,4.78,54,1,Mid-Range,4.5-4.75,Small,Available >30 Days
37248737,Pune,Blue Ridge Town,18.5815,73.7364,Private Room,Private room in home,2,1,1,1,1885,4.59,4.93,4.41,4.52,4.59,4.33,4.56,27,1,Budget,4.5-4.75,Small,Available >30 Days
9.57552E+17,Pune,Unknown,18.5694,73.906,Entire Home,Entire rental unit,2,1,1,1,4092,4.82,4.8,4.77,,,,,0,1,Premium,4.75-5.0,Small,Available >30 Days
9.65018E+17,Pune,Unknown,18.5638,73.96208,Entire Home,Entire rental unit,2,1,1,1,3974,4.82,4.8,4.77,,,,,0,1,Mid-Range,4.75-5.0,Small,Available >30 Days
9.70053E+17,Pune,Unknown,18.5845,73.72513,Private Room,Private room in apartment,2,1,1,1,1519,4.66,4.71,4.46,4.4,4.77,4.66,4.71,35,1,Budget,4.5-4.75,Small,Available >30 Days
1.23016E+18,Pune,Gahunje,18.67497,73.7072,Entire Home,Entire rental unit,3,1,1,1,2635,4.61,4.73,4.51,4.53,4.71,4.75,4.6,75,1,Mid-Range,4.5-4.75,Medium,Available >30 Days
1.23082E+18,Pune,Unknown,18.54185,73.89098,Private Room,Private room in rental unit,2,1,1,1,1150,4.63,4.81,4.44,4.63,4.63,4.88,4.81,16,1,Budget,4.5-4.75,Small,Available >30 Days
1.24268E+18,Pune,Unknown,18.47105,73.90093,Entire Home,Entire bungalow,4,2,2,2,6000,5,4.75,4.75,4.75,4.5,5,5,4,1,Premium,4.75-5.0,Medium,Available >30 Days
1.24698E+18,Pune,Unknown,18.54944,73.94405,Hotel,Room in hotel,2,1,1,1,1296,3,2.67,2.33,3,3,2.67,3,3,1,Budget,Below 3,Small,Available >30 Days
1.39528E+18,Hinjawadi,Maan,18.5688,73.7219,Private Room,Private room in rental unit,2,1,1,1,1507,4.81,4.55,4.89,4.72,4.78,4.85,4.86,108,1,Budget,4.75-5.0,Small,Available >30 Days
1.39603E+18,Pimpri-Chinchwad,Punawale,18.62152431,73.73740074,Private Room,Private room in rental unit,2,1,1,1,3406,4.82,4.8,4.77,,,,,0,1,Mid-Range,4.75-5.0,Small,Available >30 Days
1.39831E+18,Pune,Unknown,18.52476582,73.95578781,Entire Home,Entire apartment,3,1,1,1,1776,4.6,3.8,4.6,4.4,4,4.4,4.4,5,1,Budget,4.5-4.75,Medium,Available >30 Days
1.40227E+18,Pimpri-Chinchwad,Unknown,18.61484928,73.70904663,Entire Home,Entire apartment,5,1,1,1,4116,4.82,4.8,4.77,,,,,0,1,Premium,4.75-5.0,Medium,Available >30 Days
1.40325E+18,Wardade,Vaswewadi,18.37773631,73.70872332,Entire Home,Entire home,5,2,1,1,2293,4.82,4.8,4.77,,,,,0,1,Mid-Range,4.75-5.0,Medium,Available >30 Days
1.51146E+18,Pune,Unknown,18.51805086,73.94927437,Hotel,Room in boutique hotel,2,1,1,1,1783,4.82,4.8,4.77,,,,,0,1,Budget,4.75-5.0,Small,Available >30 Days
1.51666E+18,Pune,Balewadi Phata,18.56343,73.78286,Private Room,Private room in guest house,4,1,1,1,3406,2,4,3,2,3,4,4,1,1,Mid-Range,Below 3,Medium,Available >30 Days
24898339,Pune,Unknown,18.5406,73.8974,Private Room,Private room in townhouse,2,1,1,1,2806,4.91,4.97,4.84,4.81,4.88,4.94,4.94,67,1,Mid-Range,4.75-5.0,Small,Available >30 Days
30087847,Pune,Unknown,18.56333,73.83279,Shared Room,Shared room in guest house,2,1,4,4,923,4.83,4.87,4.39,4.61,4.61,4.96,4.91,23,1,Budget,4.75-5.0,Small,Available >30 Days
30302838,Pune,Unknown,18.5502,73.9434,Serviced Apartment,Entire serviced apartment,7,2,2,2,4556,4.57,4.71,4.29,4.57,4.71,5,4.86,7,1,Premium,4.5-4.75,Large,Available >30 Days
31293804,Pune,Unknown,18.5574,73.8025,Entire Home,Entire apartment,6,3,3,3,8185,4.92,4.89,4.75,4.75,4.92,4.94,5,36,1,Luxury,4.75-5.0,Large,Available >30 Days
32000731,Pune,Gulmohar colony,18.5894,73.7802,Entire Home,Entire rental unit,4,2.5,1,1,1777,4.79,4.67,4.67,4.69,4.75,4.89,4.88,110,1,Budget,4.75-5.0,Medium,Available >30 Days
8.7416E+17,Pimpri-Chinchwad,Tathawade,18.6122,73.7444,Entire Home,Entire rental unit,3,1,1,1,2286,4.75,4.75,4.75,4.75,5,5,5,4,1,Mid-Range,4.5-4.75,Medium,Available >30 Days
8.74233E+17,Pimpri-Chinchwad,Tathawade,18.6111,73.74473,Entire Home,Entire rental unit,3,1,1,1,1942,4.2,4.33,4,3.93,4.53,4.67,4.67,15,1,Budget,4.0-4.5,Medium,Available >30 Days
8.77034E+17,Pune,Unknown,18.5019,73.9196,Private Room,Private room in rental unit,4,1,1,1,1447,4.82,4.8,4.77,,,,,0,1,Budget,4.75-5.0,Medium,Available >30 Days
8.78033E+17,Pune,Unknown,18.48149,73.80452,Entire Home,Camper van/Motorhome,6,1,2,2,14194,4.82,4.8,4.77,,,,,0,1,Luxury,4.75-5.0,Large,Available >30 Days
8.83081E+17,Pune,Gahunje,18.6622,73.7081,Entire Home,Entire rental unit,2,1,1,1,3536,4.91,4.89,4.94,4.85,4.98,4.96,4.94,47,1,Mid-Range,4.75-5.0,Small,Available >30 Days
8.95274E+17,Pune,Unknown,18.59786,73.90456,Private Room,Private room in apartment,4,1.5,1,1,2118,5,5,5,5,5,5,5,1,1,Mid-Range,4.75-5.0,Medium,Available >30 Days
8.955E+17,Pune,Unknown,18.5026,73.93104,Private Room,Private room in apartment,1,1,1,1,1209,4.82,4.71,4.82,4.77,4.8,4.91,4.92,91,1,Budget,4.75-5.0,Small,Available >30 Days
1.08979E+18,Pune,Unknown,18.55604,73.94958,Private Room,Private room in rental unit,8,2,2,2,3742,4.88,5,4.75,4.75,5,5,5,8,1,Mid-Range,4.75-5.0,Large,Available >30 Days
1.10208E+18,Pune,Unknown,18.53946,73.90173,Entire Home,Entire rental unit,2,1,1,1,2630,4.79,4.67,4.79,4.57,4.72,4.77,4.84,109,1,Mid-Range,4.75-5.0,Small,Available >30 Days
1.1033E+18,Pune,Unknown,18.5466,73.7792,Entire Home,Entire rental unit,4,1,1,1,3533,4.79,4.89,4.79,4.79,4.84,4.95,4.74,19,1,Mid-Range,4.75-5.0,Medium,Available >30 Days
1.32893E+18,Pune,Shivneri Park,18.5696,73.7797,Private Room,Private room in guest house,3,1,1,1,5671,4.82,4.8,4.77,,,,,0,1,Premium,4.75-5.0,Medium,Available >30 Days
1.3377E+18,Pune,Unknown,18.54999,73.95147,Entire Home,Entire rental unit,3,1,1,1,3644,4.83,4.83,4.87,4.73,4.87,4.87,4.87,30,1,Mid-Range,4.75-5.0,Medium,Available >30 Days
1.33889E+18,Pune,Unknown,18.5567,73.96,Private Room,Private room in rental unit,1,1,1,1,1474,5,5,5,5,5,5,5,7,1,Budget,4.75-5.0,Small,Available >30 Days
1.47692E+18,Pune,Unknown,18.5412,73.9225,Entire Home,Entire rental unit,3,1,1,1,2104,4.47,4.6,4.6,4.47,4.4,4.6,4.4,15,1,Mid-Range,4.0-4.5,Medium,Available >30 Days
1.48002E+18,Pune,Gahunje,18.66504305,73.70846975,Entire Home,Entire rental unit,2,1,1,1,3742,5,5,4.78,5,5,5,5,9,1,Mid-Range,4.75-5.0,Small,Available >30 Days
1.48108E+18,Pune,Unknown,18.60195,73.91877,Entire Home,Entire apartment,4,1.5,2,2,3760,4.82,4.3,4.82,4.76,4.7,4.73,4.76,33,1,Mid-Range,4.75-5.0,Medium,Available >30 Days
1.48117E+18,Phursungi,Unknown,18.4908173,73.95374421,Entire Home,Entire rental unit,2,2,1,1,1682,5,5,5,5,5,5,5,1,1,Budget,4.75-5.0,Small,Available >30 Days
1.54867E+18,Pune,Unknown,18.54216,73.88664,Entire Home,Entire rental unit,2,1,1,1,2822,5,4,4,3,4,5,3,1,1,Mid-Range,4.75-5.0,Small,Available >30 Days
1.55008E+18,Pune,Maan,18.57664,73.72158,Entire Home,Entire rental unit,5,2,2,2,3656,4.63,4.63,4.13,4.63,4.63,4.88,4.88,8,1,Mid-Range,4.5-4.75,Medium,Available >30 Days
1.55065E+18,Pimpri-Chinchwad,Unknown,18.6025,73.7664,Private Room,Private room in home,2,1,1,1,1087,5,5,5,5,5,5,5,1,1,Budget,4.75-5.0,Small,Available >30 Days
1.55123E+18,Pimpri-Chinchwad,Gahunje,18.66173377,73.70678465,Entire Home,Entire rental unit,3,1,1,1,2235,4.33,5,4.33,4.33,4.33,5,5,3,1,Mid-Range,4.0-4.5,Medium,Available >30 Days
1.61602E+18,Pune,Unknown,18.60074906,73.73945218,Entire Home,Entire rental unit,2,1,1,1,2089,5,5,5,5,5,5,5,1,1,Mid-Range,4.75-5.0,Small,Available >30 Days
1.61796E+18,Pune,Unknown,18.59486098,73.93871502,Hotel,Room in boutique hotel,2,1,1,1,1376,4.82,4.8,4.77,,,,,0,1,Budget,4.75-5.0,Small,Available >30 Days
1.61803E+18,Pune,Marunji,18.60458,73.72566,Hotel,Room in hotel,2,1,1,1,1362,4.82,4.8,4.77,,,,,0,1,Budget,4.75-5.0,Small,Available >30 Days
52772682,Pune,Unknown,18.55115,73.96518,Private Room,Private room in villa,16,1.5,1,1,2384,4.82,4.8,4.77,,,,,0,1,Mid-Range,4.75-5.0,Large,Available >30 Days
9.83096E+17,Pune,Unknown,18.57689,73.90691,Private Room,Private room in rental unit,3,1,1,1,2923,4.5,4.75,4.5,4.5,4.5,4.63,4.63,8,1,Mid-Range,4.0-4.5,Medium,Available >30 Days
9.91862E+17,Pune,Unknown,18.52803,73.79188,Private Room,Private room in serviced apartment,2,1,1,1,3391,4.82,4.8,4.77,,,,,0,1,Mid-Range,4.75-5.0,Small,Available >30 Days
1.01919E+18,Pune,Shivneri Park,18.56671,73.77996,Private Room,Private room in home,2,1,1,1,2571,4.67,4.67,4.67,4.67,4.67,4.67,4.67,3,1,Mid-Range,4.5-4.75,Small,Available >30 Days
1.28704E+18,Pune,Unknown,18.55293285,73.96772186,Entire Home,Entire apartment,4,2,2,2,4000,4.7,4.07,4.89,4.48,4.81,4.85,4.96,27,1,Mid-Range,4.5-4.75,Medium,Available >30 Days
1.46018E+18,Pune,Pallod Farms,18.55617721,73.79217918,Hotel,Room in boutique hotel,2,1,1,1,2544,4.82,4.8,4.77,,,,,0,1,Mid-Range,4.75-5.0,Small,Available >30 Days
1.46022E+18,Pune,Unknown,18.5538,73.9398,Hotel,Room in hotel,2,1,1,1,1647,4.44,5,4.22,4.44,4.56,5,4.89,9,1,Budget,4.0-4.5,Small,Available >30 Days
1.46171E+18,Pune,Unknown,18.54272,73.787,Entire Home,Entire rental unit,4,1,1,1,4598,5,4.86,5,4.86,5,5,5,7,1,Premium,4.75-5.0,Medium,Available >30 Days
1.46343E+18,Pimpri-Chinchwad,Unknown,18.63374152,73.79241346,Entire Home,Entire cabin,2,1,1,1,1583,4.82,4.8,4.77,,,,,0,1,Budget,4.75-5.0,Small,Available >30 Days
1.46372E+18,Pune,Unknown,18.5465,73.7792,Entire Home,Entire rental unit,2,1,1,1,2121,4.57,4.73,4.33,4.5,4.63,4.7,4.73,30,1,Mid-Range,4.5-4.75,Small,Available >30 Days
1.54192E+18,Pune,Unknown,18.50703032,73.82342834,Entire Home,Entire rental unit,4,2,2,2,3124,4.83,4.83,4.92,4.5,4.75,4.58,4.75,12,1,Mid-Range,4.75-5.0,Medium,Available >30 Days
1.54431E+18,Pune,Unknown,18.57607281,73.91373508,Entire Home,Entire rental unit,4,1,1,1,4595,5,5,4.78,4.78,4.89,5,4.89,9,1,Premium,4.75-5.0,Medium,Available >30 Days
1.62224E+18,Pimpri-Chinchwad,Unknown,18.60014,73.7838,Private Room,Private room in bed and breakfast,2,1,2,2,3788,4.82,4.8,4.77,,,,,0,1,Mid-Range,4.75-5.0,Small,Available >30 Days
1.62257E+18,Pune,Unknown,18.53746525,73.89789056,Entire Home,Entire rental unit,4,2.5,2,2,5845,5,5,5,5,5,5,5,1,1,Premium,4.75-5.0,Medium,Available >30 Days
1.62388E+18,Pune,Unknown,18.56001798,73.91901783,Hotel,Room in boutique hotel,2,1,1,1,1860,4.82,4.8,4.77,,,,,0,1,Budget,4.75-5.0,Small,Available >30 Days
1.62444E+18,Alandi,Alandi,18.67752261,73.90689267,Entire Home,Entire villa,2,1,1,1,1180,4.82,4.8,4.77,,,,,0,1,Budget,4.75-5.0,Small,Available >30 Days
42219115,Pune,Unknown,18.46879,73.90364,Entire Home,Entire rental unit,4,2,2,2,2662,4.65,4.65,4.5,4.55,4.7,4.95,4.9,20,1,Mid-Range,4.5-4.75,Medium,Available >30 Days
46745583,Pune,Unknown,18.56485,73.7762,Hotel,Room in aparthotel,1,1,1,1,2806,4.82,4.8,4.77,,,,,0,1,Mid-Range,4.75-5.0,Small,Available >30 Days
12528877,Pune,Balewadi High Street,18.56746,73.77297,Private Room,Private room in home,2,1,1,1,3157,3.33,4.67,4,2.67,3.33,5,5,3,1,Mid-Range,3.0-4.0,Small,Available >30 Days
1.26513E+18,Pune,Balewadi Phata,18.56641309,73.7853398,Entire Home,Entire apartment,3,2,2,2,4268,4.94,4.65,4.76,4.88,4.76,4.94,4.88,17,1,Premium,4.75-5.0,Medium,Available >30 Days
1.34097E+18,Pune,Unknown,18.56323,73.77564,Private Room,Private room in home,4,2,1,1,2806,4.82,4.8,4.77,,,,,0,1,Mid-Range,4.75-5.0,Medium,Available >30 Days
1.34342E+18,Pune,Shelke Nagar,18.4585,73.8166,Private Room,Private room in bed and breakfast,2,1,1,1,2923,4.82,4.8,4.77,,,,,0,1,Mid-Range,4.75-5.0,Small,Available >30 Days
1.34995E+18,Pune,Unknown,18.5320689,73.91434006,Entire Home,Entire rental unit,2,1,1,1,2120,4.69,4.69,4.41,4.52,4.66,4.83,4.79,29,1,Mid-Range,4.5-4.75,Small,Available >30 Days
1.35132E+18,Pune,Unknown,18.56737243,73.76551998,Entire Home,Entire rental unit,2,1,1,1,2040,5,5,5,5,5,5,5,3,1,Mid-Range,4.75-5.0,Small,Available >30 Days
1.48311E+18,Pune,Unknown,18.548,73.9479,Hotel,Room in hotel,2,1,1,1,2814,5,4,4,4,4,4,5,1,1,Mid-Range,4.75-5.0,Small,Available >30 Days
1.48314E+18,Pune,Unknown,18.54915,73.94812,Hotel,Room in hotel,2,1,1,1,2499,4.8,4.8,4.8,5,5,5,5,5,1,Mid-Range,4.75-5.0,Small,Available >30 Days
1.48424E+18,Pune,Unknown,18.56666845,73.91318319,Entire Home,Entire rental unit,2,1,1,1,3310,4.82,4.86,4.82,4.91,4.95,5,4.95,22,1,Mid-Range,4.75-5.0,Small,Available >30 Days
1.48492E+18,Pune,Unknown,18.56368198,73.90795279,Entire Home,Entire rental unit,2,1,1,1,2727,4.56,4.78,4.67,4.5,4.72,4.72,4.72,18,1,Mid-Range,4.5-4.75,Small,Available >30 Days
1.48528E+18,Pune,Unknown,18.54015326,73.93878189,Entire Home,Entire rental unit,3,1,1,1,2851,4.5,4.8,4.3,4.3,4.5,4.8,4.5,10,1,Mid-Range,4.0-4.5,Medium,Available >30 Days
1.48684E+18,Pune,Unknown,18.5366,73.8986,Entire Home,Entire rental unit,2,1,1,1,3620,4.72,4.84,4.88,4.68,4.84,4.76,4.64,25,1,Mid-Range,4.5-4.75,Small,Available >30 Days
1.48724E+18,Pune,Gahunje,18.66194,73.70909,Entire Home,Entire rental unit,5,1,1,1,3040,4.85,4.85,4.46,4.54,4.62,4.85,5,13,1,Mid-Range,4.75-5.0,Medium,Available >30 Days
1.56826E+18,Pune,Maan,18.58218262,73.72525387,Entire Home,Entire home,3,2,2,2,2806,5,5,5,5,5,5,5,1,1,Mid-Range,4.75-5.0,Medium,Available >30 Days
1.56876E+18,Pune,Unknown,18.53924486,73.89846091,Private Room,Private room in home,2,1,1,1,2965,5,5,5,5,5,5,5,3,1,Mid-Range,4.75-5.0,Small,Available >30 Days
1.56877E+18,Pune,Unknown,18.53941,73.89967,Private Room,Private room in home,2,1,1,1,2338,4.82,4.8,4.77,,,,,0,1,Mid-Range,4.75-5.0,Small,Available >30 Days
1.57458E+18,Pune,Unknown,18.48465883,73.79761936,Hotel,Room in hotel,2,2,1,1,2850,4.82,4.8,4.77,,,,,0,1,Mid-Range,4.75-5.0,Small,Available >30 Days
1.62858E+18,Pune,Unknown,18.64305,73.79882,Entire Home,Entire rental unit,4,2,2,2,3695,4.82,4.8,4.77,,,,,0,1,Mid-Range,4.75-5.0,Medium,Available >30 Days
1.62912E+18,Pimpri-Chinchwad,Gahunje,18.6675,73.7069,Entire Home,Entire apartment,4,1,1,1,2849,4.6,4.6,4.8,4.8,4.4,4.8,4.8,5,1,Mid-Range,4.5-4.75,Medium,Available >30 Days
1.63251E+18,Pune,Unknown,18.53290129,73.91366839,Entire Home,Entire rental unit,4,1,1,1,1952,4.82,4.8,4.77,,,,,0,1,Budget,4.75-5.0,Medium,Available >30 Days
1.63333E+18,Pune,Unknown,18.5424,73.9414,Entire Home,Entire rental unit,2,1,1,1,2642,5,5,4.8,5,5,5,5,5,1,Mid-Range,4.75-5.0,Small,Available >30 Days
5.70878E+17,Pune,Unknown,18.54331,73.94091,Entire Home,Entire apartment,4,2,1,1,1402,2,3,1,3,5,5,5,1,1,Budget,Below 3,Medium,Available >30 Days
6.04974E+17,Pune,Unknown,18.58127367,73.88522046,Entire Home,Entire guest house,2,1,1,1,2100,4.75,4.22,4.61,4.61,4.61,4.64,4.83,36,1,Mid-Range,4.5-4.75,Small,Available >30 Days
6.04975E+17,Pune,Unknown,18.58245,73.88402,Entire Home,Entire guest suite,2,1,1,1,1900,4.84,4.38,4.82,4.68,4.82,4.91,4.89,56,1,Budget,4.75-5.0,Small,Available >30 Days
6.14324E+17,Pune,Unknown,18.5491,73.93057,Entire Home,Entire apartment,6,2,2,2,3629,3.56,3.44,3.22,3.44,3.44,3.89,4.33,9,1,Mid-Range,3.0-4.0,Large,Available >30 Days
1.04694E+18,Pune,Unknown,18.57985,73.76477,Hotel,Room in hotel,2,1.5,1,1,1644,3.83,4,3.33,3.92,3.67,4.08,3.83,12,1,Budget,3.0-4.0,Small,Available >30 Days
1.04914E+18,Pune,Unknown,18.56537,73.91584,Private Room,Private room in rental unit,1,1,1,1,3332,5,5,5,5,5,5,5,1,1,Mid-Range,4.75-5.0,Small,Available >30 Days
1.06582E+18,Pune,Unknown,18.52093,73.9232,Entire Home,Entire apartment,4,2,2,2,5331,4.56,4.44,4.5,4.31,4.5,4.63,4.69,16,1,Premium,4.5-4.75,Medium,Available >30 Days
1.30003E+18,Pune,Unknown,18.52283,73.94099,Private Room,Private room in rental unit,2,1,1,1,2271,4.82,4.8,4.77,,,,,0,1,Mid-Range,4.75-5.0,Small,Available >30 Days
1.30255E+18,Pune,Unknown,18.56090944,73.77801366,Private Room,Private room in home,2,1,1,1,1520,4.5,4.71,4.5,4.36,4.5,4.71,4.64,14,1,Budget,4.0-4.5,Small,Available >30 Days
1.30282E+18,Pune,Unknown,18.51264635,73.90782132,Private Room,Private room in rental unit,1,1,1,1,1309,4.77,4.73,4.86,4.77,4.91,4.91,4.82,22,1,Budget,4.75-5.0,Small,Available >30 Days
1.30441E+18,Pune,Unknown,18.49340634,73.86145208,Entire Home,Entire rental unit,3,1,1,1,2120,4.77,4.68,4.75,4.62,4.72,4.78,4.74,69,1,Mid-Range,4.75-5.0,Medium,Available >30 Days
1.31166E+18,Pune,Unknown,18.54099,73.89104,Private Room,Private room in bed and breakfast,2,1,1,1,1407,4.88,4.9,4.98,4.81,4.79,4.95,4.95,42,1,Budget,4.75-5.0,Small,Available >30 Days
1.46611E+18,Pune,Unknown,18.55065706,73.95156642,Entire Home,Entire rental unit,3,1,1,1,2870,4.71,5,5,5,5,5,5,7,1,Mid-Range,4.5-4.75,Medium,Available >30 Days
1.47012E+18,Pune,Shivneri Park,18.565,73.7774,Private Room,Private room in bed and breakfast,2,0,1,1,1665,4,4.5,4,3.5,3,4,3.5,2,1,Budget,3.0-4.0,Small,Available >30 Days
1.47184E+18,Pune,Unknown,18.56409057,73.78704632,Hotel,Room in boutique hotel,2,1,1,1,2375,4.82,4.8,4.77,,,,,0,1,Mid-Range,4.75-5.0,Small,Available >30 Days
1.56094E+18,Pune,Unknown,18.5759,73.9143,Entire Home,Entire apartment,4,1,1,1,2935,4.9,4.85,5,4.9,4.9,4.95,4.95,20,1,Mid-Range,4.75-5.0,Medium,Available >30 Days
48237791,Pune,Unknown,18.55847,73.92939,Serviced Apartment,Entire serviced apartment,3,1.5,1,1,3500,3.94,4.25,4.13,3.69,3.94,4.31,3.94,16,1,Mid-Range,3.0-4.0,Medium,Available >30 Days
50239075,Pune,Unknown,18.59502,73.90297,Entire Home,Entire apartment,4,1.5,2,2,1500,4.83,4.63,4.74,4.8,4.91,4.83,4.91,35,1,Budget,4.75-5.0,Medium,Available >30 Days
1.07737E+18,Pune,Balewadi Phata,18.565,73.7817,Entire Home,Entire rental unit,4,2,2,2,4440,4.36,4.73,4.27,4.45,4.55,4.73,4.73,11,1,Premium,4.0-4.5,Medium,Available >30 Days
1.08599E+18,Pune,Unknown,18.55128,73.94137,Entire Home,Entire apartment,2,1,1,1,1910,4.82,4.8,4.77,,,,,0,1,Budget,4.75-5.0,Small,Available >30 Days
1.08757E+18,Pune,Unknown,18.5398,73.8968,Private Room,Private room in home,2,1,1,1,1262,4.69,4.83,4.51,4.51,4.63,4.77,4.8,35,1,Budget,4.5-4.75,Small,Available >30 Days
1.32114E+18,Pune,Unknown,18.5462,73.7793,Entire Home,Entire rental unit,2,1,1,1,2453,4.17,4.5,4.5,4.17,4.33,4.33,4.5,6,1,Mid-Range,4.0-4.5,Small,Available >30 Days
1.4483E+18,Pune,Balewadi High Street,18.56879,73.77196,Hotel,Room in hotel,2,1,1,1,2338,5,5,5,5,5,5,5,2,1,Mid-Range,4.75-5.0,Small,Available >30 Days
1.44911E+18,Khadakwadi,Unknown,18.41708,73.71645,Private Room,Private room in home,3,2,2,2,3088,4.82,4.8,4.77,,,,,0,1,Mid-Range,4.75-5.0,Medium,Available >30 Days
1.44922E+18,Khadakwadi,Unknown,18.41646,73.71812,Entire Home,Entire home,3,1,1,1,2487,4.82,4.8,4.77,,,,,0,1,Mid-Range,4.75-5.0,Medium,Available >30 Days
1.45058E+18,Pune,Unknown,18.5804,73.89329,Entire Home,Entire home,5,2,2,2,2777,4.63,4.56,4.5,4.63,4.56,4.94,4.88,16,1,Mid-Range,4.5-4.75,Medium,Available >30 Days
1.45113E+18,Pune,Unknown,18.57640981,73.91342026,Entire Home,Entire rental unit,3,1,1,1,2759,4.89,5,4.85,4.89,4.89,4.93,4.93,27,1,Mid-Range,4.75-5.0,Medium,Available >30 Days
1.57677E+18,Pune,Unknown,18.5968,73.9019,Private Room,Private room in home,2,1,1,1,2923,5,5,5,5,5,5,5,3,1,Mid-Range,4.75-5.0,Small,Available >30 Days
1.57738E+18,Pune,Unknown,18.56717591,73.91093445,Private Room,Private room in home,2,1,1,1,1920,5,5,5,5,5,5,5,3,1,Budget,4.75-5.0,Small,Available >30 Days
1.58051E+18,Pune,Unknown,18.53086124,73.89687499,Private Room,Private room in rental unit,2,1,1,1,1885,4.5,5,5,5,4,5,5,2,1,Budget,4.0-4.5,Small,Available >30 Days
1.63828E+18,Pune,Marunji,18.6227,73.7151,Private Room,Private room in home,2,1,1,1,1066,4.82,4.8,4.77,,,,,0,1,Budget,4.75-5.0,Small,Available >30 Days
1.64047E+18,Pune,Balewadi High Street,18.57016964,73.77126426,Entire Home,Entire rental unit,6,2,2,2,5286,5,5,4,4,5,5,5,1,1,Premium,4.75-5.0,Large,Available >30 Days
7.87466E+17,Pune,Unknown,18.5929,73.7416,Private Room,Private room in bed and breakfast,4,1,1,1,1754,4.82,4.8,4.77,,,,,0,1,Budget,4.75-5.0,Medium,Available >30 Days
7.92719E+17,Pune,Unknown,18.56141,73.92254,Private Room,Private room in bungalow,6,3,3,3,2806,4.86,4.71,4.57,4.71,4.86,4.86,5,7,1,Mid-Range,4.75-5.0,Large,Available >30 Days
7.95649E+17,Pune,Unknown,18.5609,73.92217,Entire Home,Entire home,11,3,3,3,4882,4.77,4.93,4.77,4.63,4.79,4.95,4.98,43,1,Premium,4.75-5.0,Large,Available >30 Days
1.22308E+18,Pune,Unknown,18.55334,73.93854,Entire Home,Entire rental unit,6,2,2,2,4390,3.75,5,3.5,3.75,3.75,4,3.75,4,1,Premium,3.0-4.0,Large,Available >30 Days
1.22871E+18,Pune,Samarth Colony,18.5593,73.77726,Entire Home,Entire rental unit,2,1,1,1,3060,4,5,3.67,3.33,4,4,4,3,1,Mid-Range,3.0-4.0,Small,Available >30 Days
1.36277E+18,Pune,Gahunje,18.66324942,73.70754819,Entire Home,Entire rental unit,4,1,1,1,4624,4.61,4.73,4.73,4.61,4.7,4.76,4.79,33,1,Premium,4.5-4.75,Medium,Available >30 Days
13633566,Pune,Unknown,18.42643,73.72537,Entire Home,Entire cottage,16,2,3,3,7250,4.88,4.94,4.81,4.68,4.86,4.93,4.92,211,1,Luxury,4.75-5.0,Large,Available >30 Days
1.4986E+18,Pune,Unknown,18.5756,73.914,Entire Home,Entire rental unit,2,1,1,1,2758,4.8,4.75,4.8,4.8,4.8,5,4.8,20,1,Mid-Range,4.75-5.0,Small,Available >30 Days
1.58489E+18,Pune,Unknown,18.5437,73.7845,Entire Home,Entire rental unit,2,1,1,1,2610,5,5,5,5,5,5,5,2,1,Mid-Range,4.75-5.0,Small,Available >30 Days
1.64344E+18,Pune,Unknown,18.541,73.8927,Private Room,Private room in rental unit,1,1.5,1,1,1020,4.82,4.8,4.77,,,,,0,1,Budget,4.75-5.0,Small,Available >30 Days
6.41881E+17,Pimpri-Chinchwad,Blue Ridge Town,18.5783,73.73851,Entire Home,Entire apartment,3,1,1,1,2572,4.26,4.77,3.74,4.03,4.06,4.57,4.49,35,1,Mid-Range,4.0-4.5,Medium,Available >30 Days
6.52475E+17,Pune,Unknown,18.5338,73.8985,Entire Home,Entire apartment,2,1,1,1,3308,4.85,4.95,4.81,4.7,4.82,4.95,4.91,127,1,Mid-Range,4.75-5.0,Small,Available >30 Days
6.80598E+17,Pune,Unknown,18.48976,73.79299,Private Room,Private room in rental unit,2,1,1,1,1824,4.45,4.47,4.51,4.38,4.51,4.67,4.67,49,1,Budget,4.0-4.5,Small,Available >30 Days
1.11586E+18,Pimpri-Chinchwad,Tathawade,18.61177,73.74162,Entire Home,Entire rental unit,3,1,1,1,2338,4.82,4.8,4.77,,,,,0,1,Mid-Range,4.75-5.0,Medium,Available >30 Days
1.12126E+18,Pimpri-Chinchwad,Tathawade,18.61125623,73.74305418,Entire Home,Entire rental unit,4,1,1,1,1637,5,4.5,5,4,4.5,5,5,2,1,Budget,4.75-5.0,Medium,Available >30 Days
1.12816E+18,Pimpri-Chinchwad,Unknown,18.64084,73.78642,Entire Home,Entire rental unit,3,2,1,1,2344,5,5,5,5,5,5,5,2,1,Mid-Range,4.75-5.0,Medium,Available >30 Days
1.13523E+18,Pune,Mhalunge,18.5682,73.763,Private Room,Private room in rental unit,2,1,1,1,1578,4.6,4.9,4.7,4.5,4.7,4.8,4.8,10,1,Budget,4.5-4.75,Small,Available >30 Days
1.14277E+18,Pune,Gahunje,18.6644,73.7082,Entire Home,Entire rental unit,2,1,1,1,4175,4.96,4.94,4.96,4.96,4.98,4.96,5,54,1,Premium,4.75-5.0,Small,Available >30 Days
1.3804E+18,Pune,Unknown,18.57848792,73.90637862,Private Room,Private room in rental unit,2,1,1,1,2946,4.82,4.8,4.77,,,,,0,1,Mid-Range,4.75-5.0,Small,Available >30 Days
1.38316E+18,Pune,Unknown,18.5696,73.7653,Entire Home,Entire rental unit,2,1,1,1,2271,4.82,4.8,4.77,,,,,0,1,Mid-Range,4.75-5.0,Small,Available >30 Days
1.39054E+18,Pune,Unknown,18.64402589,73.7855057,Entire Home,Entire rental unit,3,1,1,1,2407,5,5,5,5,5,5,5,5,1,Mid-Range,4.75-5.0,Medium,Available >30 Days
1.39133E+18,Pune,Mhalunge,18.57237737,73.75289435,Entire Home,Entire apartment,4,2,2,2,4619,4.77,4.65,4.77,4.71,4.9,4.9,4.9,31,1,Premium,4.75-5.0,Medium,Available >30 Days
1.50928E+18,Pune,Unknown,18.5462,73.7792,Entire Home,Entire rental unit,2,1,1,1,2951,4.82,4.91,4.91,4.64,4.91,4.73,4.82,11,1,Mid-Range,4.75-5.0,Small,Available >30 Days
1.64761E+18,Pune,Unknown,18.58440521,73.76446164,Entire Home,Entire rental unit,2,1,1,1,2837,4.82,4.8,4.77,,,,,0,1,Mid-Range,4.75-5.0,Small,Available >30 Days
1.65049E+18,Pune,Unknown,18.5594,73.9534,Hotel,Room in hotel,2,1,1,1,1290,4.82,4.8,4.77,,,,,0,1,Budget,4.75-5.0,Small,Available >30 Days
1.65071E+18,Pune,Unknown,18.551,73.9248,Private Room,Private room in home,2,1,2,2,2271,4.82,4.8,4.77,,,,,0,1,Mid-Range,4.75-5.0,Small,Available >30 Days
1.65161E+18,Pimpri-Chinchwad,Unknown,18.56695938,73.79667888,Hotel,Room in hotel,2,1,1,1,1217,4.82,4.8,4.77,,,,,0,1,Budget,4.75-5.0,Small,Available >30 Days
8.05688E+17,Pune,Unknown,18.52065,73.85623,Private Room,Private room in rental unit,2,1,1,1,3367,5,5,4.83,4.67,4.83,5,5,6,1,Mid-Range,4.75-5.0,Small,Available >30 Days
8.06244E+17,Pune,Unknown,18.563,73.9223,Private Room,Private room in guest house,1,1,1,1,3406,4.82,4.8,4.77,,,,,0,1,Mid-Range,4.75-5.0,Small,Available >30 Days
8.06522E+17,Pune,Unknown,18.55914,73.92191,Private Room,Private room in home,3,1,1,1,2771,5,5,5,5,5,4.67,5,6,1,Mid-Range,4.75-5.0,Medium,Available >30 Days
8223291,Pune,Unknown,18.53272,73.88788,Private Room,Private room in apartment,3,1,1,1,2499,4.79,4.88,4.81,4.73,4.8,4.88,4.87,293,1,Mid-Range,4.75-5.0,Medium,Available >30 Days
1.16804E+18,Pune,Baner Gaon,18.55869,73.78608,Entire Home,Entire home,16,7,7,7,19880,4.82,4.8,4.77,,,,,0,1,Luxury,4.75-5.0,Large,Available >30 Days
1.17675E+18,Pune,Unknown,18.543,73.9391,Serviced Apartment,Entire serviced apartment,2,1,1,1,2475,3.4,4.4,3.8,3.8,3.8,3.6,4,5,1,Mid-Range,3.0-4.0,Small,Available >30 Days
1.18155E+18,Pune,Shivneri Park,18.56893,73.78155,Private Room,Private room in bungalow,2,1,1,1,1413,4.82,4.8,4.77,,,,,0,1,Budget,4.75-5.0,Small,Available >30 Days
1.36711E+18,Pune,Unknown,18.52037671,73.91984184,Entire Home,Entire rental unit,4,2,2,2,4817,4.5,4.5,4.5,4.5,4.5,4.67,4.5,6,1,Premium,4.0-4.5,Medium,Available >30 Days
1.36786E+18,Pune,Unknown,18.55017142,73.95119666,Private Room,Private room in rental unit,1,1,1,1,2123,5,5,5,5,5,5,5,2,1,Mid-Range,4.75-5.0,Small,Available >30 Days
1.37078E+18,Pune,Unknown,18.56868979,73.76957779,Private Room,Private room in bed and breakfast,2,1,1,1,1303,2,5,2,3,2,5,5,1,1,Budget,Below 3,Small,Available >30 Days
1.3787E+18,Pune,Unknown,18.4719,73.9099,Private Room,Private room in rental unit,2,1,1,1,1754,3.75,4,4,4,4,4,4,4,1,Budget,3.0-4.0,Small,Available >30 Days
1.4911E+18,Pune,Unknown,18.59978,73.78424,Entire Home,Entire rental unit,4,2,2,2,3974,4.82,4.8,4.77,,,,,0,1,Mid-Range,4.75-5.0,Medium,Available >30 Days
1.49143E+18,Pune,Unknown,18.54563,73.77867,Entire Home,Entire apartment,2,1,1,1,3146,4.95,4.95,4.73,4.91,4.95,5,5,22,1,Mid-Range,4.75-5.0,Small,Available >30 Days
1.49197E+18,Pune,Unknown,18.59037,73.91073,Entire Home,Entire rental unit,16,4,4,4,7948,4.82,4.8,4.77,,,,,0,1,Luxury,4.75-5.0,Large,Available >30 Days
1.562E+18,Pune,Unknown,18.5305,73.9282,Private Room,Private room in guest house,16,10.5,10,10,32362,4.82,4.8,4.77,,,,,0,1,Luxury,4.75-5.0,Large,Available >30 Days
1.56707E+18,Pimpri-Chinchwad,Sakhare Vasti,18.58625792,73.7384118,Private Room,Private room in rental unit,1,1,1,1,1470,4.82,4.8,4.77,,,,,0,1,Budget,4.75-5.0,Small,Available >30 Days
1.56809E+18,Pune,Unknown,18.54295905,73.88631979,Entire Home,Entire rental unit,2,1,1,1,2820,4.82,4.8,4.77,,,,,0,1,Mid-Range,4.75-5.0,Small,Available >30 Days
1.63445E+18,Khadakwadi,Unknown,18.4179,73.7166,Private Room,Private room in farm stay,6,3,3,3,6455,4.82,4.8,4.77,,,,,0,1,Premium,4.75-5.0,Large,Available >30 Days
1.63532E+18,Pimpri-Chinchwad,Unknown,18.5688,73.7937,Entire Home,Entire home,2,1,1,1,1377,5,4.75,5,5,5,5,5,8,1,Budget,4.75-5.0,Small,Available >30 Days
7.26058E+17,Pune,Unknown,18.50693,73.92512,Private Room,Private room in loft,2,1,1,1,2104,4.82,4.8,4.77,,,,,0,1,Mid-Range,4.75-5.0,Small,Available >30 Days
7.30139E+17,Pune,Unknown,18.54015,73.89017,Entire Home,Entire rental unit,3,1,1,1,2466,4.62,4.7,4.58,4.45,4.62,4.84,4.84,77,1,Mid-Range,4.5-4.75,Medium,Available >30 Days
1.19563E+18,Pune,Kalyani Nagar,18.5481,73.9037,Entire Home,Entire rental unit,4,2,2,2,3966,4.78,4.89,4.78,4.44,4.78,4.89,4.89,9,1,Mid-Range,4.75-5.0,Medium,Available >30 Days
1.19892E+18,Pune,Unknown,18.53539,73.87435,Private Room,Private room in serviced apartment,2,1,1,1,2940,4.54,4.17,4.41,4.35,4.54,4.67,4.67,63,1,Mid-Range,4.5-4.75,Small,Available >30 Days
1.20663E+18,Pune,Unknown,18.5455,73.7781,Entire Home,Entire rental unit,2,1,1,1,2944,4.62,4.69,4.62,4.08,4.38,4.85,4.77,13,1,Mid-Range,4.5-4.75,Small,Available >30 Days
1.21106E+18,Pune,Unknown,18.5326,73.8751,Entire Home,Entire rental unit,3,1,1,1,5200,4.62,4.22,4.84,4.54,4.84,4.73,4.81,37,1,Premium,4.5-4.75,Medium,Available >30 Days
1.43768E+18,Pune,Unknown,18.54844,73.94971,Entire Home,Entire rental unit,8,2,3,3,4120,4.59,4.63,4.67,4.44,4.63,4.59,4.63,27,1,Premium,4.5-4.75,Large,Available >30 Days
1.44187E+18,Pune,Unknown,18.56406,73.94774,Hotel,Room in boutique hotel,2,1,1,1,1182,4.82,4.8,4.77,,,,,0,1,Budget,4.75-5.0,Small,Available >30 Days
1.51789E+18,Pimpri-Chinchwad,Gahunje,18.6601,73.7082,Entire Home,Entire rental unit,5,1,1,1,3420,5,4.82,4.91,5,5,5,5,11,1,Mid-Range,4.75-5.0,Medium,Available >30 Days
1.51877E+18,Pune,Unknown,18.5418,73.9224,Entire Home,Entire apartment,2,1,1,1,2513,4.5,4,4.67,4.5,4.67,4.75,4.67,12,1,Mid-Range,4.0-4.5,Small,Available >30 Days
1.52027E+18,Pimpri-Chinchwad,Unknown,18.64421,73.79864,Entire Home,Entire rental unit,4,2,1,1,3554,4.82,4.8,4.77,,,,,0,1,Mid-Range,4.75-5.0,Medium,Available >30 Days
1.52167E+18,"Lodha Belmondo,  Pune",Gahunje,18.67561279,73.70715271,Entire Home,Entire rental unit,4,1,1,1,2898,4.82,4.93,4.57,4.82,4.86,4.93,5,28,1,Mid-Range,4.75-5.0,Medium,Available >30 Days
1.60282E+18,Pune,Unknown,18.5621,73.7758,Hotel,Room in hotel,2,1,1,1,1615,4.93,4.86,4.71,4.93,4.93,4.93,4.93,14,1,Budget,4.75-5.0,Small,Available >30 Days
9.03982E+17,Pune,Unknown,18.53053,73.87656,Entire Home,Entire rental unit,2,1,1,1,2970,5,4,5,5,5,5,5,1,1,Mid-Range,4.75-5.0,Small,Available >30 Days
9.06162E+17,Pune,Unknown,18.58311,73.76131,Entire Home,Entire apartment,4,3,3,3,4678,4.82,4.8,4.77,,,,,0,1,Premium,4.75-5.0,Medium,Available >30 Days
9.06971E+17,Pune,Unknown,18.55769,73.92875,Private Room,Private room in rental unit,1,1,1,1,1520,5,5,5,5,5,5,5,2,1,Budget,4.75-5.0,Small,Available >30 Days
9.07117E+17,Pune,Unknown,18.54818,73.79126,Private Room,Private room in rental unit,2,1,1,1,1059,3.8,4,3.2,3.6,3.7,4,4,10,1,Budget,3.0-4.0,Small,Available >30 Days
9.10067E+17,Pune,Unknown,18.534,73.8982,Entire Home,Entire apartment,4,2,2,2,12607,5,5,5,5,5,5,5,4,1,Luxury,4.75-5.0,Medium,Available >30 Days
9.28119E+17,Pune,Maan,18.57824,73.7131,Entire Home,Entire rental unit,6,3,3,3,4009,5,5,5,5,5,5,5,1,1,Premium,4.75-5.0,Large,Available >30 Days
9.3442E+17,Pune,Sambarewadi,18.38546,73.73832,Other,Farm stay,6,2,2,2,4092,4.57,4.71,4.71,4.71,4.57,4.57,4.71,7,1,Premium,4.5-4.75,Large,Available >30 Days
1.26716E+18,Pune,Unknown,18.5458,73.779,Entire Home,Entire rental unit,4,1,1,1,3344,4.87,4.9,4.69,4.77,4.8,4.93,4.96,70,1,Mid-Range,4.75-5.0,Medium,Available >30 Days
1.27222E+18,Pune,Unknown,18.5447,73.7808,Entire Home,Entire rental unit,4,1,1,1,2989,4.94,4.89,4.85,4.74,4.88,4.92,4.97,66,1,Mid-Range,4.75-5.0,Medium,Available >30 Days
1.27509E+18,Pune,Unknown,18.5336,73.8985,Entire Home,Entire rental unit,2,1,1,1,5177,4.77,4.9,4.79,4.73,4.79,4.93,4.89,70,1,Premium,4.75-5.0,Small,Available >30 Days
1.27644E+18,Pune,Gahunje,18.66099344,73.7091116,Entire Home,Entire rental unit,3,1,1,1,3130,4.95,4.88,4.93,4.9,4.95,4.95,4.85,41,1,Mid-Range,4.75-5.0,Medium,Available >30 Days
1.28083E+18,Pune,Unknown,18.54648011,73.77853903,Entire Home,Entire apartment,3,1,1,1,3435,4.94,4.94,4.82,4.88,4.94,4.94,4.88,17,1,Mid-Range,4.75-5.0,Medium,Available >30 Days
1.42522E+18,Pune,Gahunje,18.66263117,73.70701397,Entire Home,Entire rental unit,2,1,1,1,4560,5,5,4.89,5,5,5,5,9,1,Premium,4.75-5.0,Small,Available >30 Days
1.42534E+18,Pune,Unknown,18.60026,73.78542,Entire Home,Entire rental unit,4,2,2,2,3208,5,4,4,4,4,4,4,1,1,Mid-Range,4.75-5.0,Medium,Available >30 Days
1.42563E+18,Pune,Unknown,18.5589916,73.95853406,Private Room,Private room in rental unit,1,1,1,1,1403,4.92,4.58,4.92,4.92,4.75,5,5,12,1,Budget,4.75-5.0,Small,Available >30 Days
1.52584E+18,Pune,Unknown,18.530765,73.91399671,Entire Home,Entire rental unit,2,1,1,1,2689,1.5,2.5,1.5,1.5,2,2.5,4.5,2,1,Mid-Range,Below 3,Small,Available >30 Days
1.52608E+18,Pimpri-Chinchwad,Unknown,18.5791,73.7862,Entire Home,Entire apartment,4,2,2,2,3520,4.82,4.8,4.77,,,,,0,1,Mid-Range,4.75-5.0,Medium,Available >30 Days
1.52677E+18,Pimpri-Chinchwad,Unknown,18.5791,73.7862,Entire Home,Entire apartment,3,1,1,1,2660,5,5,5,5,5,5,5,2,1,Mid-Range,4.75-5.0,Medium,Available >30 Days
1.52817E+18,Pune,Unknown,18.5769,73.91398,Entire Home,Entire rental unit,4,1,1,1,4029,4.9,4.7,4.8,4.5,4.7,4.9,4.9,10,1,Premium,4.75-5.0,Medium,Available >30 Days
8.45225E+17,Pune,Unknown,18.5533,73.9615,Private Room,Private room in home,16,3,3,3,1495,4.82,4.8,4.77,,,,,0,1,Budget,4.75-5.0,Large,Available >30 Days
8.64159E+17,Pimpri-Chinchwad,Unknown,18.59165,73.74057,Entire Home,Entire guest house,2,1,1,1,2109,4.82,4.8,4.77,,,,,0,1,Mid-Range,4.75-5.0,Small,Available >30 Days
1.15044E+18,Pimpri-Chinchwad,Tathawade,18.61356,73.74417,Entire Home,Entire rental unit,3,1,1,1,1850,4.82,4.8,4.77,,,,,0,1,Budget,4.75-5.0,Medium,Available >30 Days
1.15187E+18,Pune,Unknown,18.55346,73.96437,Entire Home,Entire apartment,4,1,1,1,3500,4.91,4.37,4.93,4.74,4.87,4.9,4.97,68,1,Mid-Range,4.75-5.0,Medium,Available >30 Days
1.16109E+18,Pimpri-Chinchwad,Unknown,18.6123,73.79348,Private Room,Private room in home,5,1,1,1,1012,4.82,4.7,4.64,4.8,4.73,4.89,4.91,44,1,Budget,4.75-5.0,Medium,Available >30 Days
1.16364E+18,Pune,Unknown,18.5339,73.8369,Private Room,Private room in apartment,2,1,1,1,2338,4.83,4.93,4.9,4.73,4.8,4.97,4.9,30,1,Mid-Range,4.75-5.0,Small,Available >30 Days
1.16479E+18,Pune,Unknown,18.5411,73.8931,Entire Home,Entire rental unit,3,1,1,1,2923,3.71,4.29,3.57,3.71,3.71,3.86,4,7,1,Mid-Range,3.0-4.0,Medium,Available >30 Days
1.41958E+18,Pune,Gahunje,18.6648,73.7077,Entire Home,Entire rental unit,3,1,1,1,3180,4.83,4.83,4.67,4.5,4.67,4.83,4.67,6,1,Mid-Range,4.75-5.0,Medium,Available >30 Days
1.53195E+18,Pune,Unknown,18.4951,73.8141,Entire Home,Entire rental unit,5,2,2,2,4676,4.5,4.5,5,4.5,4.5,4.5,4.5,2,1,Premium,4.0-4.5,Medium,Available >30 Days
1.53406E+18,Pune,Balewadi Phata,18.56404024,73.78490255,Private Room,Private room in bed and breakfast,2,1,20,20,1477,5,5,5,5,4.5,5,5,2,1,Budget,4.75-5.0,Small,Available >30 Days
1.53556E+18,Donaje,Unknown,18.40197098,73.76491234,Entire Home,Entire home,6,3.5,3,3,7339,4.82,4.8,4.77,,,,,0,1,Luxury,4.75-5.0,Large,Available >30 Days
34757707,Pune,Unknown,18.45402,73.79037,Entire Home,Entire rental unit,4,2.5,2,2,3976,4.73,4.9,4.67,4.78,4.75,4.83,4.95,40,1,Mid-Range,4.5-4.75,Medium,Available >30 Days
35701084,Pune,Unknown,18.47711,73.89011,Private Room,Private room in rental unit,2,1,1,1,2439,4.82,4.8,4.77,,,,,0,1,Mid-Range,4.75-5.0,Small,Available >30 Days
9.35505E+17,Pune,Unknown,18.55666,73.92943,Entire Home,Entire rental unit,8,2,2,2,6355,4.82,4.8,4.77,,,,,0,1,Premium,4.75-5.0,Large,Available >30 Days
9.36628E+17,Pune,Unknown,18.4803,73.8989,Serviced Apartment,Entire serviced apartment,6,3,3,3,4161,4.85,4.8,4.8,4.8,4.85,4.8,5,20,1,Premium,4.75-5.0,Large,Available >30 Days
9.57636E+17,Pune,Unknown,18.48776924,73.84761978,Entire Home,Entire home,6,3,2,2,3835,4.7,4.85,4.3,4.65,4.55,4.8,4.7,20,1,Mid-Range,4.5-4.75,Large,Available >30 Days
1.23405E+18,Pune,Unknown,18.5757,73.9076,Serviced Apartment,Entire serviced apartment,5,2,3,3,7191,4.83,4.72,4.89,4.89,4.89,4.89,4.83,18,1,Luxury,4.75-5.0,Medium,Available >30 Days
1.24559E+18,Pimpri-Chinchwad,Mamurdi,18.68209199,73.71285928,Entire Home,Entire guest house,8,4,3,3,11694,4.82,4.8,4.77,,,,,0,1,Luxury,4.75-5.0,Large,Available >30 Days
1.39973E+18,Pune,Unknown,18.54553573,73.77705296,Entire Home,Entire rental unit,4,1,1,1,3780,5,5,5,4.81,5,5,4.96,27,1,Mid-Range,4.75-5.0,Medium,Available >30 Days
1.40513E+18,Pune,Unknown,18.5238,73.95487,Entire Home,Entire rental unit,3,1,1,1,1788,4.72,4.25,4.53,4.53,4.81,4.72,4.81,32,1,Budget,4.5-4.75,Medium,Available >30 Days
1.40541E+18,Pune,Gahunje,18.6641,73.7068,Entire Home,Entire rental unit,6,2.5,2,2,6724,4.77,5,4.77,4.85,4.77,4.92,5,13,1,Premium,4.75-5.0,Large,Available >30 Days
1.40563E+18,Pimpri-Chinchwad,Unknown,18.5972,73.71488,Private Room,Private room in rental unit,2,2,1,1,1752,4.82,4.8,4.77,,,,,0,1,Budget,4.75-5.0,Small,Available >30 Days
1.51249E+18,Pune,Unknown,18.55987447,73.91758731,Entire Home,Entire villa,2,1,1,1,2085,4.82,4.8,4.77,,,,,0,1,Mid-Range,4.75-5.0,Small,Available >30 Days
1.51303E+18,Pune,Unknown,18.54432005,73.78403412,Entire Home,Entire rental unit,4,1,1,1,3507,4.64,4.82,4.64,4.73,4.64,4.82,4.82,11,1,Mid-Range,4.5-4.75,Medium,Available >30 Days
1.51714E+18,Pune,Unknown,18.5908,73.911,Private Room,Private room in apartment,4,1,1,1,2150,4.5,4.5,4.5,4,4,4.5,4.5,2,1,Mid-Range,4.0-4.5,Medium,Available >30 Days
1.59547E+18,Pune,Unknown,18.5401765,73.92295707,Entire Home,Entire rental unit,2,1,1,1,1941,4.67,4.75,4.83,4.5,4.83,5,5,12,1,Budget,4.5-4.75,Small,Available >30 Days
1.59702E+18,Pune,Unknown,18.5737,73.9113,Entire Home,Entire apartment,2,1,1,1,2717,4.82,4.8,4.77,,,,,0,1,Mid-Range,4.75-5.0,Small,Available >30 Days
1.59727E+18,Pune,Samarth Colony,18.55364583,73.77855074,Entire Home,Entire villa,2,1,1,1,4361,4.82,4.8,4.77,,,,,0,1,Premium,4.75-5.0,Small,Available >30 Days
1.59727E+18,Pune,Unknown,18.55303344,73.77996365,Entire Home,Entire villa,2,1,1,1,3661,4.82,4.8,4.77,,,,,0,1,Mid-Range,4.75-5.0,Small,Available >30 Days
1.59793E+18,Pune,Unknown,18.56520155,73.91247745,Private Room,Private room in home,2,2,1,1,3438,5,5,5,5,5,5,5,2,1,Mid-Range,4.75-5.0,Small,Available >30 Days
1.59895E+18,Pune,Gahunje,18.6623,73.7096,Entire Home,Entire rental unit,4,1,1,1,3087,4.82,4.8,4.77,,,,,0,1,Mid-Range,4.75-5.0,Medium,Available >30 Days
8.72979E+17,Pune,Unknown,18.5687,73.9069,Private Room,Private room in rental unit,1,1,1,1,2838,4.82,4.8,4.77,,,,,0,1,Mid-Range,4.75-5.0,Small,Available >30 Days
8.7433E+17,Pune,Natraj Society,18.4807,73.8256,Entire Home,Entire rental unit,6,3,2,2,2850,4.61,4.45,4.48,4.48,4.61,4.65,4.87,31,1,Mid-Range,4.5-4.75,Large,Available >30 Days
9.03547E+17,Pune,Kondhwa Budruk,18.4576,73.8746,Entire Home,Entire bungalow,12,1.5,1,1,2337,4.94,4.43,4.85,4.88,4.9,4.93,4.98,84,1,Mid-Range,4.75-5.0,Large,Available >30 Days
1.08831E+18,Dattwadi,Tathawade,18.6122,73.7444,Entire Home,Entire rental unit,4,1,1,1,1846,4.82,4.8,4.77,,,,,0,1,Budget,4.75-5.0,Medium,Available >30 Days
10895632,Pune,Unknown,18.5357,73.8977,Private Room,Private room in bungalow,2,1.5,1,1,4700,4.5,5,4.25,4.25,4.5,4.75,4.75,4,1,Premium,4.0-4.5,Small,Available >30 Days
1.0919E+18,Pune,Maan,18.57407,73.69709,Entire Home,Entire rental unit,3,2,1,1,3508,4.82,4.8,4.77,,,,,0,1,Mid-Range,4.75-5.0,Medium,Available >30 Days
1.105E+18,Pune,Unknown,18.6166,73.9154,Private Room,Private room in home,4,1,1,1,2271,4.82,4.8,4.77,,,,,0,1,Mid-Range,4.75-5.0,Medium,Available >30 Days
1.326E+18,Pimpri-Chinchwad,Unknown,18.60851,73.79001,Entire Home,Entire apartment,2,1,1,1,1555,4.52,4.43,4.52,4.57,4.43,4.65,4.43,23,0,Budget,4.5-4.75,Small,Available ≤30 Days
1.32727E+18,Pimpri-Chinchwad,Punawale,18.62598,73.73403,Private Room,Private room in rental unit,2,1,1,1,1658,4.82,4.8,4.77,,,,,0,1,Budget,4.75-5.0,Small,Available >30 Days
1.4759E+18,Pune,Unknown,18.57445967,73.91024716,Entire Home,Entire rental unit,3,1,1,1,3525,4.82,4.89,4.71,4.71,4.86,4.75,4.79,28,1,Mid-Range,4.75-5.0,Medium,Available >30 Days
1.47601E+18,Pune,Unknown,18.46824871,73.82781633,Hotel,Room in boutique hotel,2,1,1,1,1414,4.82,4.8,4.77,,,,,0,1,Budget,4.75-5.0,Small,Available >30 Days
1.47601E+18,Pune,Unknown,18.5437,73.7845,Entire Home,Entire rental unit,2,1,1,1,2419,4.82,4.8,4.77,,,,,0,1,Mid-Range,4.75-5.0,Small,Available >30 Days
1.48239E+18,Pune,Unknown,18.5758,73.9142,Entire Home,Entire rental unit,2,1,1,1,2834,4.82,4.8,4.77,,,,,0,1,Mid-Range,4.75-5.0,Small,Available >30 Days
1.48242E+18,Pune,Unknown,18.5481,73.9478,Hotel,Room in hotel,2,1,1,1,3019,5,5,5,5,5,5,5,1,1,Mid-Range,4.75-5.0,Small,Available >30 Days
1.55435E+18,Pune,Unknown,18.57605,73.91443,Entire Home,Entire rental unit,2,1,1,1,2964,4.86,4.68,4.86,4.82,4.82,4.86,4.82,28,1,Mid-Range,4.75-5.0,Small,Available >30 Days
1.61654E+18,Pimpri-Chinchwad,Blue Ridge Town,18.5788,73.7371,Entire Home,Entire rental unit,3,1,1,1,2834,5,5,5,5,5,5,5,3,1,Mid-Range,4.75-5.0,Medium,Available >30 Days
1.6168E+18,Pimpri-Chinchwad,Tathawade,18.61297095,73.74466573,Entire Home,Entire rental unit,3,1,1,1,1953,3,4,4,3,3,4,5,1,1,Budget,Below 3,Medium,Available >30 Days
1.6183E+18,Pune,Unknown,18.57500913,73.91423268,Entire Home,Entire rental unit,2,1,1,1,2010,4,5,4,4,4,5,5,1,1,Mid-Range,3.0-4.0,Small,Available >30 Days
53192154,Charholi Budruk,Unknown,18.62819,73.92397,Private Room,Private room in hut,8,4,4,4,4116,4.82,4.8,4.77,,,,,0,1,Premium,4.75-5.0,Large,Available >30 Days
53556316,Pune,Unknown,18.39894,73.76998,Entire Home,Entire cottage,15,4,5,5,12863,4.4,4.6,4.2,4.5,4.4,4.9,4.9,10,1,Luxury,4.0-4.5,Large,Available >30 Days
9.73146E+17,Pune,Unknown,18.5108,73.814,Shared Room,Shared room in rental unit,1,1,1,1,1262,4.82,4.8,4.77,,,,,0,1,Budget,4.75-5.0,Small,Available >30 Days
9.84063E+17,Pune,Unknown,18.5979,73.9595,Entire Home,Entire home,16,2,2,2,9922,4.83,4.63,4.8,4.7,4.83,4.93,4.9,30,1,Luxury,4.75-5.0,Large,Available >30 Days
1.03076E+18,Pune,Unknown,18.55547,73.80409,Private Room,Private room in guest house,3,1,1,1,1812,5,5,4.5,5,5,5,5,2,1,Budget,4.75-5.0,Medium,Available >30 Days
12821866,Pune,Unknown,18.50074,73.80559,Private Room,Private room in bungalow,6,1,1,1,1754,5,5,5,5,5,5,5,2,1,Budget,4.75-5.0,Large,Available >30 Days
1.2852E+18,Pune,Unknown,18.57976531,73.97941788,Hotel,Room in hotel,2,1,1,1,3800,4.82,4.8,4.77,,,,,0,1,Mid-Range,4.75-5.0,Small,Available >30 Days
1.28524E+18,Pune,Unknown,18.58181009,73.97954149,Hotel,Room in hotel,2,1,1,1,3100,4.82,4.8,4.77,,,,,0,1,Mid-Range,4.75-5.0,Small,Available >30 Days
1.28807E+18,Pimpri-Chinchwad,Unknown,18.64166985,73.78657185,Entire Home,Entire rental unit,2,2,1,1,2597,4.88,4.88,4.5,4.25,4.75,5,5,8,1,Mid-Range,4.75-5.0,Small,Available >30 Days
1.29247E+18,Pune,Unknown,18.569,73.9143,Shared Room,Shared room in guest house,1,1,1,1,1110,4.33,5,4.33,4.33,4.67,5,4.67,3,1,Budget,4.0-4.5,Small,Available >30 Days
1.29535E+18,Pune,Marutrao Gaikwad nagar,18.5569,73.8069,Private Room,Private room in home,2,1,1,1,1752,5,5,4.75,4.75,4.75,5,5,4,1,Budget,4.75-5.0,Small,Available >30 Days
1.45911E+18,Pune,Unknown,18.5113,73.9227,Entire Home,Entire rental unit,4,2,2,2,6431,4.82,4.8,4.77,,,,,0,1,Premium,4.75-5.0,Medium,Available >30 Days
1.45912E+18,Pune,Unknown,18.56372557,73.90731863,Entire Home,Entire rental unit,3,1,1,1,2346,4.83,4.83,4.7,4.74,4.74,4.91,4.87,23,1,Mid-Range,4.75-5.0,Medium,Available >30 Days
1.45941E+18,Pune,Unknown,18.5603,73.9223,Entire Home,Entire home,15,4,6,6,10967,4.82,4.8,4.77,,,,,0,1,Luxury,4.75-5.0,Large,Available >30 Days
1.4599E+18,Pune,Balewadi High Street,18.5690084,73.77323388,Hotel,Room in hotel,2,1,1,1,4677,4.82,4.8,4.77,,,,,0,1,Premium,4.75-5.0,Small,Available >30 Days
1.46191E+18,Pune,Unknown,18.54565371,73.7789199,Entire Home,Entire rental unit,3,1,1,1,2572,4.85,4.94,4.77,4.81,4.87,4.85,4.91,47,1,Mid-Range,4.75-5.0,Medium,Available >30 Days
1.46249E+18,Pune,Unknown,18.5758,73.9152,Entire Home,Entire apartment,2,1,1,1,3314,4.92,4.67,4.92,4.75,4.92,4.92,5,12,1,Mid-Range,4.75-5.0,Small,Available >30 Days
1.54016E+18,Pune,Gahunje,18.67204064,73.70653828,Entire Home,Entire rental unit,5,1,1,1,3180,4.75,4.5,4.75,4.25,4.75,4.5,4.75,4,1,Mid-Range,4.5-4.75,Medium,Available >30 Days
1.54249E+18,Pune,Unknown,18.59083,73.90909,Entire Home,Entire rental unit,8,2,2,2,3508,5,3,5,5,4,5,5,1,1,Mid-Range,4.75-5.0,Large,Available >30 Days
1.54346E+18,Pune,Dasar,18.57481,73.78111,Hotel,Room in hotel,3,1,1,1,1447,4,4,5,5,5,5,5,1,1,Budget,3.0-4.0,Medium,Available >30 Days
1.62046E+18,Pune,Unknown,18.56288,73.77499,Entire Home,Entire rental unit,16,12,12,12,25727,4.82,4.8,4.77,,,,,0,1,Luxury,4.75-5.0,Large,Available >30 Days
1.62304E+18,Pune,Unknown,18.58466393,73.76574342,Entire Home,Entire rental unit,2,1,1,1,2130,4.64,4.27,4.73,4.64,4.64,4.73,5,11,1,Mid-Range,4.5-4.75,Small,Available >30 Days
1.62394E+18,Pune,Unknown,18.5946833,73.90589124,Hotel,Room in boutique hotel,2,1,1,1,1023,4.82,4.8,4.77,,,,,0,1,Budget,4.75-5.0,Small,Available >30 Days
1.62511E+18,Pune,Unknown,18.54094931,73.92285535,Entire Home,Entire rental unit,4,1,1,1,2186,5,5,5,5,5,5,5,3,1,Mid-Range,4.75-5.0,Medium,Available >30 Days
43172237,Pune,Unknown,18.48669,73.89672,Entire Home,Entire bungalow,6,3,3,3,11694,4.82,4.8,4.77,,,,,0,1,Luxury,4.75-5.0,Large,Available >30 Days
1.24931E+18,Pune,Unknown,18.53209073,73.91272158,Entire Home,Entire rental unit,2,1,1,1,1826,4.62,4.4,4.6,4.44,4.62,4.76,4.69,45,1,Budget,4.5-4.75,Small,Available >30 Days
1.25044E+18,Pune,Unknown,18.5486,73.9198,Entire Home,Entire rental unit,4,1,1,1,4677,4.71,4.95,4.55,4.68,4.79,4.97,4.97,38,1,Premium,4.5-4.75,Medium,Available >30 Days
1.25863E+18,Pune,Unknown,18.5011,73.815,Entire Home,Entire rental unit,2,2,1,1,3239,5,5,4.89,4.78,4.89,5,4.94,18,1,Mid-Range,4.75-5.0,Small,Available >30 Days
1.26213E+18,Pune,Anupam Park,18.51665,73.78258,Private Room,Private room in bed and breakfast,2,1,1,1,3508,4.82,4.8,4.77,,,,,0,1,Mid-Range,4.75-5.0,Small,Available >30 Days
1.3428E+18,Pune,Lavale,18.53057,73.74365,Entire Home,Entire apartment,5,2,2,2,2689,4.9,4.65,4.95,4.8,4.85,4.95,4.9,20,1,Mid-Range,4.75-5.0,Medium,Available >30 Days
1.34552E+18,Pune,Unknown,18.5959,73.935,Entire Home,Entire rental unit,4,1,1,1,1883,4.82,4.8,4.77,,,,,0,1,Budget,4.75-5.0,Medium,Available >30 Days
1.48304E+18,Pune,Unknown,18.58,73.8946,Hotel,Room in hotel,2,1,1,1,2685,4.57,4.57,4.57,4.29,4.57,4.43,4.71,7,1,Mid-Range,4.5-4.75,Small,Available >30 Days
1.48397E+18,Pune,Unknown,18.5756,73.914,Entire Home,Entire rental unit,4,1,1,1,2689,4.94,4.81,4.87,4.74,4.77,4.94,4.94,31,1,Mid-Range,4.75-5.0,Medium,Available >30 Days
1.48652E+18,Pune,Unknown,18.57531125,73.91325016,Entire Home,Entire rental unit,4,1,1,1,2794,4.96,4.89,4.93,4.93,4.93,4.96,4.89,27,1,Mid-Range,4.75-5.0,Medium,Available >30 Days
1.56875E+18,Pune,Unknown,18.5398,73.8986,Private Room,Private room in home,2,1,1,1,2338,4.82,4.8,4.77,,,,,0,1,Mid-Range,4.75-5.0,Small,Available >30 Days
1.57116E+18,Pune,Unknown,18.54579,73.77972,Entire Home,Entire rental unit,4,1,1,1,3473,3,4,1,1,2,4,4,1,1,Mid-Range,Below 3,Medium,Available >30 Days
1.57217E+18,Pune,Unknown,18.66067561,73.87595869,Private Room,Private room in home,3,1,1,1,972,4.82,4.8,4.77,,,,,0,1,Budget,4.75-5.0,Medium,Available >30 Days
1.57304E+18,Pune,Unknown,18.5301149,73.83059671,Serviced Apartment,Entire serviced apartment,5,3,3,3,8156,5,5,3,5,5,5,5,1,1,Luxury,4.75-5.0,Medium,Available >30 Days
1.57514E+18,Pune,Unknown,18.57581144,73.91372164,Entire Home,Entire rental unit,4,1,1,1,2911,5,5,4.91,4.91,4.91,4.82,4.73,11,1,Mid-Range,4.75-5.0,Medium,Available >30 Days
1.63096E+18,Pune,Mhalunge,18.5662,73.7373,Entire Home,Entire rental unit,6,2,2,2,4123,4.82,4.91,4.64,4.91,5,4.91,5,11,1,Premium,4.75-5.0,Large,Available >30 Days
1.63171E+18,Pune,Unknown,18.583,73.8778,Entire Home,Entire rental unit,6,2,2,2,4119,5,5,5,5,5,4,5,1,1,Premium,4.75-5.0,Large,Available >30 Days
1.63334E+18,Pimpri-Chinchwad,Unknown,18.57746,73.78729,Hotel,Room in hotel,2,1,1,1,1205,4.5,4,4,4.5,4,4.5,4.5,2,1,Budget,4.0-4.5,Small,Available >30 Days
5.54729E+17,Pune,Unknown,18.5481,73.7518,Serviced Apartment,Entire serviced apartment,6,2,2,2,1636,4.71,4.55,4.67,4.67,4.68,4.87,4.92,76,1,Budget,4.5-4.75,Large,Available >30 Days
5.62142E+17,Donaje,Khanapur,18.40481,73.74808,Entire Home,Entire cottage,6,1,2,2,9850,4.76,4.76,4.96,4.63,4.87,4.87,4.85,46,1,Luxury,4.75-5.0,Large,Available >30 Days
6.01691E+17,Pune,Unknown,18.56311,73.77663,Entire Home,Entire apartment,4,2,2,2,4209,3.67,3.67,3.67,3.67,3.67,3.67,3.67,3,1,Premium,3.0-4.0,Medium,Available >30 Days
6.03215E+17,Pune,Unknown,18.56334,73.77436,Entire Home,Entire bungalow,3,1,1,1,2338,4.07,4.79,4.5,4.07,4.14,4.21,4.14,14,1,Mid-Range,4.0-4.5,Medium,Available >30 Days
6.05787E+17,Pimpri-Chinchwad,Unknown,18.6313,73.80951,Entire Home,Entire apartment,4,2,1,1,3134,4.85,4.85,4.64,4.62,4.91,4.96,4.89,55,1,Mid-Range,4.75-5.0,Medium,Available >30 Days
1.04213E+18,Pune,Unknown,18.53716,73.89917,Serviced Apartment,Entire serviced apartment,6,3,3,3,10888,4.91,4.91,5,4.82,4.91,4.91,4.91,11,1,Luxury,4.75-5.0,Large,Available >30 Days
1.04974E+18,Pune,Unknown,18.4725,73.9101,Private Room,Private room in rental unit,3,2,1,1,1286,4.69,4.73,4.56,4.67,4.69,4.79,4.73,48,1,Budget,4.5-4.75,Medium,Available >30 Days
1.30084E+18,Pune,Gahunje,18.6653,73.706,Entire Home,Entire rental unit,2,1,1,1,4268,5,4.97,5,4.92,5,4.97,5,36,1,Premium,4.75-5.0,Small,Available >30 Days
1.30122E+18,Pune,Unknown,18.52332685,73.96560697,Entire Home,Entire rental unit,3,1,1,1,1788,4.61,4.06,4.39,4.58,4.52,4.65,4.71,31,1,Budget,4.5-4.75,Medium,Available >30 Days
1.30297E+18,Pune,Kalyani Nagar,18.551,73.913,Entire Home,Entire rental unit,6,3,3,3,10219,5,5,5,5,5,5,5,1,1,Luxury,4.75-5.0,Large,Available >30 Days
1.30909E+18,Pune,Unknown,18.5078,73.9259,Private Room,Private room in rental unit,1,1,1,1,1319,4.75,5,4,5,5,5,4.75,4,1,Budget,4.5-4.75,Small,Available >30 Days
1.47067E+18,Pune,Unknown,18.57665354,73.91291157,Entire Home,Entire rental unit,4,1,1,1,2806,4.91,4.91,4.68,4.82,4.82,4.95,4.95,22,1,Mid-Range,4.75-5.0,Medium,Available >30 Days
1.55726E+18,Pune,Unknown,18.5393,73.89957,Entire Home,Entire rental unit,2,1,1,1,2290,4.82,4.8,4.77,,,,,0,1,Mid-Range,4.75-5.0,Small,Available >30 Days
1.55818E+18,Pune,Unknown,18.56935997,73.90758304,Entire Home,Entire apartment,4,2,2,2,4304,4.94,4.82,4.82,4.94,4.94,4.94,4.94,17,1,Premium,4.75-5.0,Medium,Available >30 Days
1.62596E+18,Pune,Unknown,18.51966998,73.93230425,Hotel,Room in boutique hotel,3,1,1,1,3930,4.82,4.8,4.77,,,,,0,1,Mid-Range,4.75-5.0,Medium,Available >30 Days
1.62608E+18,Pune,Unknown,18.50470535,73.9327007,Hotel,Room in boutique hotel,3,1,1,1,2439,5,4,4,5,5,5,5,1,1,Mid-Range,4.75-5.0,Medium,Available >30 Days
5.15691E+17,Pune,Unknown,18.54634,73.93932,Entire Home,Entire apartment,4,2,1,1,1298,4.08,3.66,4.08,4,4.21,4.5,4.58,38,1,Budget,4.0-4.5,Medium,Available >30 Days
5.16279E+17,Pune,Unknown,18.54476,73.94151,Entire Home,Entire apartment,8,4,2,2,4163,4.14,3.71,4.14,4.14,3.86,4.57,4.71,7,1,Premium,4.0-4.5,Large,Available >30 Days
1.07361E+18,Pimpri-Chinchwad,Unknown,18.6432,73.7962,Entire Home,Entire rental unit,4,2,2,2,4443,4,5,3,4,4,4,5,1,1,Premium,3.0-4.0,Medium,Available >30 Days
1.3144E+18,Pune,Unknown,18.5385,73.8981,Entire Home,Entire rental unit,2,1,1,1,6790,3.89,4.44,3.67,3.78,3.67,4.22,4.33,9,1,Premium,3.0-4.0,Small,Available >30 Days
1.31506E+18,Pune,Unknown,18.54121772,73.94174235,Entire Home,Entire rental unit,2,1,1,1,3974,4.82,4.8,4.77,,,,,0,1,Mid-Range,4.75-5.0,Small,Available >30 Days
1.31653E+18,Pune,Unknown,18.56484,73.91564,Private Room,Private room in rental unit,2,1,1,1,2800,3.6,3.6,3.8,3.4,3.6,4,4,5,1,Mid-Range,3.0-4.0,Small,Available >30 Days
1.32445E+18,Pune,Unknown,18.4604,73.915,Private Room,Private room in home,2,2,1,1,1637,5,4.9,4.9,4.9,4.9,4.9,4.9,10,1,Budget,4.75-5.0,Small,Available >30 Days
1.44938E+18,Pune,Unknown,18.5465,73.7793,Entire Home,Entire rental unit,3,1,1,1,2728,4.79,4.92,4.58,4.46,4.92,4.83,4.79,24,1,Mid-Range,4.75-5.0,Medium,Available >30 Days
1.45139E+18,Pimpri-Chinchwad,Unknown,18.60035823,73.78364438,Entire Home,Entire rental unit,4,2,2,2,3384,5,5,5,5,5,5,5,1,1,Mid-Range,4.75-5.0,Medium,Available >30 Days
1.45559E+18,Pune,Gahunje,18.6604,73.7105,Entire Home,Entire rental unit,5,1,1,1,2585,4.83,4.83,5,4.83,4.83,5,5,6,1,Mid-Range,4.75-5.0,Medium,Available >30 Days
1.45577E+18,Pune,Mhalunge,18.57432043,73.76461829,Entire Home,Entire apartment,6,2,2,2,4092,4.84,4.79,4.71,4.76,4.84,4.95,4.84,38,1,Premium,4.75-5.0,Large,Available >30 Days
1.57669E+18,Pune,Khadakwasla,18.4409,73.7864,Entire Home,Entire rental unit,4,2,2,2,3088,5,4.8,4.8,4.6,5,5,5,5,1,Mid-Range,4.75-5.0,Medium,Available >30 Days
1.57681E+18,Pune,Unknown,18.5129,73.9361,Entire Home,Entire rental unit,2,1,1,1,2104,5,4.93,5,5,5,5,5,14,1,Mid-Range,4.75-5.0,Small,Available >30 Days
1.57751E+18,Pune,Unknown,18.46993,73.76511,Private Room,Private room in guest house,2,1,1,1,1416,4.82,4.8,4.77,,,,,0,1,Budget,4.75-5.0,Small,Available >30 Days
15792153,Pune,Unknown,18.5342,73.89703,Entire Home,Entire rental unit,6,3,3,3,10524,4.46,4.75,4.37,4.32,4.54,4.77,4.53,57,1,Luxury,4.0-4.5,Large,Available >30 Days
1.63966E+18,Pune,Unknown,18.61538165,73.90128075,Private Room,Private room in rental unit,1,1,1,1,1049,4.82,4.8,4.77,,,,,0,1,Budget,4.75-5.0,Small,Available >30 Days
1.64052E+18,Pune,Unknown,18.54102017,73.92206383,Entire Home,Entire rental unit,3,1,1,1,1812,1,4,1,1,1,1,2,1,1,Budget,Below 3,Medium,Available >30 Days
1.64054E+18,Pune,Chakankar Mala,18.56981204,73.7817284,Entire Home,Entire rental unit,6,2,2,2,3786,5,5,5,5,5,5,5,2,1,Mid-Range,4.75-5.0,Large,Available >30 Days
1.64141E+18,Pune,Unknown,18.4484,73.9108,Entire Home,Entire rental unit,4,1,1,1,1644,5,5,5,5,5,5,5,1,1,Budget,4.75-5.0,Medium,Available >30 Days
7.59846E+17,Pune,Unknown,18.55579,73.80225,Private Room,Private room in serviced apartment,3,1,1,1,2210,4.7,4.87,4.78,4.7,4.7,4.83,4.91,23,1,Mid-Range,4.5-4.75,Medium,Available >30 Days
7.60895E+17,Pune,Unknown,18.54895,73.79671,Entire Home,Entire apartment,4,2.5,2,2,3510,4.5,4.58,4.58,4.46,4.5,4.65,4.6,48,1,Mid-Range,4.0-4.5,Medium,Available >30 Days
7.62217E+17,Pune,Gahunje,18.6622,73.7081,Entire Home,Entire apartment,3,1,1,1,2755,5,5,5,5,5,5,5,1,1,Mid-Range,4.75-5.0,Medium,Available >30 Days
7.63557E+17,Malkhed,Thopatewadi,18.3868,73.7182,Other,Farm stay,4,1,2,2,8478,5,5,4.73,4.93,4.93,4.67,5,15,1,Luxury,4.75-5.0,Medium,Available >30 Days
7.64942E+17,Pune,Unknown,18.52098,73.84687,Entire Home,Entire rental unit,6,2,2,2,11013,4.63,4.95,4.32,4.42,4.63,4.74,4.84,19,1,Luxury,4.5-4.75,Large,Available >30 Days
1.21628E+18,Pune,Unknown,18.5166,73.92764,Entire Home,Entire rental unit,6,3,3,3,5379,5,5,4,4.5,4.75,5,5,4,1,Premium,4.75-5.0,Large,Available >30 Days
1.21723E+18,Pune,Unknown,18.55172039,73.96016898,Private Room,Private room in bungalow,16,1,1,1,1659,4.82,4.8,4.77,,,,,0,1,Budget,4.75-5.0,Large,Available >30 Days
1.22366E+18,Pune,Unknown,18.5616,73.9089,Private Room,Private room in guest house,2,1,1,1,3400,4.71,4.71,4.86,4.57,4.71,4.93,4.86,14,1,Mid-Range,4.5-4.75,Small,Available >30 Days
1.2273E+18,Pune,Unknown,18.55785,73.7791,Entire Home,Entire rental unit,2,1,1,1,3060,4.68,4.68,4.58,4.42,4.47,4.63,4.74,19,1,Mid-Range,4.5-4.75,Small,Available >30 Days
1.36165E+18,Pune,Pallod Farms,18.5575,73.793,Private Room,Private room in guest house,2,1,1,1,1792,4.43,4.29,4.43,4.29,4.57,4.57,4.57,7,1,Budget,4.0-4.5,Small,Available >30 Days
1.36348E+18,Kanand,Malkhed,18.39357708,73.7079294,Entire Home,Entire home,6,3,3,3,5854,4,4.5,4,3.5,4,5,4,2,1,Premium,3.0-4.0,Large,Available >30 Days
1.49703E+18,Pune,Unknown,18.57504159,73.91338074,Entire Home,Entire rental unit,3,1,1,1,2794,4.96,4.96,4.96,4.88,5,5,5,25,1,Mid-Range,4.75-5.0,Medium,Available >30 Days
1.49923E+18,Pune,Unknown,18.56259,73.89261,Entire Home,Entire rental unit,2,1,1,1,2758,4.74,4.7,4.83,4.74,4.7,4.83,4.74,23,1,Mid-Range,4.5-4.75,Small,Available >30 Days
1.58468E+18,Pune,Unknown,18.54227032,73.92280364,Entire Home,Entire rental unit,2,1,1,1,2387,5,4.7,4.95,4.9,4.9,4.9,5,20,1,Mid-Range,4.75-5.0,Small,Available >30 Days
1.58605E+18,Pimpri-Chinchwad,Maan,18.569,73.7215,Entire Home,Entire apartment,4,3,2,2,2479,4.84,4.74,4.89,4.79,4.74,4.84,4.74,19,1,Mid-Range,4.75-5.0,Medium,Available >30 Days
1.5868E+18,Pimpri-Chinchwad,Tathawade,18.60579598,73.74353734,Entire Home,Entire rental unit,4,2,2,2,31188,4.82,4.8,4.77,,,,,0,1,Luxury,4.75-5.0,Medium,Available >30 Days
1.64279E+18,Pune,Unknown,18.57905885,73.98184241,Hotel,Room in hotel,16,5,5,5,1882,4.82,4.8,4.77,,,,,0,1,Budget,4.75-5.0,Large,Available >30 Days
1.64315E+18,Pune,Unknown,18.5292,73.8271,Entire Home,Entire home,8,3,4,4,9652,4.82,4.8,4.77,,,,,0,1,Luxury,4.75-5.0,Large,Available >30 Days
6.37888E+17,Pimpri-Chinchwad,Gahunje,18.66384,73.70864,Entire Home,Entire apartment,4,1,1,1,4536,4.83,4.91,4.87,4.71,4.79,4.87,4.78,76,1,Premium,4.75-5.0,Medium,Available >30 Days
6.47606E+17,Pune,Unknown,18.5002,73.89824,Entire Home,Entire rental unit,4,1,2,2,2086,4.23,3.64,4.13,4.15,4.15,4.51,4.72,39,1,Mid-Range,4.0-4.5,Medium,Available >30 Days
1.11811E+18,Dattwadi,Tathawade,18.61237193,73.74520143,Entire Home,Entire rental unit,3,1,1,1,2571,4.82,4.8,4.77,,,,,0,1,Mid-Range,4.75-5.0,Medium,Available >30 Days
1.12158E+18,Pimpri-Chinchwad,Unknown,18.57717,73.78542,Entire Home,Entire rental unit,6,2,2,2,5332,5,5,5,5,5,5,5,1,1,Premium,4.75-5.0,Large,Available >30 Days
1.13243E+18,Pune,Gahunje,18.6745,73.7065,Entire Home,Entire rental unit,2,1,1,1,3040,4.92,4.9,4.89,4.87,4.9,4.99,4.97,92,1,Mid-Range,4.75-5.0,Small,Available >30 Days
1.37878E+18,Pune,Unknown,18.564,73.7724,Private Room,Private room in bed and breakfast,2,1,1,1,1754,4.84,4.79,4.68,4.77,4.75,4.86,4.84,95,1,Budget,4.75-5.0,Small,Available >30 Days
1.39472E+18,Pune,Unknown,18.5412,73.9225,Serviced Apartment,Entire serviced apartment,2,1,1,1,2327,4.94,4.65,4.91,4.88,4.97,4.97,4.94,34,1,Mid-Range,4.75-5.0,Small,Available >30 Days
1.50505E+18,Pimpri-Chinchwad,Unknown,18.6608,73.7231,Entire Home,Entire rental unit,4,1,1,1,3969,5,5,5,5,5,5,5,2,1,Mid-Range,4.75-5.0,Medium,Available >30 Days
1.50856E+18,Tulapur,Tulapur,18.67019,73.98921,Entire Home,Entire villa,16,6,6,6,35351,4.82,4.8,4.77,,,,,0,1,Luxury,4.75-5.0,Large,Available >30 Days
1.51003E+18,Pune,Bhugaon,18.4901,73.7473,Private Room,Private room in home,5,1,1,1,3613,4.82,4.8,4.77,,,,,0,1,Mid-Range,4.75-5.0,Medium,Available >30 Days
1.51074E+18,Pune,Unknown,18.46533,73.91518,Private Room,Private room in rental unit,4,1,1,1,2332,4.82,4.8,4.77,,,,,0,1,Mid-Range,4.75-5.0,Medium,Available >30 Days
1.59178E+18,Pune,Unknown,18.57619327,73.91487569,Entire Home,Entire rental unit,3,1,1,1,2665,5,5,4.95,5,5,5,5,21,1,Mid-Range,4.75-5.0,Medium,Available >30 Days
1.59281E+18,Pimpri-Chinchwad,Mhalunge,18.5773,73.7433,Entire Home,Entire rental unit,2,1,1,1,2670,4.5,4.5,4.25,4.13,4.38,4.75,4.63,8,1,Mid-Range,4.0-4.5,Small,Available >30 Days
1.64768E+18,Pune,Unknown,18.53978,73.89832,Entire Home,Entire rental unit,6,2,2,2,6586,4.82,4.8,4.77,,,,,0,1,Premium,4.75-5.0,Large,Available >30 Days
1.65077E+18,Pune,Unknown,18.59438351,73.93872965,Entire Home,Entire villa,2,1,1,1,1806,4.82,4.8,4.77,,,,,0,1,Budget,4.75-5.0,Small,Available >30 Days
1.65136E+18,Pune,Gahunje,18.6644,73.7082,Entire Home,Entire rental unit,6,4,3,3,6245,4.82,4.8,4.77,,,,,0,1,Premium,4.75-5.0,Large,Available >30 Days
8.0008E+17,Pune,Unknown,18.55597,73.96697,Entire Home,Entire home,6,2,2,2,5964,4.28,4,3.72,4.08,4.32,4.72,4.88,25,1,Premium,4.0-4.5,Large,Available >30 Days
8.19428E+17,Marunji,Tathawade,18.61033,73.74566,Hotel,Room in hotel,2,1,1,1,2520,4.82,4.8,4.77,,,,,0,1,Mid-Range,4.75-5.0,Small,Available >30 Days
8.24281E+17,Pimpri-Chinchwad,Tathawade,18.61546,73.75372,Hotel,Room in hotel,2,1,1,1,2459,4.82,4.8,4.77,,,,,0,1,Mid-Range,4.75-5.0,Small,Available >30 Days
8.28037E+17,Pune,Unknown,18.4572,73.8037,Entire Home,Entire rental unit,5,1,2,2,3014,4.69,4.77,4.73,4.63,4.69,4.77,4.83,70,1,Mid-Range,4.5-4.75,Medium,Available >30 Days
8.3083E+17,Pune,Unknown,18.44551,73.83424,Private Room,Private room in rental unit,2,1,1,1,1988,4.82,4.8,4.77,,,,,0,1,Budget,4.75-5.0,Small,Available >30 Days
1.36516E+18,Pune,Unknown,18.54316218,73.94089013,Entire Home,Entire rental unit,3,1,1,1,2735,4.98,4.93,4.95,4.91,4.98,4.98,5,43,1,Mid-Range,4.75-5.0,Medium,Available >30 Days
1.36527E+18,Pune,Unknown,18.54680333,73.8530713,Entire Home,Entire rental unit,8,2,2,2,4219,5,4.77,4.92,4.96,5,4.98,4.98,52,1,Premium,4.75-5.0,Large,Available >30 Days
1.36808E+18,Pune,Unknown,18.54602082,73.77738779,Entire Home,Entire rental unit,3,1,1,1,2315,4.86,4.91,4.83,4.77,4.8,4.91,4.89,64,1,Mid-Range,4.75-5.0,Medium,Available >30 Days
1.37077E+18,Pune,Unknown,18.5515,73.9348,Private Room,Private room in rental unit,3,1,1,1,2631,4,4,4,5,4,4,4,1,1,Mid-Range,3.0-4.0,Medium,Available >30 Days
1.48804E+18,Pune,Unknown,18.5758,73.914,Serviced Apartment,Entire serviced apartment,4,1,1,1,4780,4.55,4.68,4.45,4.48,4.68,4.68,4.87,31,1,Premium,4.5-4.75,Medium,Available >30 Days
1.48807E+18,Pune,Unknown,18.52355428,73.96413693,Entire Home,Entire rental unit,3,1,1,1,1478,4.53,4.07,4.47,4.47,4.33,4.33,4.6,15,1,Budget,4.5-4.75,Medium,Available >30 Days
1.48954E+18,Pune,Gahunje,18.6643,73.7039,Entire Home,Entire rental unit,5,1,1,1,3601,5,5,5,4.86,4.86,5,5,7,1,Mid-Range,4.75-5.0,Medium,Available >30 Days
1.49029E+18,Pune,Samarth Colony,18.5543,73.77665,Entire Home,Entire rental unit,4,2,2,2,8332,4.82,4.8,4.77,,,,,0,1,Luxury,4.75-5.0,Medium,Available >30 Days
1.4917E+18,Donaje,Unknown,18.40524,73.77741,Entire Home,Entire home,5,2,2,2,6813,4.82,4.8,4.77,,,,,0,1,Premium,4.75-5.0,Medium,Available >30 Days
1.63626E+18,Pune,Unknown,18.6015,73.898,Entire Home,Entire rental unit,4,2,2,2,6297,4.82,4.8,4.77,,,,,0,1,Premium,4.75-5.0,Medium,Available >30 Days
1.63762E+18,Pune,Unknown,18.57442,73.76629,Entire Home,Entire rental unit,2,1,1,1,2806,3,3,3.5,3,3,3,3.5,2,1,Mid-Range,Below 3,Small,Available >30 Days
7.26392E+17,Pune,Unknown,18.54818,73.79125,Entire Home,Entire apartment,5,3,3,3,5858,4.5,4.5,4,4.5,4.5,4.5,4.5,2,1,Premium,4.0-4.5,Medium,Available >30 Days
7.45392E+17,Pune,Unknown,18.47463,73.93185,Private Room,Private room in villa,2,1,1,1,2319,4.87,4.7,4.91,4.79,4.85,4.92,4.91,53,1,Mid-Range,4.75-5.0,Small,Available >30 Days
1.19087E+18,Dattwadi,Tathawade,18.61296,73.74412,Entire Home,Entire rental unit,3,1,1,1,2220,4.82,4.8,4.77,,,,,0,1,Mid-Range,4.75-5.0,Medium,Available >30 Days
1.19402E+18,Pune,Unknown,18.53196,73.91474,Entire Home,Entire rental unit,2,1,1,1,2366,4.7,4.37,4.63,4.56,4.58,4.79,4.77,43,1,Mid-Range,4.5-4.75,Small,Available >30 Days
1.19791E+18,Pune,Unknown,18.53534,73.87383,Private Room,Private room in serviced apartment,2,1,1,1,3000,4.62,4.31,4.67,4.57,4.67,4.71,4.74,42,1,Mid-Range,4.5-4.75,Small,Available >30 Days
1.2067E+18,Pune,Unknown,18.54607,73.77673,Entire Home,Entire rental unit,4,1,1,1,4911,4.94,4.92,4.89,4.83,4.92,4.97,4.94,36,1,Premium,4.75-5.0,Medium,Available >30 Days
1.20769E+18,Pimpri-Chinchwad,Unknown,18.6067,73.79155,Entire Home,Entire apartment,2,1,1,1,1502,4.75,4.67,4.79,4.71,4.83,4.79,4.83,24,1,Budget,4.5-4.75,Small,Available >30 Days
1.43751E+18,Pune,Unknown,18.54822,73.94891,Entire Home,Entire rental unit,8,2,2,2,3620,4,3.71,4,3.93,3.93,4.21,4.07,14,1,Mid-Range,3.0-4.0,Large,Available >30 Days
1.43752E+18,Pimpri-Chinchwad,Blue Ridge Town,18.58029414,73.73609071,Entire Home,Entire rental unit,2,1,1,1,2061,4.5,4.75,4.42,4.25,4.58,4.75,4.75,12,1,Mid-Range,4.0-4.5,Small,Available >30 Days
1.43756E+18,Pune,Pallod Farms,18.55908548,73.79804325,Entire Home,Entire home,15,4,5,5,7377,3.5,3.5,3,3.5,3,4,4,2,1,Luxury,3.0-4.0,Large,Available >30 Days
14454178,Pune,Unknown,18.5319,73.897,Entire Home,Entire apartment,3,1,1,1,2499,4.71,4.88,4.8,4.7,4.78,4.78,4.86,376,1,Mid-Range,4.5-4.75,Medium,Available >30 Days
1.44632E+18,Pune,Unknown,18.5094,73.8757,Private Room,Private room in rental unit,2,1.5,1,1,1017,4.82,4.8,4.77,,,,,0,1,Budget,4.75-5.0,Small,Available >30 Days
1.44712E+18,Pune,Unknown,18.5208214,73.94108151,Entire Home,Entire rental unit,4,1,1,1,3508,5,4.94,4.88,4.75,5,5,5,16,1,Mid-Range,4.75-5.0,Medium,Available >30 Days
1.51828E+18,Pune,Unknown,18.5756,73.914,Entire Home,Entire rental unit,2,1,1,1,3483,4.64,4.64,4.73,4.55,4.55,4.73,4.82,11,1,Mid-Range,4.5-4.75,Small,Available >30 Days
1.51865E+18,Pimpri-Chinchwad,Unknown,18.63368022,73.83653688,Hotel,Room in boutique hotel,2,1,1,1,3840,4.82,4.8,4.77,,,,,0,1,Mid-Range,4.75-5.0,Small,Available >30 Days
1.51992E+18,Pune,Gahunje,18.66338604,73.70707152,Entire Home,Entire rental unit,2,1,1,1,3040,5,4.97,4.86,4.97,4.97,4.97,4.97,29,1,Mid-Range,4.75-5.0,Small,Available >30 Days
1.52008E+18,Pune,Unknown,18.5756,73.914,Entire Home,Entire apartment,4,1,1,1,2851,4.87,4.87,4.9,4.8,4.93,4.93,4.77,30,1,Mid-Range,4.75-5.0,Medium,Available >30 Days
1.52262E+18,Pune,Unknown,18.51264,73.90586,Private Room,Private room in rental unit,2,1,1,1,2572,5,4.7,4.8,4.9,4.9,4.9,5,10,1,Mid-Range,4.75-5.0,Small,Available >30 Days
1.60129E+18,Pune,Unknown,18.57456,73.91286,Entire Home,Entire rental unit,4,1,1,1,2783,5,4.33,4.67,4.67,4.67,4.67,4.33,3,1,Mid-Range,4.75-5.0,Medium,Available >30 Days
1.60852E+18,Pimpri-Chinchwad,Unknown,18.6628,73.8187,Entire Home,Entire apartment,5,2,2,2,3742,5,4.8,5,5,5,5,5,10,1,Mid-Range,4.75-5.0,Medium,Available >30 Days
1.65287E+18,Pune,Unknown,18.52629407,73.95715643,Entire Home,Entire villa,1,1,1,1,1250,4.82,4.8,4.77,,,,,0,1,Budget,4.75-5.0,Small,Available >30 Days
1.65341E+18,Pimpri-Chinchwad,Unknown,18.67882763,73.78685198,Entire Home,Entire villa,2,1,1,1,1294,4.82,4.8,4.77,,,,,0,1,Budget,4.75-5.0,Small,Available >30 Days
9.04729E+17,Pune,Unknown,18.57072,73.9159,Private Room,Private room in bungalow,2,2,1,1,1169,3,4,3,3,3,3,4.5,2,1,Budget,Below 3,Small,Available >30 Days
9.20719E+17,Pimpri-Chinchwad,Unknown,18.6539,73.7615,Entire Home,Entire rental unit,4,2,2,2,2907,4.65,4.49,4.63,4.56,4.7,4.7,4.7,43,1,Mid-Range,4.5-4.75,Medium,Available >30 Days
1.27329E+18,Pune,Unknown,18.57857882,73.77738223,Entire Home,Entire rental unit,4,2,2,2,3741,4.79,4.79,4.5,4.75,4.79,4.82,5,28,1,Mid-Range,4.75-5.0,Medium,Available >30 Days
1.2796E+18,Pune,Unknown,18.5262,73.9654,Private Room,Private room in rental unit,4,2,2,2,1476,4.82,4.8,4.77,,,,,0,1,Budget,4.75-5.0,Medium,Available >30 Days
1.42449E+18,Pune,Unknown,18.5413,73.9225,Entire Home,Entire rental unit,2,1,1,1,2159,4.98,4.67,4.79,4.84,4.93,4.98,5,43,1,Mid-Range,4.75-5.0,Small,Available >30 Days
1.42466E+18,Pimpri-Chinchwad,Unknown,18.64477244,73.79725034,Entire Home,Entire rental unit,5,2,2,2,3655,4.82,4.8,4.77,,,,,0,1,Mid-Range,4.75-5.0,Medium,Available >30 Days
1.42617E+18,Pune,Unknown,18.54573338,73.77952162,Entire Home,Entire rental unit,3,1,1,1,2915,4.89,4.89,4.84,4.84,4.95,4.95,4.84,19,1,Mid-Range,4.75-5.0,Medium,Available >30 Days
1.43024E+18,Pune,Unknown,18.5424,73.9414,Entire Home,Entire rental unit,4,1,1,1,3133,4.64,4.55,4.5,4.32,4.5,4.73,4.91,22,1,Mid-Range,4.5-4.75,Medium,Available >30 Days
1.43032E+18,Pune,Unknown,18.5424,73.9414,Entire Home,Entire rental unit,4,1,1,1,3325,4.56,4.72,4.72,4.56,4.67,4.56,5,18,1,Mid-Range,4.5-4.75,Medium,Available >30 Days
1.4309E+18,Pune,Unknown,18.57265993,73.90616239,Entire Home,Entire rental unit,6,2,2,2,3650,4.96,4.85,4.88,4.92,4.92,4.96,5,26,1,Mid-Range,4.75-5.0,Large,Available >30 Days
1.4335E+18,Pune,Shivneri Park,18.56902323,73.77929081,Entire Home,Entire apartment,6,3,3,3,9230,4.91,4.77,4.9,4.9,4.94,4.86,4.89,70,1,Luxury,4.75-5.0,Large,Available >30 Days
1.52611E+18,Pune,Unknown,18.54513034,73.77909478,Entire Home,Entire rental unit,3,1,1,1,2918,5,4.94,4.63,4.75,4.94,4.94,5,16,1,Mid-Range,4.75-5.0,Medium,Available >30 Days
1.6088E+18,Marunji,Marunji,18.61240892,73.71533446,Entire Home,Entire rental unit,6,2.5,2,2,2545,4.82,4.8,4.77,,,,,0,1,Mid-Range,4.75-5.0,Large,Available >30 Days
1.61007E+18,Pune,Unknown,18.55573,73.78096,Private Room,Private room in rental unit,5,2,2,2,4092,4.82,4.8,4.77,,,,,0,1,Premium,4.75-5.0,Medium,Available >30 Days
1.61012E+18,Pune,Unknown,18.55,73.9332,Entire Home,Entire guest house,3,1,1,1,2432,4,4,3,4,5,5,5,1,1,Mid-Range,3.0-4.0,Medium,Available >30 Days
1.61058E+18,Pune,Unknown,18.5396,73.8985,Entire Home,Entire rental unit,4,1,1,1,2923,5,5,5,5,5,5,5,2,1,Mid-Range,4.75-5.0,Medium,Available >30 Days
1.61069E+18,Pune,Unknown,18.57635,73.91468,Entire Home,Entire rental unit,2,1,1,1,2850,5,5,5,5,5,5,5,3,1,Mid-Range,4.75-5.0,Small,Available >30 Days
1.65504E+18,Pimpri-Chinchwad,Tathawade,18.61167855,73.7442833,Entire Home,Entire rental unit,3,1,1,1,2271,4.82,4.8,4.77,,,,,0,1,Mid-Range,4.75-5.0,Medium,Available >30 Days
1.65524E+18,Pune,Unknown,18.57257297,73.9085199,Entire Home,Entire bungalow,6,2,3,3,3000,4.82,4.8,4.77,,,,,0,1,Mid-Range,4.75-5.0,Large,Available >30 Days
1.6557E+18,Pune,Unknown,18.50623,73.91896,Entire Home,Entire guest house,2,1,1,1,2838,4.82,4.8,4.77,,,,,0,1,Mid-Range,4.75-5.0,Small,Available >30 Days
1.65588E+18,Pune,Unknown,18.54074211,73.92161431,Entire Home,Entire rental unit,2,1,1,1,2441,4.82,4.8,4.77,,,,,0,1,Mid-Range,4.75-5.0,Small,Available >30 Days
21536156,Pune,Unknown,18.60548,73.91056,Private Room,Private room in rental unit,2,1,1,1,1475,4.94,4.66,4.97,4.9,4.94,4.96,4.99,71,1,Budget,4.75-5.0,Small,Available >30 Days
22602656,Pune,Unknown,18.5518,73.8098,Entire Home,Entire rental unit,5,2,2,2,7629,4.96,4.99,4.99,4.85,4.98,4.97,4.99,144,1,Luxury,4.75-5.0,Medium,Available >30 Days
8.43233E+17,Pune,Unknown,18.53265,73.89819,Entire Home,Entire guest suite,4,2,2,2,5599,4.8,4.91,4.83,4.71,4.82,4.77,4.71,157,1,Premium,4.75-5.0,Medium,Available >30 Days
8.47066E+17,Pune,Unknown,18.53157,73.9151,Entire Home,Entire rental unit,2,1,1,1,1906,4.49,4.44,4.42,4.56,4.63,4.72,4.86,57,1,Budget,4.0-4.5,Small,Available >30 Days
8.60521E+17,Donaje,Unknown,18.39213,73.76691,Other,Farm stay,10,2,3,3,7939,5,4,4,5,4,5,5,1,1,Luxury,4.75-5.0,Large,Available >30 Days
8.6365E+17,Pune,Unknown,18.58377,73.72691,Private Room,Private room in apartment,2,1,1,1,1519,4.76,4.87,4.6,4.69,4.76,4.82,4.89,45,1,Budget,4.75-5.0,Small,Available >30 Days
1.14915E+18,Pune,Unknown,18.6052,73.7704,Private Room,Private room in home,3,1,1,1,1752,5,5,5,5,4.92,4.92,5,13,1,Budget,4.75-5.0,Medium,Available >30 Days
1.14928E+18,Pune,Unknown,18.56215,73.9148,Entire Home,Entire home,14,3,3,3,5884,4.86,4.86,4.14,4.71,4.57,5,4.86,7,1,Premium,4.75-5.0,Large,Available >30 Days
1.15219E+18,Pune,Unknown,18.55294,73.96504,Entire Home,Entire apartment,4,1,1,1,2820,4.91,4.66,4.98,4.79,4.89,4.86,4.95,56,1,Mid-Range,4.75-5.0,Medium,Available >30 Days
1.41056E+18,Pune,Unknown,18.5627,73.9372,Hotel,Shared room in hotel,16,25,1,25,1599,4.82,4.8,4.77,,,,,0,1,Budget,4.75-5.0,Large,Available >30 Days
1.41711E+18,Pune,Unknown,18.54617343,73.77727888,Entire Home,Entire rental unit,2,1,1,1,2250,4.5,4.71,4.43,4.36,4.57,4.57,4.79,14,1,Mid-Range,4.0-4.5,Small,Available >30 Days
1.41729E+18,Pune,Unknown,18.54621151,73.77881418,Entire Home,Entire rental unit,2,1,1,1,3114,4.88,4.8,4.84,4.52,4.84,4.8,4.88,25,1,Mid-Range,4.75-5.0,Small,Available >30 Days
1.42109E+18,Koyali,Unknown,18.7075,73.9771,Private Room,Private room in farm stay,4,1,1,1,2151,4.67,5,5,4.67,5,4.67,4.67,3,1,Mid-Range,4.5-4.75,Medium,Available >30 Days
1.4228E+18,Pune,Unknown,18.5757,73.9144,Entire Home,Entire apartment,4,1,1,1,3017,4.98,4.92,4.96,4.96,4.96,5,5,50,1,Mid-Range,4.75-5.0,Medium,Available >30 Days
1.53005E+18,Pune,Unknown,18.57584733,73.91599327,Entire Home,Entire rental unit,2,1,1,1,2925,5,4.93,4.95,4.98,5,4.98,4.98,43,1,Mid-Range,4.75-5.0,Small,Available >30 Days
1.53399E+18,Pune,Unknown,18.54070315,73.92318349,Entire Home,Entire rental unit,2,1,1,1,2178,4.89,4.72,4.83,4.67,4.78,4.89,5,18,1,Mid-Range,4.75-5.0,Small,Available >30 Days
16149483,Pune,Unknown,18.5356,73.8976,Private Room,Private room in bungalow,2,1,1,1,2911,4.58,4.91,4.47,4.44,4.65,4.79,4.82,105,1,Mid-Range,4.5-4.75,Small,Available >30 Days
38885363,Pune,Unknown,18.5415,73.8874,Entire Home,Entire rental unit,2,1,1,1,2925,4.94,4.82,4.88,4.71,4.76,4.94,4.94,17,1,Mid-Range,4.75-5.0,Small,Available >30 Days
9.54849E+17,Pune,Unknown,18.5784,73.763,Entire Home,Entire apartment,2,1,1,1,2492,4.85,4.71,4.73,4.69,4.85,4.9,4.96,48,1,Mid-Range,4.75-5.0,Small,Available >30 Days
9.60641E+17,Pune,Unknown,18.56509,73.91187,Entire Home,Entire home,11,2,3,3,5379,4.5,4.75,4.5,4.25,4.5,4.75,4.75,4,1,Premium,4.0-4.5,Large,Available >30 Days
9.66454E+17,Pimpri-Chinchwad,Blue Ridge Town,18.57645,73.73994,Entire Home,Entire rental unit,4,2,2,2,3988,5,5,3,4,5,5,5,1,1,Mid-Range,4.75-5.0,Medium,Available >30 Days
1.23394E+18,Pune,Sakhare Vasti,18.59019,73.74004,Entire Home,Entire villa,9,3,3,3,17213,5,4.67,5,5,5,4.67,5,3,1,Luxury,4.75-5.0,Large,Available >30 Days
1.23522E+18,Pimpri-Chinchwad,Sainath colony,18.5952,73.7635,Private Room,Private room in rental unit,1,1,1,1,2735,5,5,5,5,5,5,5,7,1,Mid-Range,4.75-5.0,Small,Available >30 Days
1.23911E+18,Pimpri-Chinchwad,Blue Ridge Town,18.57804,73.73618,Entire Home,Entire rental unit,2,1,1,1,2411,4.67,4,3.67,3.67,4.33,4.67,5,3,1,Mid-Range,4.5-4.75,Small,Available >30 Days
1.24028E+18,Pune,Gahunje,18.66189,73.70751,Entire Home,Entire apartment,6,3.5,4,4,11834,3,4,2,2,2,4,4,1,1,Luxury,Below 3,Large,Available >30 Days
1.24272E+18,Pune,Unknown,18.5472981,73.77877276,Entire Home,Entire rental unit,2,1,1,1,2408,4.65,4.69,4.63,4.46,4.48,4.58,4.79,48,1,Mid-Range,4.5-4.75,Small,Available >30 Days
1.24639E+18,Pune,Unknown,18.54712,73.78024,Serviced Apartment,Entire serviced apartment,3,1,1,1,2910,4.9,5,4.75,4.8,4.95,5,5,20,1,Mid-Range,4.75-5.0,Medium,Available >30 Days
1.40073E+18,Pune,Chakankar Mala,18.5671,73.7809,Entire Home,Entire home,6,3,3,3,14999,4,4.5,4,3.5,3.5,3.5,3,2,1,Luxury,3.0-4.0,Large,Available >30 Days
1.40511E+18,Pune,Vasantdada Sugar Institute Colony,18.52592903,73.95538661,Entire Home,Entire rental unit,3,1,1,1,1554,4.72,4.06,4.56,4.69,4.78,4.75,4.89,36,1,Budget,4.5-4.75,Medium,Available >30 Days
1.40719E+18,Pune,Unknown,18.54515448,73.94124795,Entire Home,Entire rental unit,3,1,1,1,2984,4.9,5,4.9,4.9,4.9,5,5,10,1,Mid-Range,4.75-5.0,Medium,Available >30 Days
1.51156E+18,Pune,Unknown,18.5761,73.9142,Entire Home,Entire apartment,4,1,1,1,3237,4.42,4.68,4.37,4.42,4.53,4.58,4.53,19,1,Mid-Range,4.0-4.5,Medium,Available >30 Days
1.51249E+18,Pune,Unknown,18.56109394,73.91898598,Entire Home,Entire villa,2,1,1,1,2492,5,5,5,5,5,5,5,1,1,Mid-Range,4.75-5.0,Small,Available >30 Days
1.51372E+18,Pune,Balewadi High Street,18.57047334,73.77254549,Entire Home,Entire rental unit,4,2,2,2,12863,4.82,4.8,4.77,,,,,0,1,Luxury,4.75-5.0,Medium,Available >30 Days
1.59792E+18,Pune,Unknown,18.57923934,73.97616805,Private Room,Private room in rental unit,2,3,1,1,1432,5,4.8,5,5,5,5,5,5,1,Budget,4.75-5.0,Small,Available >30 Days
24515869,Pune,Unknown,18.5095,73.86005,Private Room,Private room in apartment,3,1,1,1,1571,4.68,4.5,4.57,4.61,4.66,4.61,4.77,44,1,Budget,4.5-4.75,Medium,Available >30 Days
24707078,Pune,Unknown,18.56768,73.83073,Shared Room,Shared room in guest house,2,2,4,4,935,4.92,4.79,4.75,4.83,4.92,5,5,24,1,Budget,4.75-5.0,Small,Available >30 Days
24717583,Pune,Unknown,18.52004,73.83964,Hotel,Room in boutique hotel,16,1.5,1,1,5847,5,5,5,5,5,5,5,2,1,Premium,4.75-5.0,Large,Available >30 Days
26591210,Pune,Unknown,18.51502,73.93293,Private Room,Private room in home,2,1,2,2,2696,4.83,4.94,4.89,4.67,4.94,5,4.83,18,1,Mid-Range,4.75-5.0,Small,Available >30 Days
27036526,Pune,Unknown,18.51615,73.93159,Private Room,Private room in bungalow,2,1,2,2,3040,4.8,4.93,4.87,4.6,4.73,4.8,4.87,15,1,Mid-Range,4.75-5.0,Small,Available >30 Days
30302693,Pune,Unknown,18.5502,73.9434,Private Room,Private room in bed and breakfast,2,1,1,1,2178,4.07,4.21,4.29,4.29,3.71,4.21,4.14,14,1,Mid-Range,4.0-4.5,Small,Available >30 Days
8.73622E+17,Pune,Unknown,18.5297,73.9376,Private Room,Private room in bed and breakfast,2,1,1,1,5676,4.82,4.8,4.77,,,,,0,1,Premium,4.75-5.0,Small,Available >30 Days
8.95188E+17,Pune,Shivneri Park,18.56688,73.7789,Entire Home,Entire home,16,9,9,9,29235,4.82,4.8,4.77,,,,,0,1,Luxury,4.75-5.0,Large,Available >30 Days
8.98199E+17,Pune,Nigde Mose,18.38751,73.69318,Entire Home,Entire villa,9,5,3,3,20000,1,1,3,1,3,1,3,1,0,Luxury,Below 3,Large,Available ≤30 Days
8.98807E+17,Pune,Unknown,18.5302,73.9342,Private Room,Private room in rental unit,2,1,1,1,1403,4.82,4.8,4.77,,,,,0,1,Budget,4.75-5.0,Small,Available >30 Days
9.0291E+17,Pune,Unknown,18.5759,73.91756,Entire Home,Entire rental unit,11,3,3,3,5956,5,5,5,5,5,5,5,1,1,Premium,4.75-5.0,Large,Available >30 Days
1.08949E+18,Pune,Unknown,18.56812,73.77464,Private Room,Private room in home,4,2,2,2,8899,5,5,5,5,5,5,5,1,1,Luxury,4.75-5.0,Medium,Available >30 Days
1.10261E+18,Pune,Bavdhan,18.5185,73.7677,Entire Home,Entire rental unit,5,2,2,2,5264,4.83,4.83,4.74,4.87,4.83,4.87,4.87,23,1,Premium,4.75-5.0,Medium,Available >30 Days
1.32745E+18,Pimpri-Chinchwad,Tathawade,18.6026,73.7426,Private Room,Private room in rental unit,2,1,1,1,1754,4.82,4.8,4.77,,,,,0,0,Budget,4.75-5.0,Small,Available ≤30 Days
1.32949E+18,Pune,Unknown,18.5684,73.9124,Private Room,Private room in home,2,1,1,1,2104,5,5,4.5,5,5,5,5,2,1,Mid-Range,4.75-5.0,Small,Available >30 Days
1.33021E+18,Pune,Unknown,18.56998238,73.9141238,Shared Room,Shared room in guest house,1,1,1,1,1110,4,5,4,5,4,3,4,1,1,Budget,3.0-4.0,Small,Available >30 Days
1.33088E+18,Pune,Bhugaon,18.4999,73.7623,Serviced Apartment,Entire serviced apartment,6,2,2,2,1636,4.83,4.96,4.78,4.83,4.87,4.91,4.87,23,1,Budget,4.75-5.0,Large,Available >30 Days
1.33495E+18,Pune,Shivneri Park,18.56686244,73.77696819,Entire Home,Entire rental unit,4,2,2,2,3695,4.97,4.91,4.91,4.79,4.82,4.97,4.97,34,1,Mid-Range,4.75-5.0,Medium,Available >30 Days
1.33892E+18,Pune,Unknown,18.5971,73.9019,Entire Home,Entire bungalow,10,4,4,4,12863,5,4.5,4.67,4.83,4.83,5,5,6,1,Luxury,4.75-5.0,Large,Available >30 Days
1.47964E+18,Pune,Unknown,18.5734,73.9112,Entire Home,Entire apartment,3,1,1,1,3366,4.83,4.78,4.8,4.78,4.87,4.89,4.83,46,1,Mid-Range,4.75-5.0,Medium,Available >30 Days
1.54871E+18,Pune,Unknown,18.54123514,73.88602394,Entire Home,Entire rental unit,2,1,1,1,2940,4.88,4.63,5,4.63,4.5,4.75,4.75,8,1,Mid-Range,4.75-5.0,Small,Available >30 Days
1.54935E+18,Pune,Unknown,18.5413,73.9204,Entire Home,Entire rental unit,2,1,1,1,2666,4.94,4.66,4.94,4.94,4.94,4.83,4.94,35,1,Mid-Range,4.75-5.0,Small,Available >30 Days
1.55101E+18,Pune,Unknown,18.45735891,73.91525666,Entire Home,Entire rental unit,3,2,2,2,3011,5,5,5,5,5,5,5,5,1,Mid-Range,4.75-5.0,Medium,Available >30 Days
1.55231E+18,Pimpri-Chinchwad,Unknown,18.636,73.7888,Entire Home,Entire rental unit,6,1.5,2,2,3166,5,5,5,5,5,5,5,1,1,Mid-Range,4.75-5.0,Large,Available >30 Days
1.61504E+18,Pune,Unknown,18.4495,73.9135,Entire Home,Entire home,8,4,4,4,18710,4.82,4.8,4.77,,,,,0,1,Luxury,4.75-5.0,Large,Available >30 Days
1.61599E+18,Pune,Shivneri Park,18.56975,73.7805,Hotel,Room in hotel,3,1,1,1,1331,4.82,4.8,4.77,,,,,0,1,Budget,4.75-5.0,Medium,Available >30 Days
1.61651E+18,Pune,Unknown,18.5757,73.9143,Entire Home,Entire rental unit,2,1,1,1,2520,5,5,5,5,5,5,5,7,1,Mid-Range,4.75-5.0,Small,Available >30 Days
1.61752E+18,Pune,Unknown,18.54102613,73.92156554,Entire Home,Entire rental unit,2,1,1,1,3017,4.88,4.69,5,4.88,5,4.81,4.94,16,1,Mid-Range,4.75-5.0,Small,Available >30 Days
1.61819E+18,Pimpri-Chinchwad,Shankar Kalat Nagar,18.62743315,73.74314761,Entire Home,Entire rental unit,2,1,1,1,1958,4.82,4.8,4.77,,,,,0,1,Budget,4.75-5.0,Small,Available >30 Days
1.61839E+18,Pimpri-Chinchwad,Unknown,18.59954233,73.78484389,Entire Home,Entire rental unit,4,2,2,2,3428,4.82,4.8,4.77,,,,,0,1,Mid-Range,4.75-5.0,Medium,Available >30 Days
1.61878E+18,Pune,Unknown,18.54018434,73.9485329,Entire Home,Entire rental unit,1,1,1,1,2837,4.82,4.8,4.77,,,,,0,1,Mid-Range,4.75-5.0,Small,Available >30 Days
51996549,Pune,Unknown,18.54954,73.79286,Shared Room,Shared room in bungalow,2,0,1,2,4679,4.85,4.74,4.81,4.78,4.67,4.81,4.89,27,1,Premium,4.75-5.0,Small,Available >30 Days
5.20077E+17,Pune,Unknown,18.54493,73.94126,Entire Home,Entire apartment,4,2.5,1,1,1402,3.86,3.43,4.21,3.86,4.21,4.36,4.43,14,1,Budget,3.0-4.0,Medium,Available >30 Days
52361639,Pune,Unknown,18.5421,73.89047,Entire Home,Entire apartment,3,1,1,1,2922,4.39,4.57,4.32,4.25,4.43,4.55,4.41,44,1,Mid-Range,4.0-4.5,Medium,Available >30 Days
52666780,Pune,Unknown,18.57558,73.91117,Private Room,Private room in apartment,2,1,1,1,2668,4.76,4.92,4.8,4.56,4.76,4.72,4.72,25,1,Mid-Range,4.75-5.0,Small,Available >30 Days
53305340,Pune,Unknown,18.54613,73.75012,Serviced Apartment,Entire serviced apartment,4,1,1,1,1636,4.89,4.67,4.89,4.86,4.89,4.9,4.92,73,1,Budget,4.75-5.0,Medium,Available >30 Days
53346650,Pune,Unknown,18.53507,73.89814,Serviced Apartment,Entire serviced apartment,2,1,1,1,2572,4.48,4.96,4.48,4.48,4.57,4.78,4.74,23,1,Mid-Range,4.0-4.5,Small,Available >30 Days
53550717,Pune,Unknown,18.48091,73.93349,Private Room,Private room in villa,2,1,1,1,1872,4.87,4.65,4.82,4.78,4.88,4.91,4.97,103,1,Budget,4.75-5.0,Small,Available >30 Days
9.74299E+17,Pune,Unknown,18.52918,73.8768,Other,Farm stay,16,9,9,9,6813,4.82,4.8,4.77,,,,,0,1,Premium,4.75-5.0,Large,Available >30 Days
9.83332E+17,Pune,Unknown,18.53876,73.90157,Serviced Apartment,Entire serviced apartment,2,1,1,1,2330,4.89,4.9,4.85,4.7,4.79,4.85,4.89,97,1,Mid-Range,4.75-5.0,Small,Available >30 Days
9.91215E+17,Pune,Unknown,18.57473,73.9157,Entire Home,Entire rental unit,11,3,3,3,6268,5,4.67,5,4.33,5,5,5,3,1,Premium,4.75-5.0,Large,Available >30 Days
9.91855E+17,Pune,Anupam Park,18.51738,73.78243,Private Room,Private room in serviced apartment,2,1,1,1,3391,4.82,4.8,4.77,,,,,0,1,Mid-Range,4.75-5.0,Small,Available >30 Days
9.94643E+17,Pune,Unknown,18.46364,73.91308,Entire Home,Entire apartment,5,3,2,2,4911,4.43,4.57,4,4.43,4.43,4.29,4.86,7,1,Premium,4.0-4.5,Medium,Available >30 Days
1.00254E+18,Pune,Gahunje,18.67536275,73.70749098,Entire Home,Entire rental unit,3,1,1,1,3492,4.88,4.76,4.81,4.64,4.83,4.88,4.88,58,1,Mid-Range,4.75-5.0,Medium,Available >30 Days
1.00516E+18,Pune,Unknown,18.54043,73.88816,Entire Home,Entire home,2,1,1,1,3566,4.64,4.36,4.27,4.55,4.64,4.64,4.55,11,1,Mid-Range,4.5-4.75,Small,Available >30 Days
1.01521E+18,Pune,Unknown,18.5542,73.9521,Private Room,Private room in rental unit,3,1,1,1,2221,4.84,4.9,4.94,4.71,4.97,4.97,4.87,31,1,Mid-Range,4.75-5.0,Medium,Available >30 Days
1.01611E+18,Pune,Unknown,18.54032,73.90082,Serviced Apartment,Entire serviced apartment,10,3,3,3,8127,4.49,4.82,4.44,4.53,4.58,4.64,4.71,45,1,Luxury,4.0-4.5,Large,Available >30 Days
1.02221E+18,Pune,Unknown,18.42176,73.84716,Entire Home,Entire cabin,10,4,3,3,12161,4.26,4.26,4,4.05,4.11,4.16,4.21,19,1,Luxury,4.0-4.5,Large,Available >30 Days
1.03021E+18,Pune,Unknown,18.46487,73.91733,Entire Home,Entire apartment,2,1,1,1,3555,4.95,4.85,4.94,4.78,4.88,4.95,4.95,80,1,Mid-Range,4.75-5.0,Small,Available >30 Days
1.03756E+18,Pune,Unknown,18.54477,73.83527,Private Room,Private room in guest house,2,0,1,1,2133,4.4,5,4.53,4.4,4.47,4.87,4.87,15,1,Mid-Range,4.0-4.5,Small,Available >30 Days
1.2828E+18,Pune,Unknown,18.5657,73.786,Entire Home,Entire rental unit,6,2,2,2,3990,4,4.57,4,4,3.86,4.57,4.57,7,1,Mid-Range,3.0-4.0,Large,Available >30 Days
1.28501E+18,Pune,Unknown,18.54548385,73.78002844,Entire Home,Entire apartment,2,1,1,1,3208,4.84,4.85,4.88,4.8,4.9,4.93,4.98,104,1,Mid-Range,4.75-5.0,Small,Available >30 Days
1.29691E+18,Pimpri-Chinchwad,Sakhare Vasti,18.588,73.7373,Private Room,Private room in rental unit,2,1,1,1,2502,4.82,4.8,4.77,,,,,0,1,Mid-Range,4.75-5.0,Small,Available >30 Days
1.54346E+18,Pune,Unknown,18.5704,73.9037,Entire Home,Entire rental unit,6,2,2,2,2923,4.78,4.44,4.78,4.67,4.67,4.89,4.89,9,1,Mid-Range,4.75-5.0,Large,Available >30 Days
1.54725E+18,Pune,Unknown,18.5758,73.9143,Entire Home,Entire rental unit,2,1,1,1,3110,5,5,5,5,5,5,5,4,1,Mid-Range,4.75-5.0,Small,Available >30 Days
1.62313E+18,Pune,Unknown,18.54907935,73.93712277,Entire Home,Entire rental unit,5,2,2,2,3072,4.43,4.57,4.14,4.29,4.57,4.71,4.71,7,1,Mid-Range,4.0-4.5,Medium,Available >30 Days
1.6233E+18,Pune,Unknown,18.57583864,73.91454595,Entire Home,Entire rental unit,3,1,1,1,3157,5,5,5,4.75,5,5,4.75,4,1,Mid-Range,4.75-5.0,Medium,Available >30 Days
1.62483E+18,Pune,Unknown,18.5419,73.9226,Private Room,Private room in apartment,3,1,1,1,2071,4.9,4.7,4.9,4.8,4.9,5,5,10,1,Mid-Range,4.75-5.0,Medium,Available >30 Days
1.62525E+18,Pimpri-Chinchwad,Unknown,18.59582636,73.79899149,Entire Home,Entire rental unit,4,1.5,3,3,1862,5,5,5,5,5,4,5,1,1,Budget,4.75-5.0,Medium,Available >30 Days
41357828,Pune,Unknown,18.56902,73.91008,Entire Home,Entire apartment,4,2.5,1,1,3304,4.93,4.94,4.83,4.88,4.93,4.98,4.98,82,1,Mid-Range,4.75-5.0,Medium,Available >30 Days
41652576,Pune,Bavdhan,18.502,73.76469,Entire Home,Entire villa,6,3,3,3,10875,4.38,4.47,4.35,4.44,4.38,4.68,4.76,34,1,Luxury,4.0-4.5,Large,Available >30 Days
41677800,Pune,Unknown,18.548,73.78925,Private Room,Private room in apartment,2,1.5,1,1,1059,4.72,4.82,4.64,4.74,4.65,4.78,4.76,72,1,Budget,4.5-4.75,Small,Available >30 Days
45390237,Pune,Unknown,18.54965,73.91734,Entire Home,Entire apartment,2,2,2,2,3517,4.56,4.89,4.22,4.67,4.56,4.78,4.78,9,1,Mid-Range,4.5-4.75,Small,Available >30 Days
45555263,Pune,Unknown,18.55267745,73.94012244,Private Room,Private room in serviced apartment,4,1,1,1,2962,4.27,4.18,4.36,4.36,4.18,4.64,4.55,11,1,Mid-Range,4.0-4.5,Medium,Available >30 Days
45890687,Pune,Kalyani Nagar,18.54806,73.89603,Private Room,Private room in bungalow,2,1,1,1,1873,4.25,4.75,3.92,4.17,3.83,4.42,4,12,1,Budget,4.0-4.5,Small,Available >30 Days
46744164,Pune,Balewadi Phata,18.56501,73.77775,Hotel,Room in aparthotel,2,1,1,1,4326,4.82,4.8,4.77,,,,,0,1,Premium,4.75-5.0,Small,Available >30 Days
46744342,Pune,Unknown,18.56462,73.77758,Hotel,Room in aparthotel,2,1,1,1,3508,4.82,4.8,4.77,,,,,0,1,Mid-Range,4.75-5.0,Small,Available >30 Days
46744497,Pune,Shivneri Park,18.56479,73.77808,Hotel,Room in aparthotel,1,1,1,1,2806,4.82,4.8,4.77,,,,,0,1,Mid-Range,4.75-5.0,Small,Available >30 Days
46745733,Pune,Unknown,18.56319,73.77757,Hotel,Room in aparthotel,2,1,1,1,3976,4.82,4.8,4.77,,,,,0,1,Mid-Range,4.75-5.0,Small,Available >30 Days
12527595,Pune,Unknown,18.56566,73.7727,Entire Home,Entire home,16,9,8,8,29235,4.82,4.8,4.77,,,,,0,1,Luxury,4.75-5.0,Large,Available >30 Days
1.25325E+18,Pune,Unknown,18.5034123,73.87261173,Entire Home,Entire guest house,5,1,2,2,4794,5,5,5,5,5,5,5,2,1,Premium,4.75-5.0,Medium,Available >30 Days
1.25363E+18,Pune,Unknown,18.51396719,73.90747373,Entire Home,Entire home,6,1,1,1,6813,4.82,4.8,4.77,,,,,0,1,Premium,4.75-5.0,Large,Available >30 Days
1.2548E+18,Pune,Sakhare Vasti,18.58976096,73.74356418,Entire Home,Entire rental unit,4,1,2,2,3331,4.6,4.8,4.2,4.6,4.8,4.8,4.8,5,1,Mid-Range,4.5-4.75,Medium,Available >30 Days
1.25482E+18,Pune,Gahunje,18.66220588,73.71002634,Entire Home,Entire rental unit,4,1,1,1,3051,5,5,5,4.75,5,5,5,12,1,Mid-Range,4.75-5.0,Medium,Available >30 Days
1.26437E+18,Pimpri-Chinchwad,Unknown,18.63482003,73.79818562,Entire Home,Entire rental unit,4,2,2,2,4209,5,5,4.67,5,5,5,5,3,1,Premium,4.75-5.0,Medium,Available >30 Days
1.26533E+18,Pune,Balewadi Phata,18.56584914,73.78768626,Entire Home,Entire rental unit,3,2,2,2,3625,4.93,4.9,4.86,4.93,5,5,5,29,1,Mid-Range,4.75-5.0,Medium,Available >30 Days
1.34198E+18,Pune,Unknown,18.4663,73.8561,Private Room,Private room in bed and breakfast,2,1,1,1,3157,5,4.75,5,4.25,5,4.75,4.75,4,1,Mid-Range,4.75-5.0,Small,Available >30 Days
1.34473E+18,Pune,Unknown,18.4381,73.8465,Private Room,Private room in rental unit,2,1,1,1,2157,4.82,4.8,4.77,,,,,0,1,Mid-Range,4.75-5.0,Small,Available >30 Days
1.34645E+18,Pune,Balewadi High Street,18.56757865,73.77552005,Entire Home,Entire rental unit,4,2,2,2,3894,4.95,4.9,4.81,4.81,4.81,4.95,4.9,21,1,Mid-Range,4.75-5.0,Medium,Available >30 Days
1.48269E+18,Pune,Unknown,18.58,73.8946,Hotel,Room in hotel,2,1,1,1,2280,4.3,4.5,4.7,4.2,4.7,4.4,4.7,10,1,Mid-Range,4.0-4.5,Small,Available >30 Days
1.48307E+18,Pune,Unknown,18.54741408,73.94888353,Hotel,Room in hotel,2,1,1,1,3090,5,5,5,5,5,5,5,3,1,Mid-Range,4.75-5.0,Small,Available >30 Days
1.48311E+18,Pune,Unknown,18.5475,73.94752,Hotel,Room in hotel,2,0,1,1,2869,5,4.6,5,5,5,4.4,4.8,5,1,Mid-Range,4.75-5.0,Small,Available >30 Days
1.48312E+18,Pune,Unknown,18.54867133,73.94816549,Hotel,Room in hotel,2,1,1,1,2814,4.45,4.27,4.27,3.91,4.27,4.27,4.64,11,1,Mid-Range,4.0-4.5,Small,Available >30 Days
1.48418E+18,Pune,Nande,18.5511,73.7355,Entire Home,Entire rental unit,2,2,2,2,1754,4,4.2,4.6,4.2,4.2,4,4.4,5,1,Budget,3.0-4.0,Small,Available >30 Days
1.56828E+18,Pune,Unknown,18.5145,73.9366,Entire Home,Entire rental unit,2,1,1,1,2642,4.63,4.41,4.74,4.52,4.7,4.48,4.67,27,1,Mid-Range,4.5-4.75,Small,Available >30 Days
1.57211E+18,Pimpri-Chinchwad,Tathawade,18.60582,73.74322,Entire Home,Entire rental unit,4,3,3,3,3619,4.82,4.8,4.77,,,,,0,1,Mid-Range,4.75-5.0,Medium,Available >30 Days
1.57445E+18,Pune,Mhalunge,18.57725,73.75417,Private Room,Private room in rental unit,10,5,5,5,10875,4.5,3.5,5,4.5,5,5,5,2,1,Luxury,4.0-4.5,Large,Available >30 Days
1.62896E+18,Pimpri-Chinchwad,Unknown,18.60075551,73.78361894,Entire Home,Entire rental unit,4,2,2,2,3406,4,4,4,4,4,4,4,1,1,Mid-Range,3.0-4.0,Medium,Available >30 Days
1.6297E+18,Pune,Unknown,18.5261,73.9541,Entire Home,Entire home,4,1,1,1,1612,4.82,4.8,4.77,,,,,0,1,Budget,4.75-5.0,Medium,Available >30 Days
5.61478E+17,Pune,Unknown,18.51383,73.93307,Hotel,Room in hotel,3,1,1,1,3861,4.82,4.8,4.77,,,,,0,1,Mid-Range,4.75-5.0,Medium,Available >30 Days
5.61479E+17,Pune,Unknown,18.5099,73.9312,Hotel,Room in boutique hotel,3,1,1,1,3237,5,5,5,5,5,5,5,1,1,Mid-Range,4.75-5.0,Medium,Available >30 Days
1.30516E+18,Pimpri-Chinchwad,Unknown,18.60669996,73.78970173,Entire Home,Entire apartment,2,1,1,1,1274,4.69,4.49,4.86,4.69,4.77,4.71,4.83,35,1,Budget,4.5-4.75,Small,Available >30 Days
1.3072E+18,Pune,Unknown,18.4022,73.7658,Entire Home,Entire home,7,4,2,2,10290,4.82,4.8,4.77,,,,,0,1,Luxury,4.75-5.0,Large,Available >30 Days
1.31078E+18,Pune,Unknown,18.5032,73.8297,Entire Home,Entire home,7,2,2,2,8536,4.81,4.75,4.72,4.53,4.81,4.81,4.83,36,1,Luxury,4.75-5.0,Large,Available >30 Days
1.311E+18,Pune,Unknown,18.5421087,73.922246,Entire Home,Entire rental unit,2,1,1,1,2362,4.88,4.42,4.71,4.5,4.79,4.83,4.92,24,1,Mid-Range,4.75-5.0,Small,Available >30 Days
1.46738E+18,Pune,Unknown,18.54583665,73.78019024,Entire Home,Entire rental unit,2,1,1,1,2876,4.79,4.86,4.79,4.71,4.86,5,4.93,14,1,Mid-Range,4.75-5.0,Small,Available >30 Days
1.47285E+18,Pune,Unknown,18.5194,73.9441,Entire Home,Entire rental unit,3,1,1,1,3226,4.83,4.63,4.77,4.67,4.9,4.77,4.97,30,1,Mid-Range,4.75-5.0,Medium,Available >30 Days
1.55646E+18,Pune,Shankar Kalat Nagar,18.6229,73.7435,Private Room,Private room in rental unit,2,1,1,1,1345,4.82,4.8,4.77,,,,,0,1,Budget,4.75-5.0,Small,Available >30 Days
1.55649E+18,Pune,Unknown,18.52842,73.91203,Entire Home,Entire rental unit,6,3,3,3,6238,4.82,4.8,4.77,,,,,0,1,Premium,4.75-5.0,Large,Available >30 Days
1.5584E+18,Gorhe Bk.,Gorhe,18.41868299,73.7578569,Entire Home,Entire home,6,3,3,3,6431,4.82,4.8,4.77,,,,,0,1,Premium,4.75-5.0,Large,Available >30 Days
1.55848E+18,Pune,Unknown,18.56982113,73.90947118,Entire Home,Entire apartment,4,2,2,2,4330,5,4.83,4.83,4.89,5,4.94,4.94,18,1,Premium,4.75-5.0,Medium,Available >30 Days
1.55875E+18,Pimpri-Chinchwad,Unknown,18.5968,73.701,Entire Home,Entire rental unit,4,2,2,2,3321,4.95,4.58,4.84,4.84,4.95,4.95,5,19,1,Mid-Range,4.75-5.0,Medium,Available >30 Days
1.55948E+18,Pune,Unknown,18.5757,73.9141,Entire Home,Entire apartment,4,1,1,1,4780,4.67,4.93,4.6,4.53,4.67,4.8,4.87,15,1,Premium,4.5-4.75,Medium,Available >30 Days
1.56102E+18,Pune,Bavdhan,18.50995,73.77815,Private Room,Private room in rental unit,2,1,1,1,1445,4.67,5,4.83,4.67,4.83,4.83,4.83,6,1,Budget,4.5-4.75,Small,Available >30 Days
1.5616E+18,Pune,Unknown,18.5425,73.8363,Private Room,Private room in home,1,1,1,1,1555,4.77,4.85,4.77,4.62,4.69,4.92,5,13,1,Budget,4.75-5.0,Small,Available >30 Days
51439641,Pune,Unknown,18.53559,73.90048,Private Room,Private room in bed and breakfast,2,1,1,1,1887,4.71,4.86,4.29,4.5,4.43,5,4.43,7,1,Budget,4.5-4.75,Small,Available >30 Days
1.07748E+18,Pimpri-Chinchwad,Unknown,18.6434,73.7959,Entire Home,Entire rental unit,4,2,2,2,4676,4.86,5,4.71,4.79,4.71,4.86,4.93,14,1,Premium,4.75-5.0,Medium,Available >30 Days
1.08252E+18,Pune,Unknown,18.5567,73.9122,Hotel,Room in hotel,3,1,1,1,1636,5,5,5,5,5,5,5,1,1,Budget,4.75-5.0,Medium,Available >30 Days
1.08271E+18,Pune,Unknown,18.5416,73.89767,Entire Home,Entire rental unit,10,3,3,3,8185,3.5,5,3.5,3.5,4.25,3.5,3.75,4,1,Luxury,3.0-4.0,Large,Available >30 Days
1.08548E+18,Pune,Unknown,18.6005,73.938,Entire Home,Entire rental unit,2,1,1,1,1720,4.82,4.8,4.77,,,,,0,1,Budget,4.75-5.0,Small,Available >30 Days
1.08785E+18,Pune,Unknown,18.55338,73.96087,Private Room,Private room in guest house,16,1,1,1,2337,4.82,4.8,4.77,,,,,0,1,Mid-Range,4.75-5.0,Large,Available >30 Days
1.31483E+18,Pimpri-Chinchwad,Unknown,18.5781,73.7385,Entire Home,Entire apartment,2,1,1,1,3375,4.85,4.93,4.93,4.78,4.9,4.88,5,41,1,Mid-Range,4.75-5.0,Small,Available >30 Days
1.45066E+18,Pune,Unknown,18.56391398,73.90814816,Entire Home,Entire rental unit,3,1,1,1,2659,5,4.93,4.93,4.8,5,5,5,15,1,Mid-Range,4.75-5.0,Medium,Available >30 Days
1.45435E+18,Pune,Unknown,18.57537112,73.77072306,Entire Home,Entire apartment,5,3,3,3,4359,4.88,4.63,4.5,4.75,4.75,4.88,4.88,8,1,Premium,4.75-5.0,Medium,Available >30 Days
1.4558E+18,Pune,Unknown,18.4563,73.91114,Entire Home,Entire apartment,2,1,1,1,2292,4.61,4.78,4.56,4.5,4.5,4.67,4.56,18,1,Mid-Range,4.5-4.75,Small,Available >30 Days
1.45653E+18,Pune,Unknown,18.54354165,73.94056314,Entire Home,Entire rental unit,3,1,1,1,3239,4,5,4.5,4.5,4,5,5,2,1,Mid-Range,3.0-4.0,Medium,Available >30 Days
1.57548E+18,Pune,Unknown,18.54067923,73.92305033,Entire Home,Entire rental unit,3,1,1,1,2245,4.92,4.75,4.75,4.83,4.83,5,4.75,12,1,Mid-Range,4.75-5.0,Medium,Available >30 Days
1.57676E+18,Pune,Unknown,18.5457,73.7789,Entire Home,Entire rental unit,2,1,1,1,2335,4.5,5,4.25,4.25,4.5,4.75,5,4,1,Mid-Range,4.0-4.5,Small,Available >30 Days
1.57685E+18,Pune,Unknown,18.45522,73.91761,Entire Home,Entire rental unit,4,2,1,1,2698,5,5,5,5,5,5,5,1,1,Mid-Range,4.75-5.0,Medium,Available >30 Days
1.57751E+18,Pune,Unknown,18.54752565,73.7783753,Entire Home,Entire rental unit,4,1,1,1,3296,4.86,4.86,4.71,4.86,5,5,4.71,7,1,Mid-Range,4.75-5.0,Medium,Available >30 Days
1.58123E+18,Pune,Unknown,18.57643,73.91365,Entire Home,Entire rental unit,3,1,1,1,2631,4.97,4.77,4.9,4.94,4.9,4.94,4.97,31,1,Mid-Range,4.75-5.0,Medium,Available >30 Days
1.63839E+18,Pune,Unknown,18.53912654,73.89947028,Entire Home,Entire rental unit,3,1,1,1,1952,4.82,4.8,4.77,,,,,0,1,Budget,4.75-5.0,Medium,Available >30 Days
1.63995E+18,Pune,Parkhe Vasti,18.59083671,73.74846444,Entire Home,Entire rental unit,2,0,1,1,2338,5,5,5,5,5,5,5,2,1,Mid-Range,4.75-5.0,Small,Available >30 Days
1.64059E+18,Pune,Balewadi Phata,18.5677,73.7863,Entire Home,Entire rental unit,2,1,1,1,2457,4.82,4.8,4.77,,,,,0,1,Mid-Range,4.75-5.0,Small,Available >30 Days
1.64107E+18,Pune,Unknown,18.539998,73.93607658,Entire Home,Entire rental unit,4,2,2,2,6177,5,5,5,5,5,5,5,2,1,Premium,4.75-5.0,Medium,Available >30 Days
7.57612E+17,Pune,Unknown,18.58945,73.99691,Private Room,Private room in serviced apartment,2,1,1,1,1882,4.82,4.8,4.77,,,,,0,1,Budget,4.75-5.0,Small,Available >30 Days
7.65018E+17,Pune,Unknown,18.5447,73.7858,Private Room,Private room in home,3,1,1,1,1286,4.68,4.73,4.41,4.63,4.64,4.75,4.8,56,1,Budget,4.5-4.75,Medium,Available >30 Days
7.79817E+17,Marunji,Tathawade,18.61224,73.741,Entire Home,Entire rental unit,4,1,1,1,1690,4.67,4.29,4.29,4.52,4.52,4.75,4.86,21,1,Budget,4.5-4.75,Medium,Available >30 Days
1.21956E+18,Pune,Unknown,18.53089,73.91642,Entire Home,Entire rental unit,2,1,1,1,2580,4.79,4.44,4.71,4.64,4.68,4.8,4.85,84,1,Mid-Range,4.75-5.0,Small,Available >30 Days
1.22933E+18,Pune,Unknown,18.5616,73.9089,Hotel,Room in boutique hotel,2,1,1,1,3800,5,5,5,5,5,5,5,2,1,Mid-Range,4.75-5.0,Small,Available >30 Days
1.35505E+18,Pune,Unknown,18.4653,73.8552,Private Room,Private room in bed and breakfast,2,1,1,1,2532,5,4.86,4.86,4.86,4.86,4.86,4.86,7,1,Mid-Range,4.75-5.0,Small,Available >30 Days
1.35996E+18,Pune,Unknown,18.51660135,73.9335016,Private Room,Private room in rental unit,2,1,1,1,3050,4.82,4.8,4.77,,,,,0,1,Mid-Range,4.75-5.0,Small,Available >30 Days
1.35997E+18,Pune,Unknown,18.51571247,73.93485226,Private Room,Private room in rental unit,2,1,1,1,2519,4.82,4.8,4.77,,,,,0,1,Mid-Range,4.75-5.0,Small,Available >30 Days
1.49848E+18,Pune,Unknown,18.57111407,73.90839244,Entire Home,Entire rental unit,2,1,1,1,3250,4.88,4.88,4.91,4.8,4.86,4.91,4.97,64,1,Mid-Range,4.75-5.0,Small,Available >30 Days
1.4994E+18,Pune,Unknown,18.54749349,73.77400723,Entire Home,Entire rental unit,4,1,1,1,4703,4.85,5,4.92,4.62,4.92,4.92,4.92,13,1,Premium,4.75-5.0,Medium,Available >30 Days
1.50119E+18,Pune,Balewadi High Street,18.5728,73.7712,Entire Home,Entire rental unit,4,2,2,2,3402,4.82,4.8,4.77,,,,,0,1,Mid-Range,4.75-5.0,Medium,Available >30 Days
1.5014E+18,Pune,Unknown,18.46031,73.91415,Entire Home,Entire loft,2,1,1,1,3032,4.95,4.77,4.82,4.82,4.95,4.95,4.95,22,1,Mid-Range,4.75-5.0,Small,Available >30 Days
1.5819E+18,Pune,Unknown,18.5755,73.9142,Entire Home,Entire rental unit,3,1,1,1,2968,5,5,5,4.75,5,5,5,4,1,Mid-Range,4.75-5.0,Medium,Available >30 Days
1.58538E+18,Pune,Unknown,18.51312193,73.93674245,Entire Home,Entire rental unit,2,1,1,1,2221,5,5,5,5,5,5,4.8,5,1,Mid-Range,4.75-5.0,Small,Available >30 Days
1.58684E+18,Pune,Unknown,18.5794,73.9954,Private Room,Private room in bed and breakfast,2,1,1,1,2271,4.82,4.8,4.77,,,,,0,1,Mid-Range,4.75-5.0,Small,Available >30 Days
1.58747E+18,Pune,Unknown,18.54209917,73.92291943,Entire Home,Entire rental unit,4,1,1,1,2198,5,4.71,4.86,4.86,4.86,5,5,7,1,Mid-Range,4.75-5.0,Medium,Available >30 Days
1.58747E+18,Pune,Gahunje,18.66221,73.70756,Entire Home,Entire apartment,3,1,1,1,4326,4.82,4.8,4.77,,,,,0,1,Premium,4.75-5.0,Medium,Available >30 Days
1.58769E+18,Pune,Gahunje,18.6622,73.7081,Entire Home,Entire apartment,2,1,1,1,3145,5,5,5,4.88,5,5,5,16,1,Mid-Range,4.75-5.0,Small,Available >30 Days
1.6458E+18,Pune,Manjari Budruk,18.5177,73.974,Serviced Apartment,Entire serviced apartment,4,1,1,1,1105,4.82,4.8,4.77,,,,,0,1,Budget,4.75-5.0,Medium,Available >30 Days
6.29777E+17,Pune,Dasar,18.57586,73.77804,Entire Home,Entire apartment,8,2,2,2,5262,5,4.67,5,4.67,4.67,4.67,5,3,1,Premium,4.75-5.0,Large,Available >30 Days
642889,Pune,Unknown,18.542,73.8904,Entire Home,Entire rental unit,2,1,1,1,3040,4.75,4.77,4.81,4.74,4.84,4.84,4.85,130,1,Mid-Range,4.5-4.75,Small,Available >30 Days
6.60402E+17,Pune,Panchavati,18.4694,73.8526,Entire Home,Entire guest house,4,1,2,2,3040,4.91,4.75,4.78,4.75,4.81,4.97,4.94,32,1,Mid-Range,4.75-5.0,Medium,Available >30 Days
6.66334E+17,Bhagatwadi,Vaswewadi,18.36343,73.72646,Private Room,Private room in hut,3,1,1,1,2221,4.82,4.8,4.77,,,,,0,1,Mid-Range,4.75-5.0,Medium,Available >30 Days
6.75905E+17,Pune,Gahunje,18.66319,73.70831,Entire Home,Entire apartment,4,1,1,1,2945,4.9,4.9,5,4.7,5,4.9,5,10,1,Mid-Range,4.75-5.0,Medium,Available >30 Days
6.76677E+17,Pune,Unknown,18.48051,73.93164,Private Room,Private room in villa,2,1,1,1,1899,4.68,4.5,4.71,4.47,4.62,4.74,4.74,34,1,Budget,4.5-4.75,Small,Available >30 Days
1.11282E+18,Pune,Kaverinagar,18.60659,73.7717,Private Room,Private room in home,2,1,1,1,1915,4.93,4.86,4.9,4.83,4.93,4.93,4.97,29,1,Budget,4.75-5.0,Small,Available >30 Days
1.11727E+18,Pimpri-Chinchwad,Unknown,18.7068,73.7855,Entire Home,Entire apartment,5,2,2,2,2208,4.94,4.82,4.88,4.82,5,4.94,4.94,17,1,Mid-Range,4.75-5.0,Medium,Available >30 Days
1.12348E+18,Pune,Balewadi High Street,18.57362,73.7714,Hotel,Room in hotel,2,1,1,1,1286,3,4.33,2.33,3.33,3.33,3,3.67,3,1,Budget,Below 3,Small,Available >30 Days
1.12898E+18,Pune,Baner Gaon,18.56169,73.78582,Entire Home,Entire rental unit,4,2,2,2,4140,4.86,5,4.86,4.86,5,4.86,4.86,7,1,Premium,4.75-5.0,Medium,Available >30 Days
1.13191E+18,Pune,Unknown,18.55107,73.91434,Entire Home,Entire rental unit,6,2,2,2,3137,4.97,4.85,4.91,4.91,4.94,5,4.97,34,1,Mid-Range,4.75-5.0,Large,Available >30 Days
1.13406E+18,Pune,Shivneri Park,18.56876,73.78066,Entire Home,Entire rental unit,2,1,1,1,2315,4.94,4.7,4.91,4.81,4.89,4.91,4.91,47,1,Mid-Range,4.75-5.0,Small,Available >30 Days
1.13495E+18,Pune,Mhalunge,18.5682,73.763,Private Room,Private room in apartment,2,1,1,1,2104,4.82,4.8,4.77,,,,,0,1,Mid-Range,4.75-5.0,Small,Available >30 Days
1.14339E+18,Pune,Chakankar Mala,18.56691,73.78564,Entire Home,Entire home,16,3,3,3,6080,4.61,4.5,4.25,4.36,4.39,4.75,4.89,28,1,Premium,4.5-4.75,Large,Available >30 Days
1.1457E+18,Pimpri-Chinchwad,Unknown,18.6073,73.7654,Entire Home,Entire rental unit,4,2,2,2,3492,4.73,4.67,4.73,4.73,4.82,4.8,4.8,45,1,Mid-Range,4.5-4.75,Medium,Available >30 Days
1.38455E+18,Pune,Unknown,18.54707176,73.77874875,Entire Home,Entire rental unit,2,1,1,1,2299,3.43,4.43,4,3.86,3.86,4.29,4.14,7,1,Mid-Range,3.0-4.0,Small,Available >30 Days
1.39106E+18,Pune,Unknown,18.59105,74.00066,Private Room,Private room in apartment,2,1,1,1,905,4.92,4.69,4.77,4.88,4.92,5,4.96,26,1,Budget,4.75-5.0,Small,Available >30 Days
1.50661E+18,Pune,Unknown,18.511251,73.87111293,Entire Home,Entire home,4,2,2,2,4418,5,4.29,4.71,4.86,5,5,5,7,1,Premium,4.75-5.0,Medium,Available >30 Days
1.51086E+18,Pune,Vasantdada Sugar Institute Colony,18.52487446,73.95707821,Hotel,Room in boutique hotel,1,1,1,1,1300,4.82,4.8,4.77,,,,,0,1,Budget,4.75-5.0,Small,Available >30 Days
1.5111E+18,Pune,Unknown,18.55048126,73.77059132,Hotel,Room in boutique hotel,2,1,1,1,1874,4.82,4.8,4.77,,,,,0,1,Budget,4.75-5.0,Small,Available >30 Days
1.59071E+18,Pune,Unknown,18.54244032,73.92289649,Entire Home,Entire rental unit,2,1,1,1,2081,4.92,4.46,4.92,4.67,4.88,4.92,4.96,24,1,Mid-Range,4.75-5.0,Small,Available >30 Days
1.59337E+18,Pune,Blue Ridge Town,18.5786,73.7349,Serviced Apartment,Entire serviced apartment,4,1,1,1,2438,5,4.6,4.8,4.6,4.8,4.8,4.8,5,1,Mid-Range,4.75-5.0,Medium,Available >30 Days
1.64789E+18,Pune,Unknown,18.531,73.8338,Entire Home,Entire rental unit,11,4,4,4,10309,4.82,4.8,4.77,,,,,0,1,Luxury,4.75-5.0,Large,Available >30 Days
1.64947E+18,Pune,Dasar,18.57411389,73.77542169,Entire Home,Entire rental unit,4,2,2,2,3924,4.82,4.8,4.77,,,,,0,1,Mid-Range,4.75-5.0,Medium,Available >30 Days
16501624,Pimpri-Chinchwad,Unknown,18.59464,73.72784,Entire Home,Entire rental unit,4,2,2,2,3157,4,4.5,4.71,4.17,4.86,4.33,4.57,7,1,Mid-Range,3.0-4.0,Medium,Available >30 Days
1.65077E+18,Pune,Balewadi Phata,18.56441802,73.78622938,Entire Home,Entire villa,2,1,1,1,2812,4.82,4.8,4.77,,,,,0,1,Mid-Range,4.75-5.0,Small,Available >30 Days
8.15198E+17,Marunji,Tathawade,18.61009,73.7467,Entire Home,Entire guest house,4,1,1,1,2081,3.33,4.33,3.33,4,3.67,4,4,3,1,Mid-Range,3.0-4.0,Medium,Available >30 Days
8.17367E+17,Pune,Unknown,18.5639,73.9088,Entire Home,Entire rental unit,6,2,2,2,4794,4.44,4.67,3.78,4.22,4.33,4.67,4.89,9,1,Premium,4.0-4.5,Large,Available >30 Days
8.19194E+17,Pune,Unknown,18.55263,73.9604,Private Room,Private room in home,16,1,1,1,1495,4,4,5,3,4,4,4,1,1,Budget,3.0-4.0,Large,Available >30 Days
8.28115E+17,Pune,Unknown,18.5199,73.9442,Private Room,Private room in apartment,2,1.5,1,1,1168,5,5,5,4.91,5,5,5,11,1,Budget,4.75-5.0,Small,Available >30 Days
1.18303E+18,Pune,Unknown,18.5577,73.9417,Entire Home,Entire apartment,4,2,2,2,7948,4.82,4.8,4.77,,,,,0,1,Luxury,4.75-5.0,Medium,Available >30 Days
1.3653E+18,Pune,Unknown,18.5465,73.7792,Serviced Apartment,Entire serviced apartment,4,1,1,1,3239,4.63,4.81,4.44,4.44,4.63,4.88,4.75,16,1,Mid-Range,4.5-4.75,Medium,Available >30 Days
1.37289E+18,Pune,Unknown,18.5420034,73.93990959,Entire Home,Entire rental unit,4,1,1,1,3449,4.82,4.8,4.77,,,,,0,1,Mid-Range,4.75-5.0,Medium,Available >30 Days
1.37742E+18,Pune,Unknown,18.5606,73.9184,Entire Home,Entire rental unit,4,1,1,1,2420,4.87,4.76,4.76,4.84,4.93,4.98,4.96,55,1,Mid-Range,4.75-5.0,Medium,Available >30 Days
1.49034E+18,Pune,Balewadi Phata,18.5611,73.7837,Private Room,Private room in home,2,1,1,1,2271,4.82,4.8,4.77,,,,,0,1,Mid-Range,4.75-5.0,Small,Available >30 Days
1.49279E+18,Pune,Unknown,18.55749,73.80128,Private Room,Private room in rental unit,2,1,1,1,2455,4.82,4.8,4.77,,,,,0,1,Mid-Range,4.75-5.0,Small,Available >30 Days
1.56436E+18,Pune,Unknown,18.54272936,73.88595148,Entire Home,Entire rental unit,2,1,1,1,2820,4.25,4.25,4.75,4,4.25,3.75,4.25,4,1,Mid-Range,4.0-4.5,Small,Available >30 Days
1.56737E+18,Pune,Samarth Colony,18.55729078,73.77812891,Private Room,Private room in rental unit,2,1,1,1,2046,5,4.67,4.67,4.67,4.67,4.67,4.67,3,1,Mid-Range,4.75-5.0,Small,Available >30 Days
1.63404E+18,Pune,Unknown,18.58769584,73.75944817,Entire Home,Entire rental unit,2,1,1,1,2884,4.82,4.8,4.77,,,,,0,1,Mid-Range,4.75-5.0,Small,Available >30 Days
1.63417E+18,Pune,Unknown,18.5757,73.9143,Entire Home,Entire rental unit,4,1,1,1,3534,4.82,4.8,4.77,,,,,0,1,Mid-Range,4.75-5.0,Medium,Available >30 Days
1.63598E+18,Pune,Unknown,18.5196,73.9283,Entire Home,Entire rental unit,4,2,2,2,4902,4.82,4.8,4.77,,,,,0,1,Premium,4.75-5.0,Medium,Available >30 Days
16360146,Pimpri-Chinchwad,Marunji,18.61904,73.71168,Entire Home,Entire villa,8,4,4,4,6197,4.64,4.58,4.7,4.59,4.64,4.72,4.81,86,1,Premium,4.5-4.75,Large,Available >30 Days
6.97773E+17,Pune,Unknown,18.5817,73.7711,Entire Home,Entire apartment,5,3,3,3,5845,4.63,4.63,4.46,4.54,4.71,4.79,4.79,24,1,Premium,4.5-4.75,Medium,Available >30 Days
7.40182E+17,Pune,Unknown,18.58482,73.94975,Private Room,Private room in home,3,2,2,2,1859,5,4,5,5,5,5,5,1,1,Budget,4.75-5.0,Medium,Available >30 Days
7.43811E+17,Pune,Samarth Colony,18.55763,73.77383,Serviced Apartment,Entire serviced apartment,2,1,1,1,2100,4.71,4.71,4.46,4.54,4.5,4.82,4.89,28,1,Mid-Range,4.5-4.75,Small,Available >30 Days
7.4696E+17,Pune,Unknown,18.55575,73.80369,Private Room,Private room in serviced apartment,6,1,1,1,2369,4.82,4.94,4.59,4.59,4.88,4.94,4.94,17,1,Mid-Range,4.75-5.0,Large,Available >30 Days
7.50448E+17,Pune,Samarth Colony,18.5561,73.7746,Serviced Apartment,Entire serviced apartment,2,1,1,1,1850,4.33,4.56,4.39,4.5,4.56,4.72,4.83,18,1,Budget,4.0-4.5,Small,Available >30 Days
7.5694E+17,Pune,Unknown,18.50825,73.82288,Entire Home,Entire apartment,6,3,3,3,4092,4.91,4.88,4.86,4.91,4.89,4.89,4.91,182,1,Premium,4.75-5.0,Large,Available >30 Days
1.20177E+18,Pune,Unknown,18.56972,73.97425,Entire Home,Entire rental unit,4,1,1,1,2838,4.82,4.8,4.77,,,,,0,1,Mid-Range,4.75-5.0,Medium,Available >30 Days
1.20636E+18,Dattwadi,Tathawade,18.6132,73.74565,Entire Home,Entire rental unit,3,1,1,1,2252,4.82,4.8,4.77,,,,,0,1,Mid-Range,4.75-5.0,Medium,Available >30 Days
14393487,Pimpri-Chinchwad,Unknown,18.57654,73.7386,Private Room,Private room in villa,2,1,1,1,1869,4,4.36,4.07,4.14,4.14,4.36,4.57,15,1,Budget,3.0-4.0,Small,Available >30 Days
1.44645E+18,Pune,Kalyani Nagar,18.5524,73.9059,Entire Home,Entire rental unit,12,3,3,3,6782,4.73,4.87,4.33,4.33,4.53,4.53,4.67,15,1,Premium,4.5-4.75,Large,Available >30 Days
1.44648E+18,Pune,Unknown,18.47273905,73.90051152,Private Room,Private room in rental unit,2,1,1,1,2815,4.82,4.8,4.77,,,,,0,1,Mid-Range,4.75-5.0,Small,Available >30 Days
1.51826E+18,Pune,Unknown,18.54103444,73.89203057,Entire Home,Entire rental unit,3,1,1,1,2500,4.86,4.57,4.86,4.71,4.43,4.86,4.71,7,1,Mid-Range,4.75-5.0,Medium,Available >30 Days
1.51865E+18,Pimpri-Chinchwad,Unknown,18.63441409,73.83748663,Hotel,Room in boutique hotel,2,1,1,1,4944,4.82,4.8,4.77,,,,,0,1,Premium,4.75-5.0,Small,Available >30 Days
1.51865E+18,Pimpri-Chinchwad,Unknown,18.63429345,73.83653182,Hotel,Room in boutique hotel,2,1,1,1,3224,4.82,4.8,4.77,,,,,0,1,Mid-Range,4.75-5.0,Small,Available >30 Days
1.52262E+18,Pune,Unknown,18.53980436,73.90054556,Serviced Apartment,Entire serviced apartment,4,2,2,2,3741,4.82,4.8,4.77,,,,,0,1,Mid-Range,4.75-5.0,Medium,Available >30 Days
1.60079E+18,Pune,Unknown,18.4527,73.7937,Hotel,Room in hotel,2,1,1,1,2384,4.82,4.8,4.77,,,,,0,1,Mid-Range,4.75-5.0,Small,Available >30 Days
1.60154E+18,Pune,Unknown,18.55542106,73.80377882,Entire Home,Entire rental unit,4,3,3,3,3974,4.82,4.8,4.77,,,,,0,1,Mid-Range,4.75-5.0,Medium,Available >30 Days
1.60494E+18,Pune,Unknown,18.52052,73.93249,Entire Home,Entire rental unit,4,2,2,2,3426,4.82,4.8,4.77,,,,,0,1,Mid-Range,4.75-5.0,Medium,Available >30 Days
1.60502E+18,Pimpri-Chinchwad,Unknown,18.5792,73.7864,Hotel,Room in hotel,2,1,1,1,1801,4.92,4.92,4.92,4.92,4.92,4.92,4.92,12,1,Budget,4.75-5.0,Small,Available >30 Days
1.60719E+18,Pune,Unknown,18.55289,73.96088,Private Room,Private room in apartment,2,1,1,1,1660,5,4,5,5,4.33,4.33,5,3,1,Budget,4.75-5.0,Small,Available >30 Days
1.65231E+18,Pune,Mhalunge,18.58294208,73.760422,Entire Home,Entire villa,2,1,1,1,1744,4.82,4.8,4.77,,,,,0,1,Budget,4.75-5.0,Small,Available >30 Days
1.65298E+18,Pune,Unknown,18.5475,73.8201,Entire Home,Entire rental unit,3,1,1,1,3520,4.82,4.8,4.77,,,,,0,1,Mid-Range,4.75-5.0,Medium,Available >30 Days
1.65449E+18,Pune,Unknown,18.57921923,73.73241099,Entire Home,Entire rental unit,3,1,1,1,2339,4.82,4.8,4.77,,,,,0,1,Mid-Range,4.75-5.0,Medium,Available >30 Days
9.06436E+17,Pune,Balewadi High Street,18.5694,73.7721,Private Room,Private room in serviced apartment,2,1,1,1,3952,4.6,5,4.6,4.4,5,5,5,5,1,Mid-Range,4.5-4.75,Small,Available >30 Days
9.21847E+17,Pune,Balewadi High Street,18.5694,73.7721,Hotel,Room in hotel,2,1,1,1,2923,4.82,4.8,4.77,,,,,0,1,Mid-Range,4.75-5.0,Small,Available >30 Days
9.31098E+17,Pune,Unknown,18.5743,73.91597,Private Room,Private room in rental unit,16,4,4,4,7123,5,5,5,4.5,5,5,5,2,1,Luxury,4.75-5.0,Large,Available >30 Days
1.27323E+18,Pimpri-Chinchwad,Unknown,18.57486708,73.74045028,Entire Home,Entire apartment,4,1.5,2,2,5145,4.8,4.9,4.7,4.5,4.8,4.9,4.9,10,1,Premium,4.75-5.0,Medium,Available >30 Days
1.27354E+18,Pune,Balewadi High Street,18.571,73.7744,Private Room,Private room in rental unit,2,1,1,1,1986,4.77,4.91,4.86,4.77,4.77,4.95,4.77,22,1,Budget,4.75-5.0,Small,Available >30 Days
1.27358E+18,Pune,Balewadi High Street,18.56788425,73.77630636,Entire Home,Entire rental unit,6,2,2,2,4676,4.82,4.8,4.77,,,,,0,1,Premium,4.75-5.0,Large,Available >30 Days
12748682,Pune,Unknown,18.5368,73.8953,Entire Home,Entire bungalow,16,7,6,6,42800,4.67,4.83,4,4.17,4.5,5,4.83,6,1,Luxury,4.5-4.75,Large,Available >30 Days
1.42892E+18,Pune,Manerwadi,18.3844,73.7351,Other,Farm stay,10,2,3,3,8175,4.82,4.8,4.77,,,,,0,1,Luxury,4.75-5.0,Large,Available >30 Days
1.4314E+18,Pimpri-Chinchwad,Unknown,18.57976083,73.78712854,Private Room,Private room in home,2,1,1,1,3703,4.82,4.8,4.77,,,,,0,1,Mid-Range,4.75-5.0,Small,Available >30 Days
1.43317E+18,Pune,Unknown,18.56305,73.77372,Private Room,Private room in bed and breakfast,2,1,1,1,1403,4.58,4.74,4.53,4.48,4.5,4.71,4.76,66,1,Budget,4.5-4.75,Small,Available >30 Days
1.43395E+18,Pune,Unknown,18.5457,73.7789,Entire Home,Entire rental unit,6,1,1,1,3287,4.78,4.78,4.3,4.26,4.67,4.78,4.7,27,1,Mid-Range,4.75-5.0,Large,Available >30 Days
1.43457E+18,Pune,Unknown,18.54696,73.92008,Entire Home,Entire rental unit,3,1,1,1,2783,5,5,5,5,5,5,5,2,1,Mid-Range,4.75-5.0,Medium,Available >30 Days
1.52573E+18,Pune,Balewadi Phata,18.5661,73.7854,Private Room,Private room in apartment,3,1,1,1,3603,4.67,4.67,4.76,4.55,4.57,4.59,4.67,49,1,Mid-Range,4.5-4.75,Medium,Available >30 Days
1.52838E+18,Pune,Unknown,18.5761892,73.91367957,Entire Home,Entire rental unit,4,1,1,1,2794,4.81,4.88,4.81,4.75,4.81,4.81,5,16,1,Mid-Range,4.75-5.0,Medium,Available >30 Days
1.52873E+18,Pune,Unknown,18.4202,73.7184,Entire Home,Entire guest suite,3,1,1,1,4817,4.5,4.5,5,5,4.5,5,5,2,1,Premium,4.0-4.5,Medium,Available >30 Days
1.60856E+18,Pune,Marunji,18.60640636,73.7336376,Entire Home,Entire rental unit,8,3,3,3,1726,4.82,4.8,4.77,,,,,0,1,Budget,4.75-5.0,Large,Available >30 Days
1.60881E+18,Pune,Unknown,18.57562618,73.91151149,Entire Home,Entire guest house,8,3,3,3,3480,4.86,4.57,5,5,5,5,5,7,1,Mid-Range,4.75-5.0,Large,Available >30 Days
1.60961E+18,Pune,Unknown,18.55574,73.78037,Entire Home,Entire home,10,3,3,3,11355,4.82,4.8,4.77,,,,,0,1,Luxury,4.75-5.0,Large,Available >30 Days
1.61016E+18,Pune,Unknown,18.562,73.7756,Hotel,Room in hotel,2,1,1,1,1758,5,5,4.88,5,5,5,5,8,1,Budget,4.75-5.0,Small,Available >30 Days
1.65559E+18,Pimpri-Chinchwad,Unknown,18.64556,73.8407,Private Room,Private room in rental unit,2,1,1,1,4911,4.82,4.8,4.77,,,,,0,1,Premium,4.75-5.0,Small,Available >30 Days
18541304,Pune,Unknown,18.5317,73.897,Entire Home,Entire rental unit,3,1,1,1,2999,4.79,4.89,4.76,4.77,4.83,4.88,4.87,204,1,Mid-Range,4.75-5.0,Medium,Available >30 Days
23471567,Pune,Kalyani Nagar,18.548,73.9037,Entire Home,Entire apartment,5,2,2,2,5385,4.84,4.97,4.8,4.69,4.78,4.97,4.93,61,1,Premium,4.75-5.0,Medium,Available >30 Days
8.54607E+17,Pune,Unknown,18.54979,73.96334,Entire Home,Castle,16,18,18,18,2174,4.82,4.8,4.77,,,,,0,1,Mid-Range,4.75-5.0,Large,Available >30 Days
8.57782E+17,Pimpri-Chinchwad,Unknown,18.5928,73.7417,Entire Home,Entire home,4,1,1,1,2100,1,2,1,1,1,2,1,1,1,Mid-Range,Below 3,Medium,Available >30 Days
8.72236E+17,Pune,Hinjawadi Phase 1,18.59012,73.72678,Entire Home,Entire rental unit,2,1,1,1,2349,3.5,4.5,4.5,3.5,4.5,5,5,2,1,Mid-Range,3.0-4.0,Small,Available >30 Days
8.72964E+17,Pune,Unknown,18.5649,73.91872,Private Room,Private room in rental unit,2,1,1,1,2327,4.4,5,5,4,4.4,5,4.6,5,1,Mid-Range,4.0-4.5,Small,Available >30 Days
1.14864E+18,Pune,Unknown,18.51281,73.92123,Entire Home,Entire rental unit,6,3,3,3,5028,4.82,4.8,4.77,,,,,0,1,Premium,4.75-5.0,Large,Available >30 Days
1.15729E+18,Pune,Gahunje,18.66949,73.70342,Entire Home,Entire rental unit,6,1,1,1,3555,5,5,5,5,5,5,5,6,1,Mid-Range,4.75-5.0,Large,Available >30 Days
1.15766E+18,Pune,Gahunje,18.66356,73.70844,Entire Home,Entire rental unit,4,2.5,2,2,6431,4.82,4.8,4.77,,,,,0,1,Premium,4.75-5.0,Medium,Available >30 Days
1.16293E+18,Pune,Anupam Park,18.5164,73.7819,Entire Home,Entire rental unit,4,2,1,1,2713,4.64,4.76,4.64,4.52,4.64,4.76,4.79,33,1,Mid-Range,4.5-4.75,Medium,Available >30 Days
1.1644E+18,Pune,Unknown,18.53523,73.89799,Entire Home,Entire rental unit,4,1,1,1,3625,4.85,4.92,4.87,4.77,4.89,4.92,4.93,61,1,Mid-Range,4.75-5.0,Medium,Available >30 Days
1.40988E+18,Phursungi,Unknown,18.4835,73.9542,Hotel,Room in hotel,2,1,1,1,1200,3,3,3,3,3,3,4.5,2,1,Budget,Below 3,Small,Available >30 Days
1.41344E+18,Pune,Unknown,18.49,73.7834,Other,Shipping container,2,1,1,1,1871,4.79,4.71,4.79,4.88,4.79,4.75,4.83,24,1,Budget,4.75-5.0,Small,Available >30 Days
1.4167E+18,Pune,Unknown,18.54634177,73.77853903,Entire Home,Entire rental unit,2,1,1,1,2631,2,4,2,2,2,4,1,1,1,Mid-Range,Below 3,Small,Available >30 Days
1.42082E+18,Pune,Unknown,18.4195,73.7396,Hotel,Room in hotel,2,1,1,1,2018,2,4,2,1,1,1,1,1,1,Mid-Range,Below 3,Small,Available >30 Days
1.53243E+18,Pune,Unknown,18.44290709,73.91927639,Private Room,Private room in apartment,3,1,1,1,2175,5,5,4,5,5,5,5,1,1,Mid-Range,4.75-5.0,Medium,Available >30 Days
1.53407E+18,Pune,Unknown,18.5304,73.8382,Private Room,Private room in apartment,2,1,1,1,3391,4.82,4.8,4.77,,,,,0,1,Mid-Range,4.75-5.0,Small,Available >30 Days
1.53829E+18,Pune,Unknown,18.46808,73.83171,Entire Home,Entire rental unit,4,2,2,2,2849,4.82,4.8,4.77,,,,,0,1,Mid-Range,4.75-5.0,Medium,Available >30 Days
1.61212E+18,Pimpri-Chinchwad,Punawale,18.62800343,73.74425231,Entire Home,Entire rental unit,3,1,1,1,2145,4.82,4.8,4.77,,,,,0,1,Mid-Range,4.75-5.0,Medium,Available >30 Days
1.61232E+18,Pune,Unknown,18.57668818,73.91327934,Entire Home,Entire rental unit,2,1,1,1,4378,3.5,5,3,3.5,3,5,4.5,2,1,Premium,3.0-4.0,Small,Available >30 Days
1.61233E+18,Pune,Unknown,18.5764,73.9119,Entire Home,Entire rental unit,2,1,1,1,2793,4.88,5,4.94,4.88,4.94,5,4.94,17,1,Mid-Range,4.75-5.0,Small,Available >30 Days
1.61235E+18,Pune,Unknown,18.5763133,73.91372257,Entire Home,Entire rental unit,2,1,1,1,4378,4.82,4.8,4.77,,,,,0,1,Premium,4.75-5.0,Small,Available >30 Days
1.61314E+18,Pune,Unknown,18.6131,73.9021,Entire Home,Entire apartment,2,2,1,1,2898,5,4.69,5,4.85,4.92,5,5,13,1,Mid-Range,4.75-5.0,Small,Available >30 Days
1.61426E+18,Pune,Unknown,18.5756,73.914,Entire Home,Entire rental unit,2,1,1,1,3143,5,4.67,4.67,5,4.67,5,5,3,1,Mid-Range,4.75-5.0,Small,Available >30 Days
1.61435E+18,Pune,Unknown,18.53927672,73.89751846,Entire Home,Entire rental unit,3,1,1,1,2186,4,4,4,3,3,4,5,1,1,Mid-Range,3.0-4.0,Medium,Available >30 Days
1.615E+18,Pune,Unknown,18.4486,73.9135,Entire Home,Entire home,10,5,5,5,24557,4.82,4.8,4.77,,,,,0,1,Luxury,4.75-5.0,Large,Available >30 Days
32883915,Pune,Unknown,18.5502,73.9574,Private Room,Private room in apartment,2,1,1,1,3098,4.95,5,4.81,4.76,4.95,4.95,5,21,1,Mid-Range,4.75-5.0,Small,Available >30 Days
40001284,Pune,Unknown,18.54763,73.79053,Entire Home,Entire apartment,4,2,2,2,6548,4.79,4.86,4.64,4.62,4.82,4.92,4.91,66,1,Premium,4.75-5.0,Medium,Available >30 Days
40793584,Pune,Mahesh Society,18.46679,73.85857,Entire Home,Entire rental unit,4,1,1,1,2653,4.7,4.75,4.5,4.55,4.75,4.8,4.9,20,1,Mid-Range,4.5-4.75,Medium,Available >30 Days
9.38345E+17,Pune,Unknown,18.57701,73.97006,Private Room,Private room in home,2,1,1,1,2455,4.45,4.48,4.66,4.38,4.45,4.76,4.76,29,1,Mid-Range,4.0-4.5,Small,Available >30 Days
9.39756E+17,Pimpri-Chinchwad,Gahunje,18.66155,73.70847,Entire Home,Entire rental unit,6,2,2,2,6839,4.71,4.86,4.86,4.71,4.86,4.57,4.71,7,1,Premium,4.5-4.75,Large,Available >30 Days
9.4114E+17,Pune,Unknown,18.56494,73.91178,Private Room,Private room in rental unit,2,1,1,1,2220,4,5,4,3,3,4,5,1,1,Mid-Range,3.0-4.0,Small,Available >30 Days
9.44106E+17,Pune,Hinjawadi Phase 1,18.5942,73.7342,Entire Home,Entire rental unit,4,2,2,2,3145,4.82,4.8,4.77,,,,,0,1,Mid-Range,4.75-5.0,Medium,Available >30 Days
9.54176E+17,Pune,Pallod Farms,18.5574,73.7928,Private Room,Private room in bungalow,2,1,1,1,1988,4.45,4.36,4.36,4.09,4.45,4.36,4.45,11,1,Budget,4.0-4.5,Small,Available >30 Days
9.61333E+17,Pune,Hinjawadi Phase 3,18.58145,73.69408,Entire Home,Entire apartment,6,2,2,2,4487,4.52,4.43,4.37,4.46,4.48,4.63,4.76,46,1,Premium,4.5-4.75,Large,Available >30 Days
9.66405E+17,Pune,Gahunje,18.66877,73.70542,Entire Home,Entire rental unit,4,2,2,2,20439,4.82,4.8,4.77,,,,,0,1,Luxury,4.75-5.0,Medium,Available >30 Days
9.68127E+17,Pimpri-Chinchwad,Marunji,18.60052,73.72448,Entire Home,Entire rental unit,2,1,1,1,2290,4.67,4.67,4.67,4.67,5,4.67,5,3,1,Mid-Range,4.5-4.75,Small,Available >30 Days
9.68627E+17,Pune,Unknown,18.55853,73.78037,Private Room,Private room in rental unit,2,1,1,1,1752,4.82,4.8,4.77,,,,,0,1,Budget,4.75-5.0,Small,Available >30 Days
9.70931E+17,Pimpri-Chinchwad,Gahunje,18.66098,73.7102,Entire Home,Entire rental unit,3,1,1,1,3965,4.94,4.86,4.91,4.83,4.9,4.97,4.96,120,1,Mid-Range,4.75-5.0,Medium,Available >30 Days
9.72742E+17,Pune,Unknown,18.57186,73.90653,Private Room,Private room in rental unit,3,1,1,1,2200,4.82,4.8,4.77,,,,,0,1,Mid-Range,4.75-5.0,Medium,Available >30 Days
9.72761E+17,Pune,Unknown,18.53783,73.90927,Private Room,Private room in rental unit,3,1,1,1,1800,4.82,4.8,4.77,,,,,0,1,Budget,4.75-5.0,Medium,Available >30 Days
1.22983E+18,Pune,Unknown,18.5512,73.7766,Hotel,Room in hotel,2,1,1,1,1610,4.5,4.5,4.25,4.5,4.5,4.75,4.75,4,1,Budget,4.0-4.5,Small,Available >30 Days
1.23257E+18,Pimpri-Chinchwad,Shankar Kalat Nagar,18.5974,73.7553,Entire Home,Entire apartment,4,2,2,2,4570,4.89,4.94,4.83,4.83,4.89,4.89,4.89,18,1,Premium,4.75-5.0,Medium,Available >30 Days
1.4041E+18,Pune,Unknown,18.52442007,73.95739022,Entire Home,Entire rental unit,3,1,1,1,1788,4.85,4.46,4.69,4.69,4.62,4.77,4.77,13,1,Budget,4.75-5.0,Medium,Available >30 Days
1.40987E+18,Phursungi,Unknown,18.48415,73.95516,Hotel,Room in hotel,2,1,1,1,1400,4.82,4.8,4.77,,,,,0,1,Budget,4.75-5.0,Small,Available >30 Days
1.51377E+18,Pune,Unknown,18.5756,73.914,Entire Home,Entire rental unit,4,1,1,1,2883,4.38,4.62,4.54,4.23,4.23,4.77,4.08,13,1,Mid-Range,4.0-4.5,Medium,Available >30 Days
1.59644E+18,Pune,Unknown,18.57613153,73.91293751,Entire Home,Entire rental unit,4,1,1,1,2619,5,5,5,5,5,5,5,2,1,Mid-Range,4.75-5.0,Medium,Available >30 Days
1.59727E+18,Pune,Samarth Colony,18.55242821,73.77862531,Entire Home,Entire villa,2,1,1,1,3361,5,5,5,4,4,2,3,1,1,Mid-Range,4.75-5.0,Small,Available >30 Days
1.59803E+18,Pune,Unknown,18.5256639,73.94643419,Entire Home,Entire rental unit,4,1,1,1,3249,4.82,4.8,4.77,,,,,0,1,Mid-Range,4.75-5.0,Medium,Available >30 Days
1.59979E+18,Pune,Bhugaon,18.50504576,73.74726573,Entire Home,Entire home,12,3,3,3,11366,4.82,4.8,4.77,,,,,0,1,Luxury,4.75-5.0,Large,Available >30 Days
1.08803E+18,Pune,Unknown,18.46823697,73.8243754,Private Room,Private room in rental unit,1,1,1,1,1473,4.82,4.8,4.77,,,,,0,1,Budget,4.75-5.0,Small,Available >30 Days
1.0891E+18,Pune,Kondhwa Budruk,18.4519,73.8772,Entire Home,Entire home,16,2.5,3,3,11692,5,4,5,4,4,5,5,1,1,Luxury,4.75-5.0,Large,Available >30 Days
1.09619E+18,Pune,Unknown,18.4628,73.9152,Hotel,Room in boutique hotel,3,1,1,1,5309,4.75,4.63,4.75,4.75,4.63,4.75,4.75,8,1,Premium,4.5-4.75,Medium,Available >30 Days
1.09776E+18,Pune,Unknown,18.61361,73.93995,Other,Farm stay,14,3,3,3,12606,4.82,4.54,4.83,4.67,4.78,4.8,4.82,92,1,Luxury,4.75-5.0,Large,Available >30 Days
1.32598E+18,Pune,Unknown,18.5206,73.8457,Entire Home,Entire rental unit,6,3,3,3,14032,4.75,5,4.63,4.81,4.81,5,5,16,1,Luxury,4.5-4.75,Large,Available >30 Days
1.33131E+18,Pune,Unknown,18.5535,73.8977,Shared Room,Shared room in hostel,1,2,1,1,792,5,5,5,5,5,5,5,5,1,Budget,4.75-5.0,Small,Available >30 Days
1.33657E+18,Pune,Unknown,18.53803,73.90068,Private Room,Private room in apartment,2,1,1,1,1864,5,5,5,5,5,5,5,4,1,Budget,4.75-5.0,Small,Available >30 Days
1.33824E+18,Pune,Gahunje,18.67539,73.70688,Entire Home,Entire rental unit,4,1,1,1,4518,4.96,4.88,4.92,4.88,4.92,4.75,4.92,24,1,Premium,4.75-5.0,Medium,Available >30 Days
1.33854E+18,Pune,Unknown,18.54476046,73.77740953,Entire Home,Entire rental unit,4,1,1,1,3192,5,5,5,4.89,4.78,5,5,9,1,Mid-Range,4.75-5.0,Medium,Available >30 Days
1.4815E+18,Pune,Unknown,18.57448389,73.91441976,Entire Home,Entire rental unit,3,1,1,1,2806,5,5,5,4.83,4.87,5,4.87,23,1,Mid-Range,4.75-5.0,Medium,Available >30 Days
1.54872E+18,Pune,Unknown,18.54127774,73.88666023,Entire Home,Entire rental unit,2,1,1,1,2822,5,5,5,5,5,4.33,4.67,3,1,Mid-Range,4.75-5.0,Small,Available >30 Days
1.55009E+18,Pune,Unknown,18.5204,73.9399,Entire Home,Entire rental unit,3,1,1,1,2972,5,4.86,5,4.79,4.86,5,5,14,1,Mid-Range,4.75-5.0,Medium,Available >30 Days
1.61679E+18,Pimpri-Chinchwad,Gandhipeth,18.63148955,73.78260398,Private Room,Private room in rental unit,3,1,1,1,1237,4.82,4.8,4.77,,,,,0,1,Budget,4.75-5.0,Medium,Available >30 Days
1.61803E+18,Pune,Marunji,18.6057,73.7259,Hotel,Room in hotel,2,1,1,1,1362,4.82,4.8,4.77,,,,,0,1,Budget,4.75-5.0,Small,Available >30 Days
1.61869E+18,Pimpri-Chinchwad,Unknown,18.70427,73.78541,Entire Home,Entire home,6,6,3,3,13871,4.82,4.8,4.77,,,,,0,1,Luxury,4.75-5.0,Large,Available >30 Days
52195859,Pune,Unknown,18.5256,73.76978,Private Room,Private room in serviced apartment,2,7,7,7,3391,4.82,4.8,4.77,,,,,0,1,Mid-Range,4.75-5.0,Small,Available >30 Days
9.77243E+17,Pune,Unknown,18.53271,73.91689,Private Room,Private room in bed and breakfast,3,1,1,1,1531,4.88,4.79,4.91,4.82,4.79,4.8,4.8,56,1,Budget,4.75-5.0,Medium,Available >30 Days
9.80382E+17,Pune,Baner Gaon,18.5614,73.7846,Entire Home,Entire rental unit,6,2.5,2,2,3824,4.68,4.74,4.63,4.79,4.47,4.63,4.74,19,1,Mid-Range,4.5-4.75,Large,Available >30 Days
1.00301E+18,Pune,Unknown,18.52848,73.95918,Serviced Apartment,Entire serviced apartment,6,2,2,2,1636,4.89,4.82,4.9,4.85,4.84,4.95,4.92,62,1,Budget,4.75-5.0,Large,Available >30 Days
1.00515E+18,Pune,Unknown,18.5395,73.8946,Serviced Apartment,Entire serviced apartment,7,3,3,3,7226,4.71,5,4.57,4.57,4.57,4.71,4.86,7,1,Luxury,4.5-4.75,Large,Available >30 Days
1.00947E+18,Pune,Unknown,18.55364,73.80079,Entire Home,Entire apartment,5,2,2,2,3970,4.86,4.76,4.79,4.66,4.79,4.9,4.83,29,1,Mid-Range,4.75-5.0,Medium,Available >30 Days
1.01354E+18,Pune,Balewadi High Street,18.5753,73.7719,Private Room,Private room in apartment,2,1,1,1,1543,4.93,4.73,4.93,4.79,4.88,4.93,4.95,56,1,Budget,4.75-5.0,Small,Available >30 Days
1.28951E+18,Pune,Unknown,18.55297565,73.9691675,Entire Home,Entire apartment,4,2,2,2,4000,4.81,4.22,4.89,4.56,4.86,4.86,4.94,36,1,Mid-Range,4.75-5.0,Medium,Available >30 Days
1.28956E+18,Pune,Unknown,18.5663322,73.96320782,Entire Home,Entire apartment,2,1,1,1,2221,4.69,4.38,4.54,4.46,4.69,4.92,4.92,13,1,Mid-Range,4.5-4.75,Small,Available >30 Days
1.29193E+18,Pune,Mhalunge,18.5703,73.7628,Entire Home,Entire apartment,4,3,2,2,5140,4.84,4.57,4.69,4.73,4.84,4.92,4.92,49,1,Premium,4.75-5.0,Medium,Available >30 Days
1.5425E+18,Pune,Unknown,18.56678683,73.90584707,Entire Home,Entire guest house,6,3,3,3,7135,2,5,3,2,3,2,3,1,1,Luxury,Below 3,Large,Available >30 Days
1.54291E+18,Pune,Unknown,18.5918,73.7436,Entire Home,Entire apartment,4,2,2,2,4092,4.92,5,4.77,4.92,5,5,5,13,1,Premium,4.75-5.0,Medium,Available >30 Days
1.62072E+18,Pune,Unknown,18.54059,73.92256,Entire Home,Entire rental unit,3,1,1,1,3121,1,3,1,2,2,2,1,1,1,Mid-Range,Below 3,Medium,Available >30 Days
1.62391E+18,Pune,Unknown,18.56138984,73.91731254,Hotel,Room in boutique hotel,3,1,1,1,1695,4.82,4.8,4.77,,,,,0,1,Budget,4.75-5.0,Medium,Available >30 Days
4206308,Pune,Unknown,18.5329,73.8971,Private Room,Private room in apartment,2,1,1,1,2104,4.82,4.9,4.85,4.76,4.84,4.9,4.91,274,1,Mid-Range,4.75-5.0,Small,Available >30 Days
45004306,Pune,Unknown,18.53697,73.89945,Private Room,Private room in rental unit,2,1,1,1,1754,5,5,5,4,5,5,5,1,1,Budget,4.75-5.0,Small,Available >30 Days
46745126,Pune,Shivneri Park,18.5649,73.77732,Hotel,Room in aparthotel,2,1,1,1,4326,4.82,4.8,4.77,,,,,0,1,Premium,4.75-5.0,Small,Available >30 Days
47226389,Pune,Unknown,18.54289,73.88808,Private Room,Private room in tiny home,3,1,1,1,1987,4.82,4.8,4.77,,,,,0,1,Budget,4.75-5.0,Medium,Available >30 Days
1.33971E+18,Pune,Unknown,18.5969,73.9021,Private Room,Private room in bungalow,2,1,1,1,2455,4.93,4.74,4.85,4.81,4.93,4.89,4.93,27,1,Mid-Range,4.75-5.0,Small,Available >30 Days
1.33972E+18,Pune,Unknown,18.5971,73.9019,Private Room,Private room in bungalow,2,1,1,1,2572,4.83,4.67,4.89,4.39,4.72,4.94,4.83,18,1,Mid-Range,4.75-5.0,Small,Available >30 Days
1.34058E+18,Pune,Unknown,18.57588232,73.89357346,Private Room,Private room in apartment,1,1,1,1,1940,4.95,4.93,4.91,4.74,4.91,4.95,4.93,43,1,Budget,4.75-5.0,Small,Available >30 Days
1.34126E+18,Pune,Unknown,18.5658,73.9579,Entire Home,Entire rental unit,3,1,1,1,2896,4.82,4.8,4.77,,,,,0,1,Mid-Range,4.75-5.0,Medium,Available >30 Days
1.34212E+18,Pune,Unknown,18.5653,73.9131,Private Room,Private room in home,2,1,1,1,1826,5,4.94,4.88,4.82,4.94,4.94,5,17,1,Budget,4.75-5.0,Small,Available >30 Days
1.34996E+18,Pune,Unknown,18.53223967,73.913056,Entire Home,Entire rental unit,2,1,1,1,1810,4.44,3.92,4.5,4.22,4.39,4.58,4.72,36,1,Budget,4.0-4.5,Small,Available >30 Days
1.48313E+18,Pune,Unknown,18.54924668,73.94735919,Hotel,Room in hotel,2,1,1,1,2504,4.67,4.67,4.67,4.67,5,4.5,4.67,6,1,Mid-Range,4.5-4.75,Small,Available >30 Days
1.48369E+18,Pune,Unknown,18.57491177,73.91475392,Entire Home,Entire rental unit,4,1,1,1,4534,4.75,4.89,4.67,4.69,4.81,4.89,4.89,36,1,Premium,4.5-4.75,Medium,Available >30 Days
1.56852E+18,Pune,Balewadi Phata,18.5669,73.7867,Entire Home,Entire rental unit,2,1,1,1,2800,4.69,4.54,4.62,4.54,4.62,4.69,4.62,13,1,Mid-Range,4.5-4.75,Small,Available >30 Days
1.5688E+18,Pune,Unknown,18.58378124,73.97349428,Private Room,Private room in home,3,1,1,1,3642,5,4.88,4.96,4.88,4.88,4.96,5,24,1,Mid-Range,4.75-5.0,Medium,Available >30 Days
1.5704E+18,Pune,Unknown,18.57607839,73.91170703,Private Room,Private room in rental unit,2,1,1,1,2471,4.82,4.8,4.77,,,,,0,1,Mid-Range,4.75-5.0,Small,Available >30 Days
1.57153E+18,Pune,Unknown,18.50073,73.9475,Private Room,Private room in bed and breakfast,6,2,2,2,1579,4.82,4.8,4.77,,,,,0,1,Budget,4.75-5.0,Large,Available >30 Days
1.573E+18,Pune,Unknown,18.60181966,73.73933899,Entire Home,Entire rental unit,2,1,1,1,2136,2,4,3,3,4,4,4,1,1,Mid-Range,Below 3,Small,Available >30 Days
1.57525E+18,Pimpri-Chinchwad,Gahunje,18.65936,73.70323,Entire Home,Entire rental unit,4,1,1,1,2462,5,5,5,5,5,5,5,2,1,Mid-Range,4.75-5.0,Medium,Available >30 Days
1.62981E+18,Pune,Unknown,18.54088,73.92166,Entire Home,Entire rental unit,2,1,1,1,2440,5,4.92,5,5,4.92,5,5,13,1,Mid-Range,4.75-5.0,Small,Available >30 Days
1.63326E+18,Pune,Anupam Park,18.51487,73.77653,Private Room,Private room in apartment,2,1,1,1,2338,5,5,5,5,5,5,5,1,1,Mid-Range,4.75-5.0,Small,Available >30 Days
1.63377E+18,Pune,Unknown,18.58278643,73.76333299,Entire Home,Entire rental unit,3,1,1,1,1952,4.82,4.8,4.77,,,,,0,1,Budget,4.75-5.0,Medium,Available >30 Days
1.63391E+18,Pimpri-Chinchwad,Gahunje,18.66254436,73.71070595,Entire Home,Entire rental unit,4,1,1,1,2380,4.82,4.8,4.77,,,,,0,1,Mid-Range,4.75-5.0,Medium,Available >30 Days
5.73375E+17,Pune,Unknown,18.54090372,73.89024681,Private Room,Private room in apartment,2,1,1,1,1356,4.8,4.8,4.57,4.77,4.74,4.8,4.77,35,1,Budget,4.75-5.0,Small,Available >30 Days
6.11712E+17,Pune,Shivneri Park,18.56499,73.77937,Entire Home,Entire villa,12,2.5,3,3,7240,4.41,4.61,4.22,4.29,4.37,4.54,4.54,41,1,Luxury,4.0-4.5,Large,Available >30 Days
1.0635E+18,Pune,Gahunje,18.66462,73.70601,Entire Home,Entire rental unit,2,1.5,1,1,3134,4.82,4.8,4.77,,,,,0,1,Mid-Range,4.75-5.0,Small,Available >30 Days
1.06361E+18,Pune,Unknown,18.53221,73.9121,Entire Home,Entire apartment,2,1,1,1,2212,4,4.5,4.5,4,4.5,4.5,4.5,2,1,Mid-Range,3.0-4.0,Small,Available >30 Days
1.06733E+18,Pune,Unknown,18.56094,73.81131,Entire Home,Entire apartment,3,1,1,1,2584,4.82,4.95,4.74,4.68,4.85,4.89,4.96,73,1,Mid-Range,4.75-5.0,Medium,Available >30 Days
1.06772E+18,Pune,Unknown,18.5493,73.8179,Entire Home,Entire rental unit,6,3,3,3,5490,4.52,4.65,4.69,4.44,4.53,4.52,4.41,75,1,Premium,4.5-4.75,Large,Available >30 Days
1.30448E+18,Pune,Samarth Colony,18.55489,73.78066,Private Room,Private room in apartment,3,1,1,1,2058,4.86,4.71,4.57,4.57,4.43,4.57,4.57,7,1,Mid-Range,4.75-5.0,Medium,Available >30 Days
1.30881E+18,Pune,Balewadi High Street,18.571,73.7743,Private Room,Private room in rental unit,2,1,1,1,1986,4.77,4.85,4.85,4.23,4.85,4.85,4.92,13,1,Budget,4.75-5.0,Small,Available >30 Days
1.31229E+18,Pune,Unknown,18.54535269,73.77965603,Entire Home,Entire rental unit,3,1,1,1,3627,5,4.94,5,4.94,5,5,5,16,1,Mid-Range,4.75-5.0,Medium,Available >30 Days
1.46866E+18,Pimpri-Chinchwad,Unknown,18.66753,73.82415,Entire Home,Entire rental unit,5,2,2,2,2849,4.7,4.6,4.55,4.7,4.8,4.8,4.85,20,1,Mid-Range,4.5-4.75,Medium,Available >30 Days
1.47154E+18,Pune,Unknown,18.56024011,73.91712953,Hotel,Room in boutique hotel,2,1,1,1,2169,4.82,4.8,4.77,,,,,0,1,Mid-Range,4.75-5.0,Small,Available >30 Days
1.47227E+18,Pune,Unknown,18.51950582,73.93297139,Hotel,Room in boutique hotel,3,1,1,1,3793,4.82,4.8,4.77,,,,,0,1,Mid-Range,4.75-5.0,Medium,Available >30 Days
1.47265E+18,Pune,Unknown,18.5466265,73.77805416,Entire Home,Entire rental unit,5,1,1,1,3033,4.69,4.75,4.69,4.69,4.75,4.75,4.75,16,1,Mid-Range,4.5-4.75,Medium,Available >30 Days
1.47377E+18,Pune,Unknown,18.5915,73.9094,Entire Home,Entire rental unit,2,1,1,1,1522,4.4,4.2,4.4,4.2,4.4,4.4,4.6,5,1,Budget,4.0-4.5,Small,Available >30 Days
1.47391E+18,Pune,Unknown,18.54864,73.92198,Private Room,Private room in rental unit,2,1,1,1,1286,4.82,4.8,4.77,,,,,0,1,Budget,4.75-5.0,Small,Available >30 Days
1.55507E+18,Pune,Unknown,18.54082988,73.89762377,Entire Home,Entire rental unit,2,1,1,1,2590,4.82,4.8,4.77,,,,,0,1,Mid-Range,4.75-5.0,Small,Available >30 Days
1.62617E+18,Pune,Unknown,18.55,73.9442,Entire Home,Entire rental unit,2,2,2,2,2409,4.82,4.8,4.77,,,,,0,1,Mid-Range,4.75-5.0,Small,Available >30 Days
1.6272E+18,Pune,Unknown,18.51466609,73.8340237,Hotel,Room in boutique hotel,2,1,1,1,3344,4.82,4.8,4.77,,,,,0,1,Mid-Range,4.75-5.0,Small,Available >30 Days
1.62806E+18,Pimpri-Chinchwad,Punawale,18.62743,73.74514,Entire Home,Entire rental unit,2,1.5,1,1,3783,4.82,4.8,4.77,,,,,0,1,Mid-Range,4.75-5.0,Small,Available >30 Days
47818855,Pune,Unknown,18.40007,73.76226,Entire Home,Entire place,16,4.5,2,2,5954,4.29,4.14,4.43,3.57,4.14,4.43,4.29,7,1,Premium,4.0-4.5,Large,Available >30 Days
50450526,Pune,Unknown,18.48204,73.90338,Private Room,Private room in apartment,2,2,2,2,3905,5,4.75,5,4.75,5,4.75,5,4,1,Mid-Range,4.75-5.0,Small,Available >30 Days
1.07357E+18,Pune,Unknown,18.54988006,73.76763626,Entire Home,Entire bungalow,16,3,3,3,6080,5,5,5,5,5,5,5,3,1,Premium,4.75-5.0,Large,Available >30 Days
1.31719E+18,Pune,Unknown,18.58348025,73.96955749,Entire Home,Entire rental unit,4,2,2,2,3122,4.81,4.78,4.59,4.81,4.89,4.93,4.96,27,1,Mid-Range,4.75-5.0,Medium,Available >30 Days
1.32428E+18,Pune,Gahunje,18.6745,73.7065,Entire Home,Entire apartment,4,1,1,1,3600,4.96,4.97,4.96,4.93,4.97,4.97,4.97,72,1,Mid-Range,4.75-5.0,Medium,Available >30 Days
1.44761E+18,Pune,Unknown,18.5466,73.7512,Serviced Apartment,Entire serviced apartment,4,1,1,1,1402,5,5,5,5,5,5,5,1,1,Budget,4.75-5.0,Medium,Available >30 Days
1.45586E+18,Dattwadi,Tathawade,18.61245,73.74383,Entire Home,Entire rental unit,3,1,1,1,2041,4.82,4.8,4.77,,,,,0,1,Mid-Range,4.75-5.0,Medium,Available >30 Days
1.57591E+18,Pune,Unknown,18.60006536,73.75187043,Private Room,Private room in rental unit,2,1,1,1,1435,5,5,4,5,5,5,5,2,1,Budget,4.75-5.0,Small,Available >30 Days
1.57686E+18,Pune,Unknown,18.46831881,73.76337087,Private Room,Private room in guest house,2,1,1,1,1145,4.82,4.8,4.77,,,,,0,1,Budget,4.75-5.0,Small,Available >30 Days
1.57745E+18,Pune,Unknown,18.5757,73.9143,Entire Home,Entire rental unit,2,1,1,1,3391,5,5,5,5,5,5,5,7,1,Mid-Range,4.75-5.0,Small,Available >30 Days
1.58172E+18,Pune,Unknown,18.57531927,73.91400651,Entire Home,Entire rental unit,2,1,1,1,2926,4.64,4.64,4.55,4.36,4.55,4.82,4.91,11,1,Mid-Range,4.5-4.75,Small,Available >30 Days
1.63885E+18,Pimpri-Chinchwad,Unknown,18.66198102,73.72446799,Entire Home,Entire rental unit,4,1,1,1,3584,4.82,4.8,4.77,,,,,0,1,Mid-Range,4.75-5.0,Medium,Available >30 Days
1.63891E+18,Pune,Unknown,18.5973,73.9299,Entire Home,Entire rental unit,3,1,1,1,3747,4.82,4.8,4.77,,,,,0,1,Mid-Range,4.75-5.0,Medium,Available >30 Days
1.6393E+18,Pune,Unknown,18.51209,73.93555,Entire Home,Entire rental unit,2,1,1,1,2619,5,5,5,5,5,5,5,1,1,Mid-Range,4.75-5.0,Small,Available >30 Days
1.64125E+18,Pune,Balewadi Phata,18.5671,73.7862,Entire Home,Entire rental unit,2,1,1,1,2619,4.82,4.8,4.77,,,,,0,1,Mid-Range,4.75-5.0,Small,Available >30 Days
1.64127E+18,Marunji,Unknown,18.60366682,73.73619898,Private Room,Private room in rental unit,16,3,10,10,1016,4.82,4.8,4.77,,,,,0,1,Budget,4.75-5.0,Large,Available >30 Days
7.73438E+17,Pune,Bhiwari,18.37982,73.92258,Other,Farm stay,2,1,1,1,1754,4.82,4.8,4.77,,,,,0,1,Budget,4.75-5.0,Small,Available >30 Days
7.73721E+17,Pune,Unknown,18.53171,73.89554,Serviced Apartment,Entire serviced apartment,5,3,3,3,7714,5,5,4.5,4.5,4.5,5,5,2,1,Luxury,4.75-5.0,Medium,Available >30 Days
7.9099E+17,Gorhe Khurd,Gorhe,18.4083,73.7507,Other,Farm stay,16,3,3,3,8208,4.13,4.13,3.88,3.75,4,4.25,4.38,8,1,Luxury,4.0-4.5,Large,Available >30 Days
1.21379E+18,Pune,Unknown,18.54257,73.88806,Private Room,Private room in rental unit,2,1,1,1,1262,4,3.57,3.86,4,4,4,4.29,7,1,Budget,3.0-4.0,Small,Available >30 Days
1.22441E+18,Pune,Unknown,18.5639,73.7765,Private Room,Private room in bed and breakfast,2,1,1,1,1427,4.65,4.91,4.67,4.67,4.65,4.93,4.84,43,1,Budget,4.5-4.75,Small,Available >30 Days
1.22751E+18,Pune,Unknown,18.4938,73.8607,Entire Home,Entire rental unit,6,1,1,1,2514,4.79,4.72,4.74,4.74,4.79,4.77,4.7,57,1,Mid-Range,4.75-5.0,Large,Available >30 Days
1.35365E+18,Pune,Unknown,18.4779,73.8245,Entire Home,Entire rental unit,4,1,1,1,1078,4,5,3.5,3.5,4.5,4,4.5,2,1,Budget,3.0-4.0,Medium,Available >30 Days
1.35409E+18,Pune,Unknown,18.5555,73.9527,Private Room,Private room in guest house,2,1,4,4,2220,4.6,4.6,4.6,4,4.6,4.8,4.6,5,1,Mid-Range,4.5-4.75,Small,Available >30 Days
1.35933E+18,Pune,Gahunje,18.66001512,73.70519121,Entire Home,Entire rental unit,2,1,1,1,3215,4.82,5,4.91,4.82,4.91,4.91,4.91,11,1,Mid-Range,4.75-5.0,Small,Available >30 Days
1.35946E+18,Pune,Unknown,18.5413,73.9226,Entire Home,Tiny home,2,1,1,1,2090,4.69,4.75,4.75,4.69,4.75,5,5,16,1,Mid-Range,4.5-4.75,Small,Available >30 Days
1.35996E+18,Pune,Unknown,18.51348683,73.94164674,Private Room,Private room in rental unit,2,1,1,1,2550,4.82,4.8,4.77,,,,,0,1,Mid-Range,4.75-5.0,Small,Available >30 Days
1.36372E+18,Pune,Unknown,18.5454,73.7778,Entire Home,Entire rental unit,2,1,1,1,3655,4.77,4.91,4.7,4.68,4.77,4.8,4.95,44,1,Mid-Range,4.75-5.0,Small,Available >30 Days
1.3638E+18,Pune,Gahunje,18.67327387,73.70696511,Entire Home,Entire rental unit,4,1,1,1,3306,4.8,4.8,4.85,4.67,4.8,4.85,4.8,46,1,Mid-Range,4.75-5.0,Medium,Available >30 Days
1.36502E+18,Dattwadi,Tathawade,18.61410948,73.74556836,Entire Home,Entire rental unit,2,1,1,1,3462,4.82,4.8,4.77,,,,,0,1,Mid-Range,4.75-5.0,Small,Available >30 Days
1.50209E+18,Pune,Unknown,18.548,73.9479,Hotel,Room in hotel,2,1,1,1,2875,4,4,4,4,4,4,4,1,1,Mid-Range,3.0-4.0,Small,Available >30 Days
1.50215E+18,Pune,Unknown,18.59315103,74.00573767,Entire Home,Entire home,10,3,3,3,9537,5,5,5,5,5,3.5,5,2,1,Luxury,4.75-5.0,Large,Available >30 Days
1.50285E+18,Pune,Unknown,18.5757,73.9142,Entire Home,Entire rental unit,2,1,1,1,2819,4.84,4.79,5,4.89,4.89,5,4.95,19,1,Mid-Range,4.75-5.0,Small,Available >30 Days
1.58744E+18,Pune,Gahunje,18.6622,73.7081,Entire Home,Entire rental unit,4,2,2,2,4428,4.82,4.8,4.77,,,,,0,1,Premium,4.75-5.0,Medium,Available >30 Days
1.58744E+18,Pune,Unknown,18.48044807,73.80371953,Private Room,Private room in bed and breakfast,4,1,1,4,1703,5,5,5,5,5,5,5,1,1,Budget,4.75-5.0,Medium,Available >30 Days
1.64256E+18,Pune,Unknown,18.54776264,73.74636862,Serviced Apartment,Entire serviced apartment,4,1,1,1,1588,4.82,4.8,4.77,,,,,0,1,Budget,4.75-5.0,Medium,Available >30 Days
1.64343E+18,Pimpri-Chinchwad,Shankar Kalat Nagar,18.62988255,73.74280851,Entire Home,Entire rental unit,3,1,1,1,2269,4.82,4.8,4.77,,,,,0,1,Mid-Range,4.75-5.0,Medium,Available >30 Days
1.64364E+18,Pune,Unknown,18.5472,73.7474,Serviced Apartment,Entire serviced apartment,4,1,1,1,1588,4.82,4.8,4.77,,,,,0,1,Budget,4.75-5.0,Medium,Available >30 Days
1.6455E+18,Pune,Unknown,18.5568,73.948,Hotel,Room in hotel,3,1,5,5,1562,4.82,4.8,4.77,,,,,0,1,Budget,4.75-5.0,Medium,Available >30 Days
1.64563E+18,Pune,Unknown,18.58310527,73.76469747,Entire Home,Entire apartment,3,1,1,1,2700,4.82,4.8,4.77,,,,,0,1,Mid-Range,4.75-5.0,Medium,Available >30 Days
1.64569E+18,Pune,Unknown,18.56455,73.77048,Private Room,Private room in bungalow,2,1,1,1,3406,4.82,4.8,4.77,,,,,0,1,Mid-Range,4.75-5.0,Small,Available >30 Days
1.64652E+18,Pimpri-Chinchwad,Unknown,18.6878,73.8314,Private Room,Private room in rental unit,2,2,1,1,1495,4.82,4.8,4.77,,,,,0,1,Budget,4.75-5.0,Small,Available >30 Days
6.76367E+17,Pune,Unknown,18.55381,73.89883,Shared Room,Shared room in holiday home,7,1,1,1,1103,5,5,5,5,5,5,5,1,1,Budget,4.75-5.0,Large,Available >30 Days
6.78599E+17,Bhagatwadi,Vaswewadi,18.367,73.72506,Private Room,Private room in hut,3,1,1,1,2221,5,5,5,5,4,4,5,1,1,Mid-Range,4.75-5.0,Medium,Available >30 Days
6.82471E+17,Pune,Parkhe Vasti,18.5909,73.7444,Entire Home,Entire rental unit,4,2,2,2,2829,4.91,4.87,4.82,4.85,4.88,4.95,4.96,151,1,Mid-Range,4.75-5.0,Medium,Available >30 Days
1.13599E+18,Pune,Unknown,18.5538,73.9398,Private Room,Private room in serviced apartment,3,1,2,2,3484,4.82,4.8,4.77,,,,,0,1,Mid-Range,4.75-5.0,Medium,Available >30 Days
1.37949E+18,Pune,Unknown,18.54506,73.7787,Entire Home,Entire rental unit,2,1,1,1,2922,3.67,5,3.67,3.33,4,5,4.33,3,1,Mid-Range,3.0-4.0,Small,Available >30 Days
1.39033E+18,Pune,Unknown,18.50339645,73.826315,Entire Home,Entire rental unit,4,2,2,2,7016,4.82,4.8,4.77,,,,,0,1,Luxury,4.75-5.0,Medium,Available >30 Days
1.3912E+18,Pimpri-Chinchwad,Unknown,18.654,73.8035,Entire Home,Entire apartment,4,2,2,2,4630,5,4.94,5,4.94,4.94,4.88,4.94,16,1,Premium,4.75-5.0,Medium,Available >30 Days
1.50502E+18,Pune,Unknown,18.5757,73.9142,Entire Home,Entire rental unit,2,1,1,1,2923,1,1,3,1,1,1,1,1,1,Mid-Range,Below 3,Small,Available >30 Days
1.51104E+18,Pune,Unknown,18.51519137,73.8778234,Hotel,Room in boutique hotel,2,1,1,1,2133,3,5,3,4,4,4,3,1,1,Mid-Range,Below 3,Small,Available >30 Days
1.59125E+18,Pune,Gahunje,18.6745,73.7065,Entire Home,Entire rental unit,4,1,1,1,3508,4.82,4.8,4.77,,,,,0,1,Mid-Range,4.75-5.0,Medium,Available >30 Days
15915474,Pune,Unknown,18.5694,73.7424,Entire Home,Entire rental unit,3,1.5,1,1,2549,4.5,4.5,5,4.5,5,5,5,2,1,Mid-Range,4.0-4.5,Medium,Available >30 Days
1.64902E+18,Pimpri-Chinchwad,Gahunje,18.662,73.7098,Entire Home,Entire rental unit,4,2,2,2,7041,4.82,4.8,4.77,,,,,0,1,Luxury,4.75-5.0,Medium,Available >30 Days
1.65057E+18,Pune,Unknown,18.57583,73.91456,Entire Home,Entire rental unit,3,1,1,1,3555,4.82,4.8,4.77,,,,,0,1,Mid-Range,4.75-5.0,Medium,Available >30 Days
8.00013E+17,Pune,Unknown,18.55986,73.92375,Private Room,Private room in home,3,1,1,1,2338,4.82,4.8,4.77,,,,,0,1,Mid-Range,4.75-5.0,Medium,Available >30 Days
8.07971E+17,Pune,Balewadi Phata,18.56098,73.78053,Entire Home,Entire rental unit,7,2,2,2,2985,4.67,4.56,4.67,4.67,4.56,4.89,4.67,9,1,Mid-Range,4.5-4.75,Large,Available >30 Days
8.24278E+17,Pune,Unknown,18.46536,73.91785,Private Room,Private room in home,3,1,1,1,4677,4.5,5,4.5,4.5,4.5,5,5,2,1,Premium,4.0-4.5,Medium,Available >30 Days
1.18178E+18,Pune,Unknown,18.5204,73.9399,Entire Home,Entire apartment,3,1,1,1,3954,4.91,4.84,4.97,4.88,4.88,4.97,4.97,32,1,Mid-Range,4.75-5.0,Medium,Available >30 Days
1.3654E+18,Pune,Unknown,18.54874081,73.76878081,Entire Home,Entire rental unit,4,1,1,1,3040,4.69,4.81,4.65,4.58,4.81,4.65,4.88,26,1,Mid-Range,4.5-4.75,Medium,Available >30 Days
1.37095E+18,Pune,Unknown,18.57500715,73.90795376,Private Room,Private room in rental unit,2,1,1,1,2550,4.82,4.8,4.77,,,,,0,1,Mid-Range,4.75-5.0,Small,Available >30 Days
1.37096E+18,Pune,Unknown,18.5152,73.93306,Private Room,Private room in rental unit,2,1,1,1,2450,4.82,4.8,4.77,,,,,0,1,Mid-Range,4.75-5.0,Small,Available >30 Days
1.3776E+18,Pune,Prosperity Society,18.4865018,73.82455669,Private Room,Private room in bed and breakfast,2,1,1,1,3788,4.9,4.9,4.5,4.6,5,4.9,5,10,1,Mid-Range,4.75-5.0,Small,Available >30 Days
1.48756E+18,Pune,Unknown,18.5744855,73.91344175,Entire Home,Entire rental unit,4,1,1,1,2794,4.85,4.94,4.82,4.68,4.76,4.94,4.85,34,1,Mid-Range,4.75-5.0,Medium,Available >30 Days
1.48764E+18,Pune,Unknown,18.5759,73.9143,Entire Home,Entire rental unit,4,1,1,1,2755,4.73,4.81,4.81,4.73,4.81,4.85,4.85,26,1,Mid-Range,4.5-4.75,Medium,Available >30 Days
1.49036E+18,Pune,Unknown,18.553,73.9476,Hotel,Room in hotel,2,1,1,1,2814,5,4.5,5,5,5,4,5,2,1,Mid-Range,4.75-5.0,Small,Available >30 Days
1.49099E+18,Donaje,Unknown,18.40363748,73.7772894,Entire Home,Entire home,10,4,4,4,12490,4.82,4.8,4.77,,,,,0,1,Luxury,4.75-5.0,Large,Available >30 Days
1.49478E+18,Pune,Unknown,18.5759,73.9143,Entire Home,Entire rental unit,4,1,1,1,2946,4.81,4.81,4.88,4.54,4.81,4.85,4.77,26,1,Mid-Range,4.75-5.0,Medium,Available >30 Days
1.56441E+18,Pune,Unknown,18.56682507,73.91726275,Entire Home,Entire rental unit,3,1,1,1,2882,5,4.5,5,5,5,5,5,2,1,Mid-Range,4.75-5.0,Medium,Available >30 Days
1.56727E+18,Pune,Khadakwasla,18.43876264,73.7862123,Entire Home,Entire rental unit,2,1.5,1,1,2748,3,2.5,2.5,3,2.5,3,2.5,2,1,Mid-Range,Below 3,Small,Available >30 Days
1.63557E+18,Pune,Unknown,18.58192616,73.72668055,Entire Home,Entire rental unit,3,2,2,2,3243,5,5,5,5,5,5,5,1,1,Mid-Range,4.75-5.0,Medium,Available >30 Days
1.63792E+18,Pune,Balewadi High Street,18.56767331,73.77571566,Entire Home,Entire rental unit,2,0,1,1,2360,4.82,4.8,4.77,,,,,0,1,Mid-Range,4.75-5.0,Small,Available >30 Days
7.50499E+17,Pune,Samarth Colony,18.55638,73.77572,Serviced Apartment,Entire serviced apartment,2,1,1,1,1800,3.33,3.33,4,3,3.33,3.33,3.67,3,1,Budget,3.0-4.0,Small,Available >30 Days
7.547E+17,Pune,Gahunje,18.6614,73.7079,Entire Home,Entire apartment,4,1.5,1,1,4276,4.89,4.83,4.77,4.72,4.91,4.83,4.89,75,1,Premium,4.75-5.0,Medium,Available >30 Days
1.19702E+18,Pune,Unknown,18.53187,73.91369,Entire Home,Entire rental unit,2,1,1,1,1830,4.61,4.5,4.41,4.52,4.61,4.77,4.91,44,1,Budget,4.5-4.75,Small,Available >30 Days
1.20251E+18,Dattwadi,Tathawade,18.61227,73.74501,Entire Home,Entire rental unit,3,1,1,1,2271,4.82,4.8,4.77,,,,,0,1,Mid-Range,4.75-5.0,Medium,Available >30 Days
1.20733E+18,Pune,Balewadi Phata,18.56405,73.78379,Entire Home,Entire rental unit,6,2,2,2,3940,4.31,4.31,4,3.77,4.15,4.54,4.46,13,1,Mid-Range,4.0-4.5,Large,Available >30 Days
1.4389E+18,Pimpri-Chinchwad,Marunji,18.604,73.7215,Entire Home,Entire rental unit,3,1,1,1,2338,5,4.25,4.75,4.25,4.75,5,5,4,1,Mid-Range,4.75-5.0,Medium,Available >30 Days
1.44613E+18,Pimpri-Chinchwad,Marunji,18.6127,73.7266,Entire Home,Entire home,16,4,4,4,4274,4.69,4.38,4.62,4.69,4.69,4.69,4.85,13,1,Premium,4.5-4.75,Large,Available >30 Days
1.52157E+18,Pune,Unknown,18.5759,73.9143,Entire Home,Entire rental unit,3,1,1,1,2971,3,5,4,3.5,4,3.5,4,2,1,Mid-Range,Below 3,Medium,Available >30 Days
1.60284E+18,Pune,Unknown,18.5622,73.7758,Hotel,Room in hotel,2,1,1,1,1948,5,5,4.89,4.95,4.95,5,4.95,19,1,Budget,4.75-5.0,Small,Available >30 Days
1.6044E+18,Pune,Maan,18.57782,73.7115,Private Room,Private room in rental unit,2,1,1,1,1748,5,5,5,5,5,5,5,1,0,Budget,4.75-5.0,Small,Available ≤30 Days
1.6527E+18,Pune,Unknown,18.5333,73.8971,Entire Home,Entire rental unit,2,1,1,1,3063,5,5,5,5,5,5,5,1,1,Mid-Range,4.75-5.0,Small,Available >30 Days
1.6529E+18,Pune,Unknown,18.60192327,73.73746236,Entire Home,Entire villa,2,1,1,1,1057,4.82,4.8,4.77,,,,,0,1,Budget,4.75-5.0,Small,Available >30 Days
9.05463E+17,Pune,Balewadi High Street,18.56911,73.77299,Private Room,Private room in serviced apartment,3,1.5,1,1,3952,4.82,4.8,4.77,,,,,0,1,Mid-Range,4.75-5.0,Medium,Available >30 Days
9.15807E+17,Pune,Unknown,18.4545,73.8699,Entire Home,Entire bungalow,6,1,1,1,1168,4.87,4.42,4.81,4.84,4.84,4.81,4.97,31,1,Budget,4.75-5.0,Large,Available >30 Days
9.19139E+17,Pimpri-Chinchwad,Gahunje,18.66267,73.70866,Entire Home,Entire rental unit,2,1,1,1,2970,5,4.93,4.93,4.87,5,5,5,15,1,Mid-Range,4.75-5.0,Small,Available >30 Days
1.26918E+18,Pune,Unknown,18.54827937,73.92135298,Entire Home,Entire apartment,5,2,2,2,2923,4.71,4.86,4.71,4.71,4.86,4.86,4.86,7,1,Mid-Range,4.5-4.75,Medium,Available >30 Days
1.27507E+18,Pimpri-Chinchwad,Unknown,18.5993,73.7855,Entire Home,Entire rental unit,4,1,1,1,7016,4.82,4.8,4.77,,,,,0,1,Luxury,4.75-5.0,Medium,Available >30 Days
1.42314E+18,Pune,Unknown,18.54752,73.94913,Entire Home,Entire rental unit,8,2,3,3,4220,4.59,4.65,4.65,4.71,4.88,4.76,4.65,17,1,Premium,4.5-4.75,Large,Available >30 Days
1.42723E+18,Pune,Maan,18.5688,73.7219,Private Room,Private room in serviced apartment,2,1,1,1,1791,4.82,4.8,4.77,,,,,0,1,Budget,4.75-5.0,Small,Available >30 Days
1.52516E+18,Pimpri-Chinchwad,Unknown,18.63839601,73.79683181,Entire Home,Entire rental unit,4,1,1,1,3049,4.82,4.8,4.77,,,,,0,1,Mid-Range,4.75-5.0,Medium,Available >30 Days
1.52616E+18,Pimpri-Chinchwad,Unknown,18.5791,73.7862,Entire Home,Entire apartment,3,1,1,1,2560,4.82,4.8,4.77,,,,,0,1,Mid-Range,4.75-5.0,Medium,Available >30 Days
1.528E+18,Pune,Gahunje,18.66159,73.70907,Entire Home,Entire rental unit,2,1,1,1,2818,4.82,4.8,4.77,,,,,0,1,Mid-Range,4.75-5.0,Small,Available >30 Days
1.52808E+18,Pune,Unknown,18.54478654,73.77984525,Entire Home,Entire rental unit,3,1,1,1,2930,4.75,4.88,4.63,4.75,4.75,4.88,4.75,8,1,Mid-Range,4.5-4.75,Medium,Available >30 Days
1.52818E+18,Pune,Malkhed,18.3944,73.7133,Entire Home,Entire home,12,3,3,3,15787,4.82,4.8,4.77,,,,,0,1,Luxury,4.75-5.0,Large,Available >30 Days
1.52832E+18,Pune,Unknown,18.54744155,73.77824415,Entire Home,Entire rental unit,2,1,1,1,2385,4.82,4.8,4.77,,,,,0,1,Mid-Range,4.75-5.0,Small,Available >30 Days
1.52979E+18,Pune,Unknown,18.538,73.9386,Entire Home,Entire rental unit,4,2,2,2,4733,4.93,4.74,4.93,4.89,4.93,4.93,4.96,27,1,Premium,4.75-5.0,Medium,Available >30 Days
1.6087E+18,Pune,Unknown,18.6641,73.8319,Entire Home,Entire rental unit,7,3,3,3,5788,4.82,4.8,4.77,,,,,0,1,Premium,4.75-5.0,Large,Available >30 Days
1.61002E+18,Pune,Unknown,18.53971106,73.89776132,Entire Home,Entire rental unit,3,1,1,1,1929,3,4,2,3,3,2,3,1,1,Budget,Below 3,Medium,Available >30 Days
1.61012E+18,Pune,Unknown,18.45217868,73.92460985,Hotel,Room in hotel,2,1,1,1,1600,4.82,4.8,4.77,,,,,0,1,Budget,4.75-5.0,Small,Available >30 Days
1.6555E+18,Hinjavadi,Unknown,18.5805,73.7327,Serviced Apartment,Entire serviced apartment,6,1,1,1,6539,4.82,4.8,4.77,,,,,0,1,Premium,4.75-5.0,Large,Available >30 Days
1.65583E+18,Pune,Unknown,18.5437,73.7845,Entire Home,Entire rental unit,4,1,1,1,4604,4.82,4.8,4.77,,,,,0,1,Premium,4.75-5.0,Medium,Available >30 Days
23096524,Pune,Unknown,18.56464,73.85245,Entire Home,Entire rental unit,7,1.5,2,2,3167,4.67,4.88,4.61,4.65,4.8,4.92,4.94,49,1,Mid-Range,4.5-4.75,Large,Available >30 Days
8.36587E+17,Pimpri-Chinchwad,Unknown,18.66655,73.70852,Entire Home,Entire rental unit,3,1,1,1,3884,4.93,4.85,4.95,4.82,4.91,4.97,4.97,127,1,Mid-Range,4.75-5.0,Medium,Available >30 Days
8.45479E+17,Pune,Unknown,18.556,73.8038,Private Room,Private room in guest house,1,1,1,1,1087,4.47,4.68,4.37,4.39,4.58,4.58,4.58,19,1,Budget,4.0-4.5,Small,Available >30 Days
8.63292E+17,Pune,Unknown,18.56205,73.77336,Entire Home,Entire rental unit,4,2,2,2,2468,5,4.5,4.5,5,4.5,5,5,2,1,Mid-Range,4.75-5.0,Medium,Available >30 Days
1.15125E+18,Pimpri-Chinchwad,Blue Ridge Town,18.5777,73.7354,Entire Home,Entire apartment,4,1,1,1,2530,4.67,4.15,4.74,4.52,4.7,4.67,4.78,27,1,Mid-Range,4.5-4.75,Medium,Available >30 Days
1.1585E+18,Pune,Unknown,18.564,73.9083,Entire Home,Entire rental unit,4,1,1,1,3308,4.83,4.78,4.91,4.7,4.78,4.91,4.87,23,1,Mid-Range,4.75-5.0,Medium,Available >30 Days
1.41065E+18,Pune,Unknown,18.49596925,73.84898136,Shared Room,Shared room in rental unit,1,1,1,1,1042,4.82,4.8,4.77,,,,,0,1,Budget,4.75-5.0,Small,Available >30 Days
1.41364E+18,Pune,Holkarwadi,18.45446553,73.93275794,Private Room,Private room in rental unit,2,2,1,1,1459,4.67,4,4.67,4.67,4.67,4.33,5,3,1,Budget,4.5-4.75,Small,Available >30 Days
1.41854E+18,Pune,Unknown,18.54209697,73.94042875,Entire Home,Entire rental unit,3,1,1,1,2985,4.91,4.82,4.91,5,4.91,4.64,4.91,11,1,Mid-Range,4.75-5.0,Medium,Available >30 Days
1.53186E+18,Pune,Unknown,18.56794,73.91023,Private Room,Private room in home,2,1,1,1,2063,4.82,4.8,4.77,,,,,0,1,Mid-Range,4.75-5.0,Small,Available >30 Days
1.53514E+18,Pune,Gahunje,18.66106872,73.70910093,Entire Home,Entire rental unit,4,1,1,1,2525,4.78,4.84,4.63,4.84,4.75,4.81,5,32,1,Mid-Range,4.75-5.0,Medium,Available >30 Days
1.53599E+18,Pune,Unknown,18.5759,73.9143,Entire Home,Entire apartment,3,1,1,1,2640,4.9,4.94,4.77,4.84,4.9,4.97,4.9,31,1,Mid-Range,4.75-5.0,Medium,Available >30 Days
1.53611E+18,Pune,Unknown,18.59011446,73.9098667,Entire Home,Entire rental unit,2,1,1,1,1403,4,4.25,4.5,4.25,4.25,5,4.5,4,1,Budget,3.0-4.0,Small,Available >30 Days
1.53871E+18,Pune,Unknown,18.4814,73.9006,Private Room,Private room in bed and breakfast,2,1,1,1,2029,4.82,4.8,4.77,,,,,0,1,Mid-Range,4.75-5.0,Small,Available >30 Days
1.61233E+18,Pimpri-Chinchwad,Punawale,18.627238,73.74455058,Entire Home,Entire rental unit,3,2,1,1,2271,4.82,4.8,4.77,,,,,0,1,Mid-Range,4.75-5.0,Medium,Available >30 Days
1.61375E+18,Pune,Unknown,18.5792,73.7865,Hotel,Room in hotel,2,1,1,1,1575,4.96,4.87,4.96,4.91,4.91,4.96,4.91,23,1,Budget,4.75-5.0,Small,Available >30 Days
35343691,Pune,Unknown,18.46115,73.86066,Private Room,Private room in villa,4,2,2,2,8419,4.82,4.8,4.77,,,,,0,1,Luxury,4.75-5.0,Medium,Available >30 Days
38010707,Pune,Unknown,18.55109,73.77097,Serviced Apartment,Entire serviced apartment,2,1,1,1,2345,4,3.69,4.25,3.94,4.13,4.5,4.13,16,1,Mid-Range,3.0-4.0,Small,Available >30 Days
39020904,Pune,Unknown,18.56321,73.94925,Entire Home,Entire rental unit,5,2,2,2,5505,5,5,5,5,5,5,5,1,1,Premium,4.75-5.0,Medium,Available >30 Days
39042905,Pune,Gahunje,18.67515,73.70607,Entire Home,Entire rental unit,8,4,4,4,17421,4.82,4.8,4.77,,,,,0,1,Luxury,4.75-5.0,Large,Available >30 Days
4001064,Pune,Unknown,18.54484,73.78688,Entire Home,Entire home,4,1,1,1,1976,4.92,4.81,4.91,4.86,4.92,4.96,4.97,349,1,Budget,4.75-5.0,Medium,Available >30 Days
40465001,Pune,Gahunje,18.66296,73.70868,Entire Home,Entire apartment,3,1,1,1,3109,4.81,4.86,4.8,4.7,4.82,4.85,4.82,159,1,Mid-Range,4.75-5.0,Medium,Available >30 Days
41054745,Pune,Unknown,18.54874,73.91378,Entire Home,Entire rental unit,3,3,2,2,3508,4.21,4.73,4.06,4.27,4.52,4.48,4.55,33,1,Mid-Range,4.0-4.5,Medium,Available >30 Days
9.40391E+17,Pune,Unknown,18.5122,73.9306,Entire Home,Entire rental unit,4,2,2,2,3566,5,5,4.89,5,5,5,5,9,1,Mid-Range,4.75-5.0,Medium,Available >30 Days
9.43933E+17,Pune,Samarth Colony,18.5574,73.7748,Entire Home,Entire rental unit,6,1,1,1,1855,4.94,4.9,4.92,4.89,4.86,4.98,4.96,101,1,Budget,4.75-5.0,Large,Available >30 Days
1.23703E+18,Pune,Unknown,18.54585,73.77669,Entire Home,Entire rental unit,2,1,1,1,2551,4.71,4.74,4.65,4.52,4.58,4.71,4.68,31,1,Mid-Range,4.5-4.75,Small,Available >30 Days
1.23737E+18,Pune,Unknown,18.4166,73.8479,Entire Home,Entire home,15,3,3,3,23388,5,5,4.83,4.83,5,4.5,5,6,1,Luxury,4.75-5.0,Large,Available >30 Days
1.23841E+18,Pune,Unknown,18.54134,73.88974,Private Room,Private room in home,2,1,1,1,1362,5,5,5,5,5,5,4,1,1,Budget,4.75-5.0,Small,Available >30 Days
1.24448E+18,Pune,Balewadi Phata,18.565,73.7735,Entire Home,Entire rental unit,4,2,2,2,3040,5,4.91,5,5,5,5,5,11,1,Mid-Range,4.75-5.0,Medium,Available >30 Days
1.51142E+18,Pune,Unknown,18.5908,73.911,Private Room,Private room in guest house,4,1,1,1,2250,4.82,4.8,4.77,,,,,0,1,Mid-Range,4.75-5.0,Medium,Available >30 Days
1.51648E+18,Pune,Gahunje,18.67524,73.70767,Entire Home,Entire apartment,2,1,1,1,4705,5,4.92,5,4.75,4.83,4.92,4.92,12,1,Premium,4.75-5.0,Small,Available >30 Days
1.59802E+18,Pune,Unknown,18.57595,73.90955,Entire Home,Entire rental unit,3,1,1,1,2470,5,5,5,5,5,5,5,1,1,Mid-Range,4.75-5.0,Medium,Available >30 Days
1.59965E+18,Pune,Dasar,18.5755,73.778,Entire Home,Entire apartment,6,2,2,2,3157,4.82,4.8,4.77,,,,,0,1,Mid-Range,4.75-5.0,Large,Available >30 Days
1.60019E+18,Pune,Gahunje,18.6615,73.7095,Entire Home,Entire apartment,4,1,1,1,3203,4.82,4.8,4.77,,,,,0,1,Mid-Range,4.75-5.0,Medium,Available >30 Days
24293394,Pune,Ravet,18.64619,73.75035,Private Room,Private room in serviced apartment,3,1,2,2,3332,5,4,4,4,4,4,4,1,1,Mid-Range,4.75-5.0,Medium,Available >30 Days
25288218,Pune,Gahunje,18.66214,73.71211,Entire Home,Entire apartment,5,1,1,1,2759,4.77,4.73,4.89,4.66,4.79,4.86,4.9,166,1,Mid-Range,4.75-5.0,Medium,Available >30 Days
27409571,Pune,Gorhe,18.4329,73.73998,Entire Home,Entire bungalow,12,3,4,4,25300,5,5,5,4.67,5,5,5,6,1,Luxury,4.75-5.0,Large,Available >30 Days
30356820,Pune,Unknown,18.46155,73.86111,Entire Home,Entire villa,8,5.5,4,4,9472,4.35,4.05,4.2,4.3,4.4,4.65,4.45,20,1,Luxury,4.0-4.5,Large,Available >30 Days
30492545,Pune,Unknown,18.50838,73.9062,Private Room,Private room in rental unit,2,1,1,1,2104,4.82,4.8,4.77,,,,,0,1,Mid-Range,4.75-5.0,Small,Available >30 Days
8.87936E+17,Pune,Unknown,18.5411,73.8907,Entire Home,Entire rental unit,3,1,1,1,2911,4.32,4.68,4.28,4.12,4.32,4.76,4.52,25,1,Mid-Range,4.0-4.5,Medium,Available >30 Days
1.0993E+18,Pune,Unknown,18.521,73.8439,Entire Home,Entire apartment,7,3,3,3,7601,4.92,4.95,4.84,4.84,4.92,4.92,4.92,37,1,Luxury,4.75-5.0,Large,Available >30 Days
1.10039E+18,Pune,Anupam Park,18.51525,73.78281,Entire Home,Entire apartment,4,1,2,2,2922,4.71,4.71,4.54,4.61,4.79,4.93,4.86,28,1,Mid-Range,4.5-4.75,Medium,Available >30 Days
1.10209E+18,Pune,Unknown,18.53817,73.90078,Entire Home,Entire rental unit,2,1,1,1,2330,4.79,4.75,4.75,4.69,4.68,4.84,4.93,68,1,Mid-Range,4.75-5.0,Small,Available >30 Days
1.11269E+18,Pimpri-Chinchwad,Unknown,18.5827,73.7824,Entire Home,Entire rental unit,4,2,2,2,3508,5,5,5,5,5,5,5,1,1,Mid-Range,4.75-5.0,Medium,Available >30 Days
1.32835E+18,Pune,Unknown,18.45877,73.79107,Entire Home,Entire rental unit,2,1,1,1,1567,4.6,4.6,4.9,4.6,4.8,5,5,10,1,Budget,4.5-4.75,Small,Available >30 Days
1.47589E+18,Pimpri-Chinchwad,Unknown,18.60412284,73.73601431,Hotel,Room in boutique hotel,2,1,1,1,1057,2,3,2,3,3,1,4,1,1,Budget,Below 3,Small,Available >30 Days
1.47589E+18,Pune,Unknown,18.59679336,73.90604361,Hotel,Room in boutique hotel,2,1,1,1,1329,4.82,4.8,4.77,,,,,0,1,Budget,4.75-5.0,Small,Available >30 Days
1.47686E+18,Pune,Marutrao Gaikwad nagar,18.5545,73.8099,Private Room,Private room in rental unit,3,2,1,1,3406,4.82,4.8,4.77,,,,,0,1,Mid-Range,4.75-5.0,Medium,Available >30 Days
1.47746E+18,Pune,Unknown,18.56546474,73.90753001,Entire Home,Entire rental unit,3,1,1,1,2508,5,4.8,5,4.7,5,5,5,10,1,Mid-Range,4.75-5.0,Medium,Available >30 Days
1.48037E+18,Pune,Unknown,18.5756,73.914,Entire Home,Entire rental unit,4,1,1,1,3171,4.43,4.68,4.46,4.43,4.68,4.79,4.61,28,1,Mid-Range,4.0-4.5,Medium,Available >30 Days
1.54845E+18,Pune,Unknown,18.57927874,73.77522836,Entire Home,Entire rental unit,9,3.5,3,3,5268,5,4.75,4.75,4.75,5,4.75,4.75,4,1,Premium,4.75-5.0,Large,Available >30 Days
1.54874E+18,Pune,Unknown,18.54179,73.8877,Entire Home,Entire rental unit,2,1,1,1,2822,5,5,5,4,5,5,5,1,1,Mid-Range,4.75-5.0,Small,Available >30 Days
1.54918E+18,Pune,Unknown,18.54095728,73.88600628,Entire Home,Entire rental unit,2,1,1,1,2982,5,5,5,5,5,5,5,4,1,Mid-Range,4.75-5.0,Small,Available >30 Days
1.54922E+18,Pune,Unknown,18.54192,73.88656,Entire Home,Entire rental unit,2,1,1,1,2918,4.82,4.8,4.77,,,,,0,1,Mid-Range,4.75-5.0,Small,Available >30 Days
1.61526E+18,Pune,Panchavati,18.4698,73.8553,Entire Home,Entire home,2,1,1,1,1978,4.82,4.8,4.77,,,,,0,1,Budget,4.75-5.0,Small,Available >30 Days
1.61562E+18,Pune,Unknown,18.5757,73.914,Serviced Apartment,Entire serviced apartment,4,1,1,1,2700,4.82,4.8,4.77,,,,,0,1,Mid-Range,4.75-5.0,Medium,Available >30 Days
1.61711E+18,Pune,Mhalunge,18.5684,73.76228,Entire Home,Entire rental unit,3,1,1,1,2237,5,5,5,5,5,5,5,1,1,Mid-Range,4.75-5.0,Medium,Available >30 Days
1.61739E+18,Pune,Unknown,18.5532,73.876,Private Room,Private room in bungalow,2,1,1,1,1519,5,4.88,5,5,5,5,5,8,1,Budget,4.75-5.0,Small,Available >30 Days
52403016,Pune,Unknown,18.53237,73.9128,Entire Home,Entire rental unit,2,1,1,1,2048,4.05,4.21,3.82,3.8,4.13,4.51,4.49,61,1,Mid-Range,4.0-4.5,Small,Available >30 Days
52892192,Pune,Unknown,18.52003,73.8438,Private Room,Private room in bed and breakfast,2,1.5,1,1,3293,4.71,4.86,5,4.57,4.71,4.86,4.71,7,1,Mid-Range,4.5-4.75,Small,Available >30 Days
53913202,Pune,Kalyani Nagar,18.55226,73.89833,Shared Room,Shared room in hostel,1,1.5,1,1,1237,4.83,4.83,4.5,4.67,4.5,5,4.83,6,1,Budget,4.75-5.0,Small,Available >30 Days
9.77946E+17,Pune,Unknown,18.53378,73.93405,Private Room,Private room in rental unit,2,1.5,1,1,1627,4.82,4.8,4.77,,,,,0,1,Budget,4.75-5.0,Small,Available >30 Days
9.83878E+17,Pune,Unknown,18.46988,73.90136,Entire Home,Entire home,4,2,2,2,6020,4.82,4.8,4.77,,,,,0,1,Premium,4.75-5.0,Medium,Available >30 Days
9.95612E+17,Pune,Unknown,18.5192,73.9348,Entire Home,Entire apartment,4,2,2,2,4151,4.93,4.77,4.84,4.75,4.88,4.93,4.95,57,1,Premium,4.75-5.0,Medium,Available >30 Days
1.00053E+18,Kolewadi,Kolewadi,18.4087,73.8331,Other,Farm stay,12,3.5,3,3,10207,4.88,4.67,4.74,4.72,4.74,4.93,4.86,43,1,Luxury,4.75-5.0,Large,Available >30 Days
1.00127E+18,Pimpri-Chinchwad,Tathawade,18.61309,73.74347,Entire Home,Entire rental unit,3,1,1,1,2192,4,3,4,3,4,3,4,1,1,Mid-Range,3.0-4.0,Medium,Available >30 Days
1.01016E+18,Pune,Bhugaon,18.50776,73.77183,Entire Home,Entire rental unit,6,2,2,2,4910,4.86,4.57,4.86,4.79,5,4.93,4.93,14,1,Premium,4.75-5.0,Large,Available >30 Days
1.01813E+18,Pune,Unknown,18.53063,73.91348,Entire Home,Entire rental unit,2,1,1,1,2560,4.71,4.37,4.66,4.55,4.74,4.77,4.81,97,1,Mid-Range,4.5-4.75,Small,Available >30 Days
1.02178E+18,Pune,Bhugaon,18.4999,73.7623,Serviced Apartment,Entire serviced apartment,6,2,2,2,1636,4.6,4.15,4.45,4.4,4.53,4.55,4.65,40,1,Budget,4.5-4.75,Large,Available >30 Days
1.28895E+18,Pune,Balewadi High Street,18.56835935,73.77486864,Hotel,Room in hotel,2,6,6,6,1648,2.5,3.25,2.75,3.25,2.5,4,3.5,4,1,Budget,Below 3,Small,Available >30 Days
1.29246E+18,Pune,Unknown,18.569,73.9143,Shared Room,Shared room in guest house,1,1,1,1,1110,5,5,5,5,5,4,5,1,1,Budget,4.75-5.0,Small,Available >30 Days
1.2934E+18,Pune,Unknown,18.54115,73.88936,Entire Home,Entire rental unit,2,1,1,1,3059,4.88,4.72,4.96,4.8,4.92,4.92,4.96,25,1,Mid-Range,4.75-5.0,Small,Available >30 Days
1.29406E+18,Pune,Maan,18.5698,73.7213,Private Room,Private room in rental unit,1,1,1,1,2838,4,4,4,4,4,5,5,1,1,Mid-Range,3.0-4.0,Small,Available >30 Days
1.45798E+18,Pune,Bavdhan,18.49999,73.77866,Entire Home,Entire apartment,4,2,2,2,4674,5,5,5,5,5,5,5,1,1,Premium,4.75-5.0,Medium,Available >30 Days
1.45934E+18,Pune,Unknown,18.5462,73.7792,Entire Home,Entire rental unit,2,1,1,1,2567,4.95,4.95,4.84,4.89,4.89,4.95,5,19,1,Mid-Range,4.75-5.0,Small,Available >30 Days
1.45947E+18,Pune,Unknown,18.53673532,73.90025768,Entire Home,Entire rental unit,2,1,1,1,2294,4.82,4.8,4.77,,,,,0,1,Mid-Range,4.75-5.0,Small,Available >30 Days
1.46006E+18,Pune,Unknown,18.5603443,73.92007061,Hotel,Room in boutique hotel,2,1,1,1,2120,2,2,3,2,2,3,2,1,1,Mid-Range,Below 3,Small,Available >30 Days
1.46018E+18,Pune,Unknown,18.57608893,73.76862003,Hotel,Room in boutique hotel,2,1,1,1,2042,4.82,4.8,4.77,,,,,0,1,Mid-Range,4.75-5.0,Small,Available >30 Days
1.46023E+18,Pune,Unknown,18.5544,73.9361,Entire Home,Entire rental unit,4,1,1,1,3795,4.65,4.76,4.59,4.35,4.71,4.65,4.76,17,1,Mid-Range,4.5-4.75,Medium,Available >30 Days
1.46463E+18,Pune,Unknown,18.54357,73.94098,Entire Home,Entire apartment,2,1,1,1,2376,4,4,4.5,4,4,4.25,4,4,1,Mid-Range,3.0-4.0,Small,Available >30 Days
1.53962E+18,Pune,Unknown,18.5756,73.914,Entire Home,Entire rental unit,3,1,1,1,2784,4.67,4.17,4.67,4.67,4.67,4.67,4.67,6,1,Mid-Range,4.5-4.75,Medium,Available >30 Days
1.54112E+18,Pune,Unknown,18.57615109,73.91495374,Entire Home,Entire rental unit,4,1,1,1,2911,4.71,4.71,4.71,4.79,4.79,4.93,4.79,14,1,Mid-Range,4.5-4.75,Medium,Available >30 Days
1.54266E+18,Pune,Unknown,18.5915891,73.91007896,Entire Home,Entire rental unit,16,5,5,5,9084,4.82,4.8,4.77,,,,,0,1,Luxury,4.75-5.0,Large,Available >30 Days
1.54467E+18,Pune,Unknown,18.5415,73.9225,Entire Home,Entire rental unit,5,1,1,1,2511,4.18,4.18,4,4.27,4.18,4.45,4.36,11,1,Mid-Range,4.0-4.5,Medium,Available >30 Days
1.54702E+18,Pune,Unknown,18.5899,73.9114,Entire Home,Entire rental unit,2,1,1,1,1319,3.86,3.86,4,4.29,4.43,4.71,4.29,7,1,Budget,3.0-4.0,Small,Available >30 Days
1.62376E+18,Pune,Balewadi Phata,18.5677,73.7863,Entire Home,Entire rental unit,3,1,1,1,2432,4,5,4,4,4,5,4,1,1,Mid-Range,3.0-4.0,Medium,Available >30 Days
1.62486E+18,Pune,Gahunje,18.6651718,73.70818878,Entire Home,Entire rental unit,3,1,1,1,2590,4.5,5,5,4.5,4.75,5,5,4,1,Mid-Range,4.0-4.5,Medium,Available >30 Days
46743929,Pune,Unknown,18.56315,73.77576,Hotel,Room in aparthotel,1,1,1,1,2806,4.82,4.8,4.77,,,,,0,1,Mid-Range,4.75-5.0,Small,Available >30 Days
12522835,Pune,Unknown,18.58964,73.91125,Private Room,Private room in bungalow,4,1,1,1,1754,4.88,4.7,4.58,4.67,4.82,4.91,4.97,33,1,Budget,4.75-5.0,Medium,Available >30 Days
1.26105E+18,Pimpri-Chinchwad,Unknown,18.59823401,73.79095188,Entire Home,Entire rental unit,6,2,2,2,4255,5,5,5,5,5,5,5,2,1,Premium,4.75-5.0,Large,Available >30 Days
1.26161E+18,Pimpri-Chinchwad,Unknown,18.59835,73.78381,Entire Home,Entire rental unit,4,2,2,2,3377,4.82,4.8,4.77,,,,,0,1,Mid-Range,4.75-5.0,Medium,Available >30 Days
1.26213E+18,Pune,Anupam Park,18.51589143,73.78250619,Private Room,Private room in bed and breakfast,2,1,1,1,3293,4.82,4.8,4.77,,,,,0,1,Mid-Range,4.75-5.0,Small,Available >30 Days
1.26513E+18,Pune,Balewadi Phata,18.5653186,73.78622282,Private Room,Private room in bed and breakfast,2,2,1,1,1616,4.5,4.5,4.25,4.5,4.13,4.38,4.13,8,1,Budget,4.0-4.5,Small,Available >30 Days
1.34096E+18,Pune,Unknown,18.56307446,73.77711085,Entire Home,Entire home,16,5,5,5,16371,4.82,4.8,4.77,,,,,0,1,Luxury,4.75-5.0,Large,Available >30 Days
1.34097E+18,Pune,Balewadi High Street,18.56455933,73.77654182,Entire Home,Entire home,2,1,1,1,1871,4.82,4.8,4.77,,,,,0,1,Budget,4.75-5.0,Small,Available >30 Days
1.34281E+18,Pune,Unknown,18.5602232,73.94598249,Entire Home,Entire rental unit,5,2,2,2,3967,4.57,4.71,4.57,4.57,4.71,4.86,4.71,7,1,Mid-Range,4.5-4.75,Medium,Available >30 Days
1.34857E+18,Pune,Unknown,18.5535,73.8975,Private Room,Private room in bed and breakfast,2,1,1,1,2502,4.82,4.8,4.77,,,,,0,1,Mid-Range,4.75-5.0,Small,Available >30 Days
1.3486E+18,Pimpri-Chinchwad,Unknown,18.59793809,73.79170623,Entire Home,Entire rental unit,4,1,2,2,3421,5,5,5,5,5,5,5,3,1,Mid-Range,4.75-5.0,Medium,Available >30 Days
1.35134E+18,Pune,Unknown,18.5411,73.9225,Entire Home,Entire rental unit,3,1,1,1,2094,4.71,4.4,4.67,4.62,4.74,4.79,4.81,42,1,Mid-Range,4.5-4.75,Medium,Available >30 Days
1.48638E+18,Pune,Baner Gaon,18.55871964,73.79004081,Entire Home,Entire rental unit,5,2,2,2,4940,4.98,4.78,4.85,4.93,4.93,4.89,4.96,46,1,Premium,4.75-5.0,Medium,Available >30 Days
1.48691E+18,Pune,Unknown,18.5423,73.8904,Private Room,Private room in rental unit,2,1,1,1,1434,5,5,5,5,5,5,5,2,0,Budget,4.75-5.0,Small,Available ≤30 Days
1.56943E+18,Pune,Unknown,18.5759,73.9143,Entire Home,Entire rental unit,4,1,1,1,3063,5,5,4.82,5,5,5,5,11,1,Mid-Range,4.75-5.0,Medium,Available >30 Days
1.56965E+18,Pune,Hinjawadi Phase 1,18.59106,73.72749,Entire Home,Entire rental unit,1,1,1,1,1752,4.82,4.8,4.77,,,,,0,1,Budget,4.75-5.0,Small,Available >30 Days
1.5744E+18,Pune,Gahunje,18.6622,73.7081,Private Room,Private room in rental unit,2,2,2,2,1863,4.82,4.8,4.77,,,,,0,1,Budget,4.75-5.0,Small,Available >30 Days
1.62881E+18,Pune,Unknown,18.5311,73.8322,Private Room,Private room in home,2,1,1,1,1871,5,5,5,5,5,5,5,1,1,Budget,4.75-5.0,Small,Available >30 Days
5.88818E+17,Pune,Unknown,18.5351,73.82863,Serviced Apartment,Entire serviced apartment,2,1,1,1,5847,5,4.88,4.75,4.63,4.75,4.88,4.63,8,1,Premium,4.75-5.0,Small,Available >30 Days
5.99657E+17,Pune,Unknown,18.43786,73.91395,Private Room,Private room in home,2,1.5,1,1,1286,4.95,4.73,4.92,4.97,4.89,4.89,4.97,37,1,Budget,4.75-5.0,Small,Available >30 Days
1.03842E+18,Pune,Unknown,18.57720845,73.90670677,Entire Home,Camper van/Motorhome,6,1,1,1,10312,4.82,4.8,4.77,,,,,0,1,Luxury,4.75-5.0,Large,Available >30 Days
1.04473E+18,Pune,Balewadi High Street,18.5688,73.7752,Private Room,Private room in home,2,1,1,1,5869,5,4.67,5,5,5,5,5,3,1,Premium,4.75-5.0,Small,Available >30 Days
1.04695E+18,Pune,Unknown,18.58078,73.76567,Hotel,Room in hotel,2,1,1,1,1293,4.11,4.67,4,4.22,4.22,4,4.22,9,1,Budget,4.0-4.5,Small,Available >30 Days
1.05002E+18,Pune,Unknown,18.5434,73.8333,Private Room,Private room in guest house,2,1,1,1,2356,4,5,4,4.25,4.5,4.5,4.75,4,1,Mid-Range,3.0-4.0,Small,Available >30 Days
1.05415E+18,Pune,Unknown,18.534,73.8974,Private Room,Private room in home,2,1,1,1,1843,4.82,4.8,4.77,,,,,0,1,Budget,4.75-5.0,Small,Available >30 Days
1.05641E+18,Pune,Khadakwasla,18.44354,73.77301,Entire Home,Entire home,4,1,2,2,3016,4.55,4.35,4.33,4.55,4.61,4.69,4.84,49,1,Mid-Range,4.5-4.75,Medium,Available >30 Days
1.05728E+18,Pune,Unknown,18.5646,73.9633,Entire Home,Entire rental unit,2,1.5,1,1,2425,4.29,3.71,4.41,4.06,4.59,4.06,4.65,17,1,Mid-Range,4.0-4.5,Small,Available >30 Days
1.05763E+18,Pune,Unknown,18.557,73.8027,Private Room,Private room in guest house,2,1,1,1,1742,4.82,4.8,4.77,,,,,0,1,Budget,4.75-5.0,Small,Available >30 Days
1.29947E+18,Pune,Bavdhan,18.50434646,73.76712567,Entire Home,Entire home,8,3,4,4,19426,5,5,5,5,5,5,5,4,1,Luxury,4.75-5.0,Large,Available >30 Days
1.2999E+18,Pune,Unknown,18.5465,73.7793,Entire Home,Entire apartment,3,1,1,1,2703,4.94,4.94,4.84,4.77,4.94,5,5,31,1,Mid-Range,4.75-5.0,Medium,Available >30 Days
1.46873E+18,Pune,Unknown,18.52180401,73.964572,Entire Home,Entire rental unit,3,1,1,1,1671,4.78,4.22,4.83,4.83,4.78,4.87,4.78,23,1,Budget,4.75-5.0,Medium,Available >30 Days
1.46929E+18,Pune,Gahunje,18.66276181,73.71021166,Entire Home,Entire rental unit,4,1,1,1,2572,5,4.91,4.95,4.95,5,4.95,5,44,1,Mid-Range,4.75-5.0,Medium,Available >30 Days
1.47077E+18,Pune,Unknown,18.5399,73.8986,Entire Home,Entire rental unit,3,1,1,1,2093,4.44,4.88,4.41,4.47,4.53,4.53,4.59,32,1,Mid-Range,4.0-4.5,Medium,Available >30 Days
1.47164E+18,Pune,Unknown,18.53983762,73.89761111,Entire Home,Entire rental unit,3,1,1,1,1976,4.75,4.75,4.69,4.75,4.75,4.75,4.75,16,1,Budget,4.5-4.75,Medium,Available >30 Days
1.47332E+18,Pune,Unknown,18.5759,73.9143,Entire Home,Entire apartment,3,1,1,1,2456,4.71,4.74,4.41,4.74,4.65,4.85,4.82,34,1,Mid-Range,4.5-4.75,Medium,Available >30 Days
1.5582E+18,Pune,Unknown,18.56832286,73.90900163,Entire Home,Entire apartment,4,2,2,2,4402,4.91,4.91,4.91,5,4.91,5,4.73,11,1,Premium,4.75-5.0,Medium,Available >30 Days
1.62587E+18,Pune,Unknown,18.51815539,73.94910501,Hotel,Room in boutique hotel,2,1,1,1,1733,4.82,4.8,4.77,,,,,0,1,Budget,4.75-5.0,Small,Available >30 Days
1.62587E+18,Pune,Marunji,18.60558,73.72254,Hotel,Room in boutique hotel,2,1,1,1,1507,4.82,4.8,4.77,,,,,0,1,Budget,4.75-5.0,Small,Available >30 Days
1.62641E+18,Pune,Unknown,18.57323138,73.7941381,Hotel,Room in boutique hotel,2,1,1,1,1642,1,1,1,1,1,2,2,1,1,Budget,Below 3,Small,Available >30 Days
47778900,Bhagatwadi,Vaswewadi,18.36509,73.72585,Private Room,Private room in cottage,6,1,1,1,2338,5,5,5,4,5,4,4.5,2,1,Mid-Range,4.75-5.0,Large,Available >30 Days
48064233,Pune,Unknown,18.55841,73.9327,Entire Home,Entire apartment,2,1,1,1,2916,4.5,4.75,4.5,4.25,4.5,5,5,4,1,Mid-Range,4.0-4.5,Small,Available >30 Days
48822099,Pune,Unknown,18.55703,73.9274,Serviced Apartment,Entire serviced apartment,3,1.5,1,1,3500,4.38,4.63,4.5,4.38,4.38,4.13,4.25,8,1,Mid-Range,4.0-4.5,Medium,Available >30 Days
48846045,Pune,Unknown,18.48227,73.90316,Private Room,Private room in rental unit,3,2,2,2,4209,5,4.8,5,4.9,4.9,5,5,10,1,Premium,4.75-5.0,Medium,Available >30 Days
1.07601E+18,Pune,Unknown,18.4825,73.937,Private Room,Private room in rental unit,4,1,1,1,1894,4.82,4.8,4.77,,,,,0,1,Budget,4.75-5.0,Medium,Available >30 Days
1.07801E+18,Pune,Gahunje,18.6622,73.7081,Entire Home,Entire rental unit,10,3.5,3,3,14032,4.82,4.8,4.77,,,,,0,1,Luxury,4.75-5.0,Large,Available >30 Days
1.08619E+18,Pimpri-Chinchwad,Unknown,18.60679,73.79176,Entire Home,Entire apartment,2,1,1,1,1672,4.67,4.45,4.91,4.61,4.76,4.85,4.88,33,1,Budget,4.5-4.75,Small,Available >30 Days
1.31456E+18,Pimpri-Chinchwad,Unknown,18.60683,73.79117,Entire Home,Entire apartment,2,1,1,1,1569,4.6,4.3,4.9,4.6,4.7,4.7,4.9,10,1,Budget,4.5-4.75,Small,Available >30 Days
1.31531E+18,Pune,Balewadi Phata,18.56109936,73.78039564,Private Room,Private room in home,2,1,1,1,1754,4.56,4.72,4.61,4.44,4.56,4.61,4.78,18,1,Budget,4.5-4.75,Small,Available >30 Days
1.31567E+18,Pimpri-Chinchwad,Sakhare Vasti,18.58785951,73.73654724,Entire Home,Entire rental unit,3,1,1,1,2057,4,5,3,5,4,5,5,1,1,Mid-Range,3.0-4.0,Medium,Available >30 Days
1.44854E+18,Pune,Unknown,18.5494,73.9144,Entire Home,Entire rental unit,3,1,1,1,1891,4.34,4.18,4.34,4.11,4.5,4.71,4.32,38,1,Budget,4.0-4.5,Medium,Available >30 Days
1.45431E+18,Pune,Unknown,18.58627312,73.99773025,Entire Home,Entire rental unit,4,1,1,1,1444,1,1,1,1,1,1,1,1,1,Budget,Below 3,Medium,Available >30 Days
1.64067E+18,Pune,Unknown,18.54099,73.92206,Entire Home,Entire rental unit,4,1,1,1,2655,4.82,4.8,4.77,,,,,0,1,Mid-Range,4.75-5.0,Medium,Available >30 Days
7.81563E+17,Pune,Gahunje,18.66587,73.7069,Entire Home,Entire rental unit,4,1,1,1,3154,4.93,4.93,4.93,4.73,4.67,4.87,4.4,15,1,Mid-Range,4.75-5.0,Medium,Available >30 Days
7.81613E+17,Pune,Unknown,18.66651,73.70846,Entire Home,Entire rental unit,4,1,1,1,3553,4.82,4.9,4.87,4.82,4.87,4.92,4.87,39,1,Mid-Range,4.75-5.0,Medium,Available >30 Days
7.84428E+17,Pune,Unknown,18.4548,73.9248,Private Room,Private room in rental unit,2,1,1,1,2338,2.83,2.83,2.83,2.67,2.83,2.67,2.83,6,1,Mid-Range,Below 3,Small,Available >30 Days
7.88081E+17,Pune,Kalyani Nagar,18.54346,73.90143,Entire Home,Entire guest house,6,3,3,3,7718,4.82,4.8,4.77,,,,,0,1,Luxury,4.75-5.0,Large,Available >30 Days
7.92306E+17,Pune,Unknown,18.5318,73.9161,Entire Home,Entire rental unit,2,1,1,1,1800,4.37,4.26,4.29,4.18,4.35,4.55,4.74,65,1,Budget,4.0-4.5,Small,Available >30 Days
1.2137E+18,Pune,Unknown,18.53036,73.91411,Entire Home,Entire rental unit,2,1,1,1,2450,4.85,4.42,4.9,4.65,4.83,4.81,4.9,48,1,Mid-Range,4.75-5.0,Small,Available >30 Days
1.22166E+18,Pune,Unknown,18.5617,73.9084,Private Room,Private room in serviced apartment,2,1,1,1,3300,4.82,4.73,4.82,4.73,4.77,4.73,4.73,22,1,Mid-Range,4.75-5.0,Small,Available >30 Days
1.2287E+18,Pune,Samarth Colony,18.55792,73.7785,Entire Home,Entire rental unit,2,1,1,1,3000,4.67,4.67,4.67,4.5,4.5,4.67,4.67,6,1,Mid-Range,4.5-4.75,Small,Available >30 Days
1.35409E+18,Pune,Unknown,18.49533,73.96154,Entire Home,Entire home,4,3,3,3,4092,4.82,4.8,4.77,,,,,0,1,Premium,4.75-5.0,Medium,Available >30 Days
1.35543E+18,Pune,Unknown,18.5415,73.9225,Entire Home,Entire rental unit,3,1,1,1,1895,5,4.82,4.91,5,5,5,5,11,1,Budget,4.75-5.0,Medium,Available >30 Days
1.49863E+18,Pune,Unknown,18.5738,73.9773,Private Room,Private room in rental unit,2,1,1,1,1590,5,5,5,5,4.33,5,5,3,1,Budget,4.75-5.0,Small,Available >30 Days
1.49997E+18,Pune,Unknown,18.57645,73.91349,Entire Home,Entire rental unit,4,1,1,1,3061,4.73,4.73,4.82,4.7,4.82,4.82,4.82,33,1,Mid-Range,4.5-4.75,Medium,Available >30 Days
1.503E+18,Pune,Unknown,18.57571137,73.91447167,Entire Home,Entire rental unit,2,1,1,1,2829,4.96,4.85,5,4.89,4.89,4.89,4.93,27,1,Mid-Range,4.75-5.0,Small,Available >30 Days
1.50308E+18,Pune,Unknown,18.46123033,73.91202007,Entire Home,Entire rental unit,2,1,1,1,2927,4.87,4.78,4.91,4.78,4.83,4.87,4.83,23,1,Mid-Range,4.75-5.0,Small,Available >30 Days
1.50354E+18,Pimpri-Chinchwad,Unknown,18.574141,73.81883005,Private Room,Private room in home,3,1,1,1,1420,5,4.79,4.86,4.79,4.93,5,5,14,1,Budget,4.75-5.0,Medium,Available >30 Days
1.50456E+18,Pimpri-Chinchwad,Blue Ridge Town,18.5785,73.7397,Entire Home,Entire apartment,4,1,1,1,2619,5,4.89,4.93,4.96,5,5,5,28,1,Mid-Range,4.75-5.0,Medium,Available >30 Days
1.58514E+18,Pune,Unknown,18.5462,73.7792,Entire Home,Entire rental unit,2,1,1,1,2642,5,5,5,5,5,5,5,2,1,Mid-Range,4.75-5.0,Small,Available >30 Days
1.58772E+18,Pune,Unknown,18.54232,73.88683,Entire Home,Entire rental unit,4,2,2,2,6303,4.82,4.8,4.77,,,,,0,1,Premium,4.75-5.0,Medium,Available >30 Days
1.6428E+18,Pune,Unknown,18.57784,73.98093,Entire Home,Entire guest house,16,5,5,5,5802,4.82,4.8,4.77,,,,,0,1,Premium,4.75-5.0,Large,Available >30 Days
1.64324E+18,Phursungi,Unknown,18.4854321,73.95725934,Entire Home,Entire rental unit,4,2,2,2,2413,4.82,4.8,4.77,,,,,0,1,Mid-Range,4.75-5.0,Medium,Available >30 Days
1.64343E+18,Pune,Unknown,18.5791,73.766,Entire Home,Entire rental unit,2,1,1,1,2694,5,5,5,5,5,5,5,1,1,Mid-Range,4.75-5.0,Small,Available >30 Days
1.64496E+18,Pune,Unknown,18.59854104,73.78915651,Entire Home,Entire rental unit,4,2,2,2,3405,4.82,4.8,4.77,,,,,0,1,Mid-Range,4.75-5.0,Medium,Available >30 Days
6.54851E+17,Pune,Unknown,18.53419,73.89303,Entire Home,Entire rental unit,3,1,1,1,2632,4.56,4.87,4.52,4.48,4.65,4.82,4.81,79,1,Mid-Range,4.5-4.75,Medium,Available >30 Days
1.12295E+18,Pune,Gahunje,18.6745,73.7065,Entire Home,Entire apartment,2,1,1,1,3571,4.79,4.93,4.64,4.79,4.93,4.86,4.79,14,1,Mid-Range,4.75-5.0,Small,Available >30 Days
1.12797E+18,Pune,Unknown,18.57427,73.91047,Private Room,Private room in rental unit,1,1,1,1,2630,4.82,4.8,4.77,,,,,0,1,Mid-Range,4.75-5.0,Small,Available >30 Days
1.1325E+18,Pune,Unknown,18.5768,73.8936,Entire Home,Entire guest house,2,1,1,1,3507,4.82,4.8,4.77,,,,,0,0,Mid-Range,4.75-5.0,Small,Available ≤30 Days
1.13326E+18,Pune,Prosperity Society,18.49204,73.833,Entire Home,Entire rental unit,3,1,1,1,2806,4.44,5,4.38,4.63,4.63,4.88,4.88,16,1,Mid-Range,4.0-4.5,Medium,Available >30 Days
1.38875E+18,Pune,Unknown,18.53903725,73.8981364,Entire Home,Entire rental unit,6,2,2,2,5719,4.67,4.79,4.86,4.77,4.88,4.58,4.6,43,1,Premium,4.5-4.75,Large,Available >30 Days
1.39044E+18,Pimpri-Chinchwad,Unknown,18.59347,73.72187,Private Room,Private room in rental unit,3,2,2,2,2214,4.82,4.8,4.77,,,,,0,1,Mid-Range,4.75-5.0,Medium,Available >30 Days
1.39157E+18,Pune,Unknown,18.5461,73.7791,Entire Home,Entire rental unit,2,1,1,1,2074,4.64,4.82,4.61,4.7,4.67,4.76,4.73,33,1,Mid-Range,4.5-4.75,Small,Available >30 Days
1.39244E+18,Pune,Unknown,18.5462,73.7793,Entire Home,Entire apartment,2,1,1,1,2777,4.5,4.77,4.43,4.23,4.53,4.8,4.9,30,1,Mid-Range,4.0-4.5,Small,Available >30 Days
1.39273E+18,Pune,Unknown,18.5223,73.9391,Serviced Apartment,Entire serviced apartment,3,1,1,1,5379,4.72,4.89,4.75,4.61,4.86,4.89,4.83,36,1,Premium,4.5-4.75,Medium,Available >30 Days
1.39275E+18,Pune,Unknown,18.5454,73.7778,Entire Home,Entire rental unit,4,1,1,1,3367,4.81,4.89,4.68,4.76,4.89,4.95,4.95,37,1,Mid-Range,4.75-5.0,Medium,Available >30 Days
1.39403E+18,Pune,Unknown,18.5193,73.9329,Entire Home,Entire rental unit,4,2,2,2,4092,4.82,4.8,4.77,,,,,0,1,Premium,4.75-5.0,Medium,Available >30 Days
1.5057E+18,Pune,Unknown,18.53352731,73.87407152,Private Room,Private room in serviced apartment,2,1,1,1,2730,4.45,4.36,4.55,4.27,4.73,4.45,4.27,11,1,Mid-Range,4.0-4.5,Small,Available >30 Days
1.508E+18,Pimpri-Chinchwad,Mamurdi,18.67471146,73.73109517,Entire Home,Entire rental unit,8,1,1,1,3894,5,5,5,4.6,5,5,5,5,1,Mid-Range,4.75-5.0,Large,Available >30 Days
1.59064E+18,Pune,Baner Gaon,18.55828028,73.79296428,Private Room,Private room in rental unit,2,1,1,1,2198,4.82,4.8,4.77,,,,,0,1,Mid-Range,4.75-5.0,Small,Available >30 Days
1.59209E+18,Pune,Manjari Budruk,18.52041,73.97643,Entire Home,Entire rental unit,6,2,2,2,4638,5,4,5,5,5,5,5,1,1,Premium,4.75-5.0,Large,Available >30 Days
8.10718E+17,Pune,Gahunje,18.66162,73.70895,Entire Home,Entire apartment,2,1,1,1,3976,4.96,4.9,4.96,4.88,4.96,4.94,4.98,52,1,Mid-Range,4.75-5.0,Small,Available >30 Days
8.21651E+17,Pimpri-Chinchwad,Bhujbal Chowk,18.59094,73.75827,Entire Home,Entire rental unit,4,1,1,1,1950,4.29,4.03,4,4.07,4.19,4.61,4.61,31,1,Budget,4.0-4.5,Medium,Available >30 Days
1.16962E+18,Pune,Unknown,18.56194,73.77422,Private Room,Private room in bed and breakfast,3,1,1,1,2455,4.82,4.8,4.77,,,,,0,1,Mid-Range,4.75-5.0,Medium,Available >30 Days
1.17795E+18,Pune,Unknown,18.5562,73.9408,Private Room,Private room in rental unit,2,4,2,2,2923,4.82,4.8,4.77,,,,,0,1,Mid-Range,4.75-5.0,Small,Available >30 Days
1.18542E+18,Pune,Unknown,18.5748,73.9656,Hotel,Room in hotel,2,1,1,1,1500,4,3,4,4,4,5,5,1,1,Budget,3.0-4.0,Small,Available >30 Days
1.36933E+18,Pune,Gahunje,18.66403057,73.70614441,Entire Home,Entire apartment,5,2,2,2,7343,4.97,4.91,4.97,4.88,5,4.97,4.97,32,1,Luxury,4.75-5.0,Medium,Available >30 Days
1.37076E+18,Pune,Unknown,18.56769399,73.76259779,Entire Home,Entire rental unit,2,1,1,1,1998,4,3.33,4,4.33,4.67,5,4.33,3,1,Budget,3.0-4.0,Small,Available >30 Days
1.37095E+18,Pune,Unknown,18.57450304,73.90744713,Private Room,Private room in rental unit,2,1,1,1,2550,1,1,1,1,1,1,1,1,1,Mid-Range,Below 3,Small,Available >30 Days
1.37458E+18,Pune,Unknown,18.5663751,73.90739334,Entire Home,Entire rental unit,3,2,2,2,3976,4.82,4.8,4.77,,,,,0,1,Mid-Range,4.75-5.0,Medium,Available >30 Days
1.37825E+18,Pune,Unknown,18.5465,73.7792,Entire Home,Entire rental unit,2,1,1,1,2595,4.79,4.95,4.85,4.72,4.64,4.97,4.97,39,1,Mid-Range,4.75-5.0,Small,Available >30 Days
1.49033E+18,Pune,Unknown,18.5481,73.9479,Hotel,Room in hotel,2,1,1,1,2814,3.5,4.5,4,3.5,3.5,4.5,4.5,2,1,Mid-Range,3.0-4.0,Small,Available >30 Days
1.49054E+18,Pimpri-Chinchwad,Gahunje,18.6675,73.7069,Entire Home,Entire rental unit,2,1,1,1,3204,4.97,4.9,4.97,4.73,4.9,4.97,4.97,30,1,Mid-Range,4.75-5.0,Small,Available >30 Days
1.56393E+18,Pune,Unknown,18.39609,73.76289,Entire Home,Entire cabin,3,1,1,1,7856,4.85,4.62,4.85,4.46,4.77,4.92,4.85,13,1,Luxury,4.75-5.0,Medium,Available >30 Days
1.5667E+18,Pune,Unknown,18.54126,73.89055,Entire Home,Entire rental unit,2,1,1,1,1262,5,5,5,5,5,5,5,2,1,Budget,4.75-5.0,Small,Available >30 Days
1.56712E+18,Pune,Unknown,18.5735,73.911,Entire Home,Entire apartment,2,1,1,1,2511,4.9,4.9,4.9,4.8,4.9,4.95,5,20,1,Mid-Range,4.75-5.0,Small,Available >30 Days
1.56733E+18,Pune,Unknown,18.57536174,73.9136119,Entire Home,Entire apartment,3,1,1,1,3221,4.82,4.86,4.73,4.77,4.77,4.82,4.86,22,1,Mid-Range,4.75-5.0,Medium,Available >30 Days
1.56754E+18,Pune,Unknown,18.53307,73.89927,Entire Home,Entire rental unit,4,1,1,1,4161,5,4.92,5,4.92,5,5,5,12,1,Premium,4.75-5.0,Medium,Available >30 Days
1.56788E+18,Pune,Unknown,18.57522,73.91451,Entire Home,Entire rental unit,4,1,1,1,2982,4.71,4.86,4.57,4.57,4.71,4.86,4.43,7,1,Mid-Range,4.5-4.75,Medium,Available >30 Days
1.56806E+18,Pune,Unknown,18.54067371,73.88584251,Entire Home,Entire rental unit,2,1,1,1,2820,5,5,5,5,5,5,5,1,1,Mid-Range,4.75-5.0,Small,Available >30 Days
1.56809E+18,Pune,Unknown,18.5414656,73.88498148,Entire Home,Entire rental unit,2,1,1,1,2820,4,4.5,5,4.5,4.5,5,4.5,2,1,Mid-Range,3.0-4.0,Small,Available >30 Days
1.63541E+18,Pune,Unknown,18.5415,73.9225,Serviced Apartment,Entire serviced apartment,2,1,1,1,3095,4.67,4.67,4.67,4.33,4.33,5,4.67,3,1,Mid-Range,4.5-4.75,Small,Available >30 Days
1.63602E+18,Pune,Unknown,18.5833,73.7637,Entire Home,Entire rental unit,2,1,1,1,2091,4.82,4.8,4.77,,,,,0,1,Mid-Range,4.75-5.0,Small,Available >30 Days
7.12033E+17,Pune,Unknown,18.53792,73.89971,Entire Home,Entire guest house,2,1,1,1,8442,5,5,5,5,5,5,5,6,1,Luxury,4.75-5.0,Small,Available >30 Days
7.41008E+17,Pune,Gahunje,18.6745,73.7065,Entire Home,Entire apartment,2,1,1,1,3859,4.95,4.97,4.97,4.78,4.97,5,5,37,1,Mid-Range,4.75-5.0,Small,Available >30 Days
7.50674E+17,Pune,Kalyani Nagar,18.55024,73.90162,Private Room,Private room in serviced apartment,2,1,1,1,1871,4.5,4.9,4.4,4.6,4.4,4.6,4.4,10,1,Budget,4.0-4.5,Small,Available >30 Days
1.19111E+18,Dattwadi,Tathawade,18.61185,73.74387,Entire Home,Entire rental unit,2,1,1,1,2134,5,5,5,5,5,5,5,1,1,Mid-Range,4.75-5.0,Small,Available >30 Days
1.19687E+18,Pune,Unknown,18.5496,73.7915,Private Room,Private room in apartment,2,1,1,1,1005,4.8,5,4.8,4.9,4.8,5,4.9,10,1,Budget,4.75-5.0,Small,Available >30 Days
1.19694E+18,Pune,Unknown,18.54842,73.7908,Private Room,Private room in apartment,2,1,1,1,1812,4.58,4.63,4.75,4.58,4.29,4.71,4.75,24,1,Budget,4.5-4.75,Small,Available >30 Days
1.20497E+18,Pune,Unknown,18.4971,73.8135,Entire Home,Entire rental unit,2,2,2,2,2937,4.71,4.75,4.58,4.67,4.81,4.81,4.63,48,1,Mid-Range,4.5-4.75,Small,Available >30 Days
1.2073E+18,Pune,Unknown,18.4735,73.9036,Private Room,Private room in apartment,2,1,1,1,2923,4.82,4.8,4.77,,,,,0,1,Mid-Range,4.75-5.0,Small,Available >30 Days
1.51872E+18,Pune,Unknown,18.5324,73.8751,Private Room,Private room in serviced apartment,2,1,1,1,2764,4.17,4,4.25,3.92,4.33,4.58,4.33,12,1,Mid-Range,4.0-4.5,Small,Available >30 Days
1.52169E+18,Pune,Unknown,18.57556847,73.9138462,Entire Home,Entire rental unit,3,1,1,1,2572,4.97,4.95,4.92,4.97,4.97,4.97,5,37,1,Mid-Range,4.75-5.0,Medium,Available >30 Days
1.5226E+18,Pune,Unknown,18.57607055,73.91503526,Entire Home,Entire rental unit,2,1,1,1,2830,4.56,4.67,4.78,4.89,4.78,5,4.89,9,1,Mid-Range,4.5-4.75,Small,Available >30 Days
1.60085E+18,Pune,Unknown,18.5568,73.7694,Entire Home,Entire rental unit,6,2,2,2,3926,5,4.67,4.33,5,4.67,5,5,3,1,Mid-Range,4.75-5.0,Large,Available >30 Days
1.60214E+18,Pune,Unknown,18.57655,73.91422,Entire Home,Entire apartment,2,1,1,1,3011,4.88,4.81,4.85,4.92,4.96,4.92,5,26,1,Mid-Range,4.75-5.0,Small,Available >30 Days
1.60557E+18,Pune,Unknown,18.55528,73.78026,Private Room,Private room in rental unit,2,1,1,1,2323,5,5,5,5,5,5,5,1,1,Mid-Range,4.75-5.0,Small,Available >30 Days
1.60698E+18,Pune,Gahunje,18.6622,73.7081,Entire Home,Entire rental unit,4,1,1,1,2799,4.67,4.67,4.67,4.67,4.67,4.67,4.67,3,1,Mid-Range,4.5-4.75,Medium,Available >30 Days
1.65287E+18,Pune,Unknown,18.4584706,73.83554406,Entire Home,Entire villa,2,1,1,1,1571,4.82,4.8,4.77,,,,,0,1,Budget,4.75-5.0,Small,Available >30 Days
1.65292E+18,Pune,Unknown,18.56085761,73.92060791,Entire Home,Entire villa,2,1,1,1,2445,4.82,4.8,4.77,,,,,0,1,Mid-Range,4.75-5.0,Small,Available >30 Days
1.65368E+18,Pune,Mhalunge,18.5663,73.737,Entire Home,Entire rental unit,4,2,2,2,5263,4.82,4.8,4.77,,,,,0,1,Premium,4.75-5.0,Medium,Available >30 Days
1.65419E+18,Pune,Gahunje,18.67371569,73.70746833,Entire Home,Entire rental unit,3,1,1,1,3735,4.82,4.8,4.77,,,,,0,1,Mid-Range,4.75-5.0,Medium,Available >30 Days
1.65451E+18,Pimpri-Chinchwad,Tathawade,18.61044178,73.74153886,Entire Home,Entire rental unit,3,1,1,1,1909,4.82,4.8,4.77,,,,,0,1,Budget,4.75-5.0,Medium,Available >30 Days
9.04354E+17,Pune,Balewadi High Street,18.5694,73.7722,Hotel,Room in aparthotel,3,1,1,1,3952,5,4,5,4,5,5,5,1,1,Mid-Range,4.75-5.0,Medium,Available >30 Days
9.10769E+17,Pune,Balewadi Phata,18.56465,73.78211,Entire Home,Entire rental unit,2,1,1,1,2638,4.5,4.5,4.5,4.25,4.75,5,4.5,4,1,Mid-Range,4.0-4.5,Small,Available >30 Days
9.2294E+17,Pimpri-Chinchwad,Gahunje,18.67082,73.70188,Entire Home,Entire rental unit,4,1,1,1,3947,4.85,4.81,4.85,4.69,4.8,4.9,4.88,110,1,Mid-Range,4.75-5.0,Medium,Available >30 Days
1.26776E+18,Pune,Pallod Farms,18.55629691,73.79373995,Hotel,Room in hotel,8,5,5,5,11771,5,4.5,5,5,4.5,4.5,5,2,1,Luxury,4.75-5.0,Large,Available >30 Days
12792530,Pune,Balewadi Phata,18.56691,73.77134,Entire Home,Entire home,12,6,6,6,18242,4.82,4.8,4.77,,,,,0,1,Luxury,4.75-5.0,Large,Available >30 Days
1.28023E+18,Pune,Dasar,18.57372999,73.77640829,Private Room,Private room in rental unit,2,1,1,1,2455,5,5,5,5,4,5,4,1,1,Mid-Range,4.75-5.0,Small,Available >30 Days
1.42744E+18,Pune,Unknown,18.54702929,73.94969748,Hotel,Room in hotel,1,1,1,1,1444,4.33,4.67,4.22,4.22,4.11,4.78,4.56,9,1,Budget,4.0-4.5,Small,Available >30 Days
1.52725E+18,Pune,Unknown,18.54118665,73.92138009,Entire Home,Entire rental unit,4,1,1,1,2175,4.88,4.85,4.69,4.73,4.85,5,4.96,26,1,Mid-Range,4.75-5.0,Medium,Available >30 Days
1.52751E+18,Pune,Unknown,18.54524089,73.78030093,Entire Home,Entire rental unit,2,1,1,1,2630,4.75,5,4.5,4.5,5,4.5,4.75,4,1,Mid-Range,4.5-4.75,Small,Available >30 Days
1.52951E+18,Pune,Unknown,18.54732692,73.77888408,Entire Home,Entire rental unit,2,1,1,1,2289,3.67,3.67,3.67,3.33,3.67,4,4,3,1,Mid-Range,3.0-4.0,Small,Available >30 Days
1.61011E+18,Pune,Unknown,18.45250317,73.92441474,Hotel,Room in hotel,2,1,1,1,1200,4.82,4.8,4.77,,,,,0,1,Budget,4.75-5.0,Small,Available >30 Days
1.61038E+18,Pune,Unknown,18.54140429,73.92173557,Entire Home,Tiny home,1,1,1,1,1222,5,5,5,5,5,5,5,1,1,Budget,4.75-5.0,Small,Available >30 Days
1.61152E+18,Pune,Bhugaon,18.491,73.73951,Entire Home,Entire home,9,3,3,3,13091,4.82,4.8,4.77,,,,,0,1,Luxury,4.75-5.0,Large,Available >30 Days
1.65462E+18,Pirangut,Pirangut,18.50596899,73.70699857,Entire Home,Entire rental unit,2,2,1,1,7297,4.82,4.8,4.77,,,,,0,1,Luxury,4.75-5.0,Small,Available >30 Days
1.65494E+18,Pune,Unknown,18.56374764,73.90703603,Entire Home,Entire rental unit,4,1,1,1,2920,4.82,4.8,4.77,,,,,0,1,Mid-Range,4.75-5.0,Medium,Available >30 Days
1.65559E+18,Pune,Maan,18.58212771,73.72531108,Entire Home,Entire home,2,2,2,2,3179,4.82,4.8,4.77,,,,,0,1,Mid-Range,4.75-5.0,Small,Available >30 Days
1.6559E+18,Pune,Unknown,18.57555991,73.91502656,Entire Home,Entire rental unit,3,1,1,1,3065,4.82,4.8,4.77,,,,,0,1,Mid-Range,4.75-5.0,Medium,Available >30 Days
21764658,Pune,Panchawati,18.53278,73.81297,Private Room,Private room in bungalow,4,1,1,1,1754,4.41,4.55,4.41,4.52,4.52,4.76,4.86,29,1,Budget,4.0-4.5,Medium,Available >30 Days
23345308,Pune,Panchawati,18.53262,73.81133,Private Room,Private room in bungalow,2,1,1,1,1754,4.63,4.65,4.82,4.71,4.84,4.9,4.9,49,1,Budget,4.5-4.75,Small,Available >30 Days
1.15205E+18,Pune,Unknown,18.55328,73.96603,Entire Home,Entire apartment,4,1,1,1,3000,4.95,4.47,4.95,4.79,4.89,4.92,4.96,76,1,Mid-Range,4.75-5.0,Medium,Available >30 Days
1.15929E+18,Pune,Unknown,18.5174,73.9469,Entire Home,Entire rental unit,4,1,1,1,4676,5,5,5,4.83,5,5,5,6,1,Premium,4.75-5.0,Medium,Available >30 Days
1.15929E+18,Pune,Unknown,18.54154,73.88809,Entire Home,Entire home,3,1,1,1,4654,4.5,5,4.5,4.5,4.5,5,4.5,2,1,Premium,4.0-4.5,Medium,Available >30 Days
1.41733E+18,Pune,Unknown,18.51861888,73.9458129,Entire Home,Entire rental unit,3,1,1,1,2713,4.87,4.92,4.79,4.87,4.82,4.87,4.95,38,1,Mid-Range,4.75-5.0,Medium,Available >30 Days
1.41955E+18,Pune,Unknown,18.57082387,73.78057887,Private Room,Private room in rental unit,2,1,1,1,4911,4.82,4.8,4.77,,,,,0,1,Premium,4.75-5.0,Small,Available >30 Days
1.61281E+18,Pune,Unknown,18.57486,73.91546,Entire Home,Entire rental unit,2,1,1,1,2649,4.82,4.8,4.77,,,,,0,1,Mid-Range,4.75-5.0,Small,Available >30 Days
1.61283E+18,Pune,Unknown,18.54400911,73.92942665,Entire Home,Entire rental unit,2,1,1,1,2346,4.9,4.5,4.9,4.7,4.8,4.8,4.8,10,1,Mid-Range,4.75-5.0,Small,Available >30 Days
1.61438E+18,Pune,Unknown,18.57598,73.91343,Entire Home,Entire rental unit,4,1,1,1,3134,5,5,5,5,5,5,5,4,1,Mid-Range,4.75-5.0,Medium,Available >30 Days
35313715,Pune,Unknown,18.48807,73.90292,Entire Home,Entire apartment,6,2,3,3,7016,4.82,4.8,4.77,,,,,0,1,Luxury,4.75-5.0,Large,Available >30 Days
36006215,Pune,Unknown,18.5405,73.8974,Private Room,Private room in townhouse,2,1,1,1,2221,4.81,4.91,4.89,4.79,4.81,4.94,4.87,47,1,Mid-Range,4.75-5.0,Small,Available >30 Days
36006294,Pune,Unknown,18.5405,73.8975,Private Room,Private room in townhouse,2,1,1,1,2689,4.86,4.97,4.8,4.8,4.83,4.92,4.92,64,1,Mid-Range,4.75-5.0,Small,Available >30 Days
38837706,Pune,Unknown,18.37019,73.9191,Entire Home,Entire cottage,6,2,2,2,4092,4.67,4.89,3.94,4.56,4.61,4.72,4.83,18,1,Premium,4.5-4.75,Large,Available >30 Days
40806847,Pune,Unknown,18.53235,73.89585,Entire Home,Entire guest suite,3,1,1,1,2999,4.73,4.89,4.74,4.67,4.76,4.8,4.79,404,1,Mid-Range,4.5-4.75,Medium,Available >30 Days
9.46064E+17,Pune,Unknown,18.5404,73.8986,Private Room,Private room in home,2,1,1,1,3040,4.95,4.91,4.95,4.82,4.95,4.95,4.86,22,1,Mid-Range,4.75-5.0,Small,Available >30 Days
9.54329E+17,Pune,Unknown,18.54058,73.94493,Private Room,Private room in rental unit,2,1,1,1,2121,4.95,4.68,4.95,4.79,4.89,4.89,5,19,1,Mid-Range,4.75-5.0,Small,Available >30 Days
9.58286E+17,Pimpri-Chinchwad,Unknown,18.6139,73.7938,Private Room,Private room in home,4,1,1,1,1065,4.5,4.23,4.09,4.27,4.18,4.45,4.68,22,1,Budget,4.0-4.5,Medium,Available >30 Days
9.58289E+17,Pimpri-Chinchwad,Unknown,18.618,73.7953,Private Room,Private room in home,4,1,1,1,1065,4.61,4.39,4.39,4.61,4.55,4.71,4.61,31,1,Budget,4.5-4.75,Medium,Available >30 Days
1.23222E+18,Pune,Gahunje,18.67566,73.70742,Entire Home,Entire rental unit,2,1,1,1,3590,4.89,4.9,4.71,4.86,4.92,4.96,4.97,73,1,Mid-Range,4.75-5.0,Small,Available >30 Days
1.23746E+18,Pune,Gahunje,18.6622,73.7081,Entire Home,Entire rental unit,3,1,1,1,4139,5,5,5,5,5,5,5,3,1,Premium,4.75-5.0,Medium,Available >30 Days
12458284,Pune,Unknown,18.5319,73.8998,Private Room,Private room in rental unit,2,1,1,1,1871,4.9,4.94,4.94,4.81,4.89,4.9,4.9,63,1,Budget,4.75-5.0,Small,Available >30 Days
1.24688E+18,Pune,Unknown,18.54083,73.88645,Entire Home,Entire rental unit,2,1,1,1,2940,5,4,5,4.5,4.5,4.5,4.5,2,1,Mid-Range,4.75-5.0,Small,Available >30 Days
1.40193E+18,Pune,Unknown,18.55206,73.95121,Entire Home,Entire rental unit,2,1,1,1,3069,5,5,5,5,5,5,4.89,18,1,Mid-Range,4.75-5.0,Small,Available >30 Days
1.40399E+18,Pimpri-Chinchwad,Blue Ridge Town,18.579,73.7388,Entire Home,Entire apartment,3,1,1,1,2748,4.95,4.88,4.91,4.93,4.95,4.95,4.93,43,1,Mid-Range,4.75-5.0,Medium,Available >30 Days
1.40407E+18,Pimpri-Chinchwad,Unknown,18.5979,73.7662,Entire Home,Entire rental unit,4,2,2,2,2372,4.67,4.52,4.67,4.78,4.78,4.7,4.78,27,1,Mid-Range,4.5-4.75,Medium,Available >30 Days
1.40441E+18,Pune,Unknown,18.55669569,73.77977071,Entire Home,Entire rental unit,4,2,2,2,4091,5,5,4.67,5,4.83,4.67,5,6,1,Premium,4.75-5.0,Medium,Available >30 Days
1.405E+18,Pune,Unknown,18.55878801,73.94084847,Private Room,Private room in rental unit,2,1,1,1,2385,4.84,4.68,5,4.63,4.89,4.95,5,19,1,Mid-Range,4.75-5.0,Small,Available >30 Days
1.51146E+18,Pune,Unknown,18.55954272,73.92050935,Hotel,Room in boutique hotel,2,1,1,1,1818,4.82,4.8,4.77,,,,,0,1,Budget,4.75-5.0,Small,Available >30 Days
1.5954E+18,Pune,Unknown,18.5461,73.7792,Entire Home,Entire rental unit,2,1,1,1,2250,4.82,4.8,4.77,,,,,0,1,Mid-Range,4.75-5.0,Small,Available >30 Days
1.59685E+18,Pune,Gahunje,18.6745,73.7065,Entire Home,Entire rental unit,2,1,1,1,4560,5,5,5,5,5,5,5,8,1,Premium,4.75-5.0,Small,Available >30 Days
1.59693E+18,Pune,Gahunje,18.67552,73.70559,Entire Home,Entire rental unit,2,1,1,1,4104,5,5,5,5,5,5,5,6,1,Premium,4.75-5.0,Small,Available >30 Days
24283669,Pune,Unknown,18.54147,73.85285,Private Room,Private room in rental unit,4,1,2,2,1961,4,4,4,5,5,5,5,1,1,Budget,3.0-4.0,Medium,Available >30 Days
30089331,Pune,Unknown,18.5626,73.83196,Shared Room,Shared room in guest house,2,1,4,4,960,4.73,4.96,4.5,4.54,4.73,4.92,4.88,26,1,Budget,4.5-4.75,Small,Available >30 Days
32253670,Pune,Unknown,18.548,73.8166,Entire Home,Tiny home,2,1,2,2,7250,4.89,4.94,4.75,4.85,4.83,4.96,4.94,53,1,Luxury,4.75-5.0,Small,Available >30 Days
8.75805E+17,Pune,Unknown,18.4552,73.8468,Private Room,Private room in rental unit,1,2,1,1,1192,4.82,4.8,4.77,,,,,0,1,Budget,4.75-5.0,Small,Available >30 Days
8.79355E+17,Pune,Pallod Farms,18.5595,73.7946,Serviced Apartment,Entire serviced apartment,3,1.5,2,2,2310,4.67,4.58,4.75,4.67,4.67,5,5,12,1,Mid-Range,4.5-4.75,Medium,Available >30 Days
1.08831E+18,Dattwadi,Tathawade,18.6108,73.7442,Entire Home,Entire rental unit,3,1,1,1,2104,4.82,4.8,4.77,,,,,0,1,Mid-Range,4.75-5.0,Medium,Available >30 Days
1.09622E+18,Pune,Unknown,18.4628,73.9152,Hotel,Room in boutique hotel,3,1,1,1,5809,4.67,4.67,4.67,4.67,4.67,4.67,4.67,3,1,Premium,4.5-4.75,Medium,Available >30 Days
1.32509E+18,Pune,Unknown,18.5551,73.9476,Entire Home,Entire rental unit,6,2,2,2,4140,5,5,5,5,5,5,5,1,1,Premium,4.75-5.0,Large,Available >30 Days
1.32976E+18,Nande,Nande,18.5611,73.731,Entire Home,Entire home,10,3,3,3,7367,5,5,5,5,5,5,5,1,1,Luxury,4.75-5.0,Large,Available >30 Days
1.33189E+18,Pune,Unknown,18.54198549,73.92211977,Entire Home,Entire rental unit,2,1,1,1,2220,4.94,4.47,4.88,4.88,4.94,4.82,4.82,17,1,Mid-Range,4.75-5.0,Small,Available >30 Days
1.3362E+18,Pimpri-Chinchwad,Punawale,18.63417576,73.74011231,Entire Home,Entire rental unit,2,1,1,1,2099,3,2,5,3,5,5,5,1,1,Mid-Range,Below 3,Small,Available >30 Days
1.3375E+18,Pune,Unknown,18.54239,73.92137,Entire Home,Entire apartment,3,1,1,1,1881,4.67,4.44,4.74,4.67,4.67,4.63,4.81,43,1,Budget,4.5-4.75,Medium,Available >30 Days
1.47607E+18,Pune,Vasantdada Sugar Institute Colony,18.52492513,73.95902776,Hotel,Room in boutique hotel,2,1,1,1,1183,4.82,4.8,4.77,,,,,0,1,Budget,4.75-5.0,Small,Available >30 Days
1.48091E+18,Pune,Unknown,18.5346,73.8982,Entire Home,Entire apartment,2,1,1,1,2801,4.81,4.81,4.86,4.81,4.95,4.9,5,21,1,Mid-Range,4.75-5.0,Small,Available >30 Days
1.5483E+18,Pune,Unknown,18.5757,73.9143,Entire Home,Entire apartment,2,1,1,1,2699,4.67,4.83,4.67,4.67,4.67,4.67,4.5,6,1,Mid-Range,4.5-4.75,Small,Available >30 Days
1.54919E+18,Pune,Unknown,18.54016,73.88648,Entire Home,Entire rental unit,2,1,1,1,2918,5,5,5,5,5,5,5,1,1,Mid-Range,4.75-5.0,Small,Available >30 Days
1.55069E+18,Pune,Unknown,18.55104152,73.7502432,Entire Home,Entire rental unit,6,1,1,1,1856,1,1,1,1,1,1,1,1,1,Budget,Below 3,Large,Available >30 Days
1.61647E+18,Maan,Maan,18.57846932,73.71704589,Entire Home,Entire rental unit,3,2,1,1,3784,4.82,4.8,4.77,,,,,0,1,Mid-Range,4.75-5.0,Medium,Available >30 Days
1.61661E+18,Donaje,Unknown,18.40143811,73.7629726,Entire Home,Entire home,2,1,1,1,2340,5,5,5,5,5,5,5,5,1,Mid-Range,4.75-5.0,Small,Available >30 Days
1.61795E+18,Pune,Fursungi,18.486,73.9669,Private Room,Private room in rental unit,1,1,1,1,1590,5,4,5,4.5,4.5,5,4.5,2,1,Budget,4.75-5.0,Small,Available >30 Days
53046250,Pune,Gahunje,18.6649,73.70785,Entire Home,Entire apartment,4,1,1,1,3777,4.82,4.93,4.79,4.66,4.82,4.91,4.91,56,1,Mid-Range,4.75-5.0,Medium,Available >30 Days
9.80819E+17,Pune,Unknown,18.5005,73.9403,Private Room,Private room in serviced apartment,2,3.5,3,3,2690,4.82,4.8,4.77,,,,,0,1,Mid-Range,4.75-5.0,Small,Available >30 Days
9.81582E+17,Pune,Balewadi High Street,18.57036,73.77387,Private Room,Private room in bed and breakfast,1,50,1,50,1309,4.82,4.8,4.77,,,,,0,1,Budget,4.75-5.0,Small,Available >30 Days
9.9932E+17,Pune,Unknown,18.5741,73.9134,Entire Home,Entire apartment,4,1,1,1,3508,5,5,4.86,5,4.86,5,5,7,1,Mid-Range,4.75-5.0,Medium,Available >30 Days
1.01009E+18,Pune,Unknown,18.5278,73.9599,Serviced Apartment,Entire serviced apartment,6,2,2,2,1636,4.84,4.69,4.78,4.78,4.84,4.85,4.82,55,1,Budget,4.75-5.0,Large,Available >30 Days
1.01892E+18,Pimpri-Chinchwad,Unknown,18.5752,73.7418,Private Room,Private room in rental unit,2,1,1,1,1835,5,5,4.89,4.78,4.89,5,5,9,1,Budget,4.75-5.0,Small,Available >30 Days
1.03324E+18,Pune,Unknown,18.5125,73.8361,Entire Home,Entire rental unit,9,2.5,3,3,8419,4.76,4.85,4.58,4.53,4.84,4.82,4.93,55,1,Luxury,4.75-5.0,Large,Available >30 Days
1.28962E+18,Pune,Unknown,18.55295828,73.96724129,Entire Home,Entire apartment,4,1,1,1,2500,4.96,4.42,4.98,4.78,4.93,4.95,4.98,55,1,Mid-Range,4.75-5.0,Medium,Available >30 Days
1.54241E+18,Pimpri-Chinchwad,Unknown,18.56854117,73.79532973,Private Room,Private room in guest house,2,1,1,1,1525,4.82,4.8,4.77,,,,,0,1,Budget,4.75-5.0,Small,Available >30 Days
1.54331E+18,Pimpri-Chinchwad,Mhalunge,18.5751,73.7421,Entire Home,Entire rental unit,4,2,2,2,4699,4.94,4.94,4.82,4.88,4.88,5,5,17,1,Premium,4.75-5.0,Medium,Available >30 Days
1.54486E+18,Pune,Unknown,18.53948668,73.89856121,Entire Home,Entire home,6,3,3,3,9094,4.83,4.83,4.83,4.83,4.83,4.67,5,6,1,Luxury,4.75-5.0,Large,Available >30 Days
1.54602E+18,Pimpri-Chinchwad,Unknown,18.66788277,73.71027809,Entire Home,Entire rental unit,5,2,2,2,2116,4.82,4.8,4.77,,,,,0,1,Mid-Range,4.75-5.0,Medium,Available >30 Days
1.54644E+18,Pune,Unknown,18.57527014,73.91338218,Entire Home,Entire rental unit,4,1,1,1,2500,4.92,4.75,4.96,4.96,4.83,4.96,5,24,1,Mid-Range,4.75-5.0,Medium,Available >30 Days
1.62454E+18,Pimpri-Chinchwad,Blue Ridge Town,18.5789841,73.73850695,Entire Home,Entire home,4,1,1,1,2572,4.82,4.8,4.77,,,,,0,1,Mid-Range,4.75-5.0,Medium,Available >30 Days
1.62569E+18,Pune,Unknown,18.57815112,73.89278573,Hotel,Room in boutique hotel,2,1,1,1,1039,4.82,4.8,4.77,,,,,0,1,Budget,4.75-5.0,Small,Available >30 Days
45852865,Pune,Dasar,18.57177,73.78051,Entire Home,Entire rental unit,8,2,1,1,5262,4.68,4.74,4.68,4.53,4.53,4.95,4.79,19,1,Premium,4.5-4.75,Large,Available >30 Days
46648681,Pune,Gorhe,18.40552,73.74587,Entire Home,Entire villa,4,4.5,3,3,17541,4.82,4.8,4.77,,,,,0,1,Luxury,4.75-5.0,Medium,Available >30 Days
46744812,Pune,Shivneri Park,18.5657,73.77849,Hotel,Room in aparthotel,2,1,1,1,3976,4.82,4.8,4.77,,,,,0,1,Mid-Range,4.75-5.0,Small,Available >30 Days
46745012,Pune,Unknown,18.56494,73.77589,Hotel,Room in aparthotel,2,1,1,1,4326,4.82,4.8,4.77,,,,,0,1,Premium,4.75-5.0,Small,Available >30 Days
1.26296E+18,Koregaon Park,Unknown,18.5353,73.8962,Entire Home,Entire rental unit,2,1,1,1,4092,4.81,4.87,4.83,4.83,4.79,4.73,4.87,52,1,Premium,4.75-5.0,Small,Available >30 Days
1.26472E+18,koregaon park,Unknown,18.5351,73.8972,Entire Home,Entire apartment,2,1,1,1,3549,4.85,4.89,4.89,4.77,4.8,4.88,4.91,65,1,Mid-Range,4.75-5.0,Small,Available >30 Days
1.26515E+18,Pimpri-Chinchwad,Pallod Farms,18.55674,73.79215,Private Room,Private room in guest house,2,1,1,1,2037,4.93,4.89,4.81,4.81,4.89,4.93,5,27,1,Mid-Range,4.75-5.0,Small,Available >30 Days
1.34164E+18,Pune,Unknown,18.54531,73.77969,Entire Home,Entire rental unit,4,1,1,1,3948,4.88,4.92,4.92,4.83,4.96,4.96,4.88,24,1,Mid-Range,4.75-5.0,Medium,Available >30 Days
1.34472E+18,Jambhulwadi,Unknown,18.43193,73.8362,Private Room,Private room in rental unit,2,1,1,1,4542,4.82,4.8,4.77,,,,,0,1,Premium,4.75-5.0,Small,Available >30 Days
1.34861E+18,Pune,Unknown,18.54683275,73.77848052,Entire Home,Entire rental unit,2,1,1,1,2846,4.77,4.82,4.73,4.77,4.91,4.86,4.86,22,1,Mid-Range,4.75-5.0,Small,Available >30 Days
1.34995E+18,Pune,Unknown,18.53081,73.91298,Entire Home,Entire rental unit,2,1,1,1,2110,4.67,4.37,4.57,4.43,4.59,4.74,4.72,46,1,Mid-Range,4.5-4.75,Small,Available >30 Days
1.48304E+18,Pune,Unknown,18.5801,73.8946,Hotel,Room in hotel,2,1,1,1,2814,4.77,4.62,4.62,4.62,4.46,4.69,4.46,13,1,Mid-Range,4.75-5.0,Small,Available >30 Days
1.48312E+18,Pune,Unknown,18.54743,73.94734,Hotel,Room in hotel,2,1,1,1,2814,4.67,4.33,4.75,4.42,4.67,4.25,4.75,12,1,Mid-Range,4.5-4.75,Small,Available >30 Days
1.48527E+18,Pune,Balewadi Phata,18.5611,73.7837,Entire Home,Entire home,6,3,3,3,5900,4.17,4.17,3.17,4,4.17,4.33,4,6,1,Premium,4.0-4.5,Large,Available >30 Days
1.48604E+18,Pune,Unknown,18.59054112,73.90901159,Entire Home,Entire rental unit,4,1,1,1,1613,4.25,3.5,4.5,4.13,3.75,4.25,4.75,8,1,Budget,4.0-4.5,Medium,Available >30 Days
1.57092E+18,Pune,Unknown,18.5689,73.9316,Private Room,Private room in guest house,2,1,1,1,1099,3.5,3.75,3.75,3.75,3.5,4.25,4,4,1,Budget,3.0-4.0,Small,Available >30 Days
1.57363E+18,Pune,Unknown,18.51311786,73.93082845,Entire Home,Entire rental unit,6,3,3,3,8185,4.82,4.8,4.77,,,,,0,1,Luxury,4.75-5.0,Large,Available >30 Days
1.62883E+18,Mangadewadi,Unknown,18.4255,73.8456,Entire Home,Entire villa,8,3,3,3,13611,4.82,4.8,4.77,,,,,0,1,Luxury,4.75-5.0,Large,Available >30 Days
1.62896E+18,Pimpri-Chinchwad,Unknown,18.59911448,73.78488305,Entire Home,Entire rental unit,6,2,2,2,5677,4.82,4.8,4.77,,,,,0,1,Premium,4.75-5.0,Large,Available >30 Days
5.61478E+17,Pune,Unknown,18.50948,73.93205,Hotel,Room in hotel,3,1,1,1,3549,4.82,4.8,4.77,,,,,0,1,Mid-Range,4.75-5.0,Medium,Available >30 Days
5.72019E+17,Pune,Unknown,18.53553,73.82854,Entire Home,Entire apartment,2,1,1,1,5847,4.75,4.67,4.75,4.58,4.67,4.75,4.58,12,1,Premium,4.5-4.75,Small,Available >30 Days
5.77166E+17,Pune,Samarth Colony,18.55288,73.77622,Hotel,Room in hotel,2,1,1,1,1620,4.56,4.34,4.53,4.31,4.59,4.72,4.81,32,1,Budget,4.5-4.75,Small,Available >30 Days
5.90814E+17,Pune,Unknown,18.55107,73.9631,Private Room,Private room in bungalow,16,18,18,18,1601,4.82,4.8,4.77,,,,,0,1,Budget,4.75-5.0,Large,Available >30 Days
6061677,Pune,Unknown,18.5468,73.9052,Private Room,Private room in apartment,4,2,2,2,2631,5,5,5,5,5,5,5,1,1,Mid-Range,4.75-5.0,Medium,Available >30 Days
1.04693E+18,Pune,Unknown,18.57982,73.76489,Hotel,Room in hotel,2,1,1,1,1637,3.5,3.75,3.75,3.5,3.5,3.5,4.5,4,1,Budget,3.0-4.0,Small,Available >30 Days
1.05907E+18,Pune,Unknown,18.54157324,73.94220748,Serviced Apartment,Entire serviced apartment,2,1.5,1,1,2560,4.4,4,4.6,4.2,4.8,4.6,4.6,5,1,Mid-Range,4.0-4.5,Small,Available >30 Days
1.30067E+18,Pimpri-Chinchwad,Unknown,18.60815785,73.78957315,Entire Home,Entire apartment,3,1,1,1,1964,4.51,4.22,4.65,4.41,4.43,4.54,4.62,37,1,Budget,4.5-4.75,Medium,Available >30 Days
1.30644E+18,Pune,Unknown,18.55330567,73.89787537,Private Room,Private room in guest house,2,3,3,3,2275,5,5,5,5,5,5,5,3,1,Mid-Range,4.75-5.0,Small,Available >30 Days
1.3077E+18,Pune,Unknown,18.541,73.888,Entire Home,Entire rental unit,8,2,2,2,6782,4.61,4.74,4.63,4.55,4.6,4.8,4.82,96,1,Premium,4.5-4.75,Large,Available >30 Days
1.30784E+18,Pune,Unknown,18.44655037,73.82182055,Entire Home,Entire rental unit,4,1,1,1,2221,4.82,4.8,4.77,,,,,0,1,Mid-Range,4.75-5.0,Medium,Available >30 Days
1.55649E+18,Pune,Unknown,18.538,73.9386,Entire Home,Entire rental unit,4,2,2,2,4634,4.9,4.8,4.9,4.8,4.9,5,4.9,10,1,Premium,4.75-5.0,Medium,Available >30 Days
1.55822E+18,Pune,Unknown,18.56978683,73.90900822,Entire Home,Entire apartment,4,2,2,2,4319,4.88,4.77,4.96,4.92,4.92,4.81,4.88,26,1,Premium,4.75-5.0,Medium,Available >30 Days
1.55909E+18,Pune,Unknown,18.47150198,73.82428541,Entire Home,Entire rental unit,4,1,1,1,2610,4.94,4.94,4.94,4.94,4.88,5,5,16,1,Mid-Range,4.75-5.0,Medium,Available >30 Days
1.55951E+18,Pune,Balewadi Phata,18.563,73.7818,Entire Home,Entire villa,15,6,5,5,16000,5,4.5,5,4.5,5,4.83,5,6,1,Luxury,4.75-5.0,Large,Available >30 Days
1.62587E+18,Pune,Unknown,18.59929903,73.73043686,Hotel,Room in boutique hotel,2,1,1,1,1192,4.82,4.8,4.77,,,,,0,1,Budget,4.75-5.0,Small,Available >30 Days
1.62599E+18,Pune,Unknown,18.52603295,73.8504786,Hotel,Room in boutique hotel,3,1,1,1,3128,4.82,4.8,4.77,,,,,0,1,Mid-Range,4.75-5.0,Medium,Available >30 Days
1.62617E+18,Pune,Balewadi Phata,18.56549855,73.78502834,Hotel,Room in boutique hotel,3,1,1,1,1860,4.82,4.8,4.77,,,,,0,1,Budget,4.75-5.0,Medium,Available >30 Days
1.62711E+18,Pune,Unknown,18.52589721,73.85242164,Hotel,Room in boutique hotel,3,1,1,1,2294,4.82,4.8,4.77,,,,,0,1,Mid-Range,4.75-5.0,Medium,Available >30 Days
1.62761E+18,Pune,Unknown,18.5667,73.91652,Private Room,Private room in home,2,2,1,1,2964,5,5,5,5,4,5,5,1,1,Mid-Range,4.75-5.0,Small,Available >30 Days
48688003,Pune,Unknown,18.5024,73.83075,Hotel,Room in hotel,2,1.5,1,1,2500,4,4,4.5,3,4.5,4.5,4.5,2,1,Mid-Range,3.0-4.0,Small,Available >30 Days
48822454,Pune,Unknown,18.55838,73.9294,Serviced Apartment,Entire serviced apartment,3,1.5,1,1,3500,4,4,5,4,4,4,4,1,1,Mid-Range,3.0-4.0,Medium,Available >30 Days
50313740,Pune,Gahunje,18.66266,73.70736,Entire Home,Entire apartment,2,1,1,1,2923,4.91,4.88,4.96,4.86,5,5,4.96,57,1,Mid-Range,4.75-5.0,Small,Available >30 Days
51414267,Pune,Gahunje,18.66089,73.70951,Entire Home,Entire apartment,3,1,1,1,2373,4.89,4.95,4.68,4.68,4.79,4.95,4.95,19,1,Mid-Range,4.75-5.0,Medium,Available >30 Days
1.07142E+18,Pune,Marutrao Gaikwad nagar,18.55494,73.80927,Entire Home,Entire rental unit,4,2,2,2,4303,4.83,4.91,4.73,4.68,4.85,4.9,4.89,99,1,Premium,4.75-5.0,Medium,Available >30 Days
1.07591E+18,Pimpri-Chinchwad,Unknown,18.6436,73.7989,Entire Home,Entire rental unit,4,2,2,2,3134,4,5,5,5,5,5,5,1,1,Mid-Range,3.0-4.0,Medium,Available >30 Days
1.08121E+18,Pune,Unknown,18.5141,73.9209,Entire Home,Entire bungalow,10,5,5,5,10608,4.72,4.89,4.51,4.68,4.66,4.81,4.85,47,1,Luxury,4.5-4.75,Large,Available >30 Days
1.0838E+18,Wardade,Vaswewadi,18.3787,73.7089,Entire Home,Tiny home,5,1,1,1,3039,4.88,4.75,5,5,4.75,5,5,8,1,Mid-Range,4.75-5.0,Medium,Available >30 Days
1.31536E+18,Pune,Unknown,18.53123778,73.89843843,Entire Home,Entire rental unit,6,2,2,2,6303,4.33,4.33,4.17,4.33,4.33,4.67,4.33,6,1,Premium,4.0-4.5,Large,Available >30 Days
1.31573E+18,Pune,Unknown,18.46149381,73.85555942,Private Room,Private room in home,2,1,1,1,1796,4.67,5,4.33,5,4.83,4.83,5,6,1,Budget,4.5-4.75,Small,Available >30 Days
1.32068E+18,Pimpri-Chinchwad,Unknown,18.64282,73.78584,Entire Home,Entire rental unit,3,2,1,1,6996,4.33,5,4.67,4.67,4.33,5,5,3,1,Premium,4.0-4.5,Medium,Available >30 Days
1.32148E+18,Pimpri-Chinchwad,Gahunje,18.66663,73.70771,Entire Home,Entire rental unit,8,0,1,2,8770,4.82,4.8,4.77,,,,,0,1,Luxury,4.75-5.0,Large,Available >30 Days
1.44793E+18,Pune,Unknown,18.59718,73.96016,Entire Home,Entire home,4,2,2,2,2198,4.4,4,4,4.4,4.4,4.4,4.4,5,1,Mid-Range,4.0-4.5,Medium,Available >30 Days
1.45427E+18,Pune,Unknown,18.50198088,73.7858742,Other,Farm stay,14,1,1,1,5938,4.82,4.8,4.77,,,,,0,1,Premium,4.75-5.0,Large,Available >30 Days
1.45632E+18,Pimpri-Chinchwad,Unknown,18.61027344,73.73604914,Entire Home,Entire rental unit,3,1,1,1,2515,4.82,4.8,4.77,,,,,0,1,Mid-Range,4.75-5.0,Medium,Available >30 Days
1.57528E+18,Pune,Unknown,18.57586896,73.9136286,Entire Home,Entire apartment,2,1,1,1,3136,5,4.88,4.94,4.94,4.88,5,5,16,1,Mid-Range,4.75-5.0,Small,Available >30 Days
1.57543E+18,Pune,Gahunje,18.6622,73.7081,Entire Home,Entire rental unit,4,2,2,2,7016,4.82,4.8,4.77,,,,,0,1,Luxury,4.75-5.0,Medium,Available >30 Days
1.5765E+18,Pune,Unknown,18.4651,73.8192,Entire Home,Entire apartment,3,1,1,1,2246,4.87,4.3,4.78,4.91,4.96,4.91,5,23,1,Mid-Range,4.75-5.0,Medium,Available >30 Days
1.57692E+18,Pune,Baner Gaon,18.5604,73.7928,Private Room,Private room in rental unit,2,1,1,1,1347,5,5,5,5,5,5,5,1,1,Budget,4.75-5.0,Small,Available >30 Days
1.57746E+18,Pune,Marutrao Gaikwad nagar,18.55501202,73.81196917,Entire Home,Entire apartment,8,3,3,3,13626,5,5,5,5,5,4,5,1,1,Luxury,4.75-5.0,Large,Available >30 Days
1.57802E+18,Pune,Unknown,18.57533,73.9147,Entire Home,Entire rental unit,2,1,1,1,2930,5,4.82,5,5,4.91,4.91,5,11,1,Mid-Range,4.75-5.0,Small,Available >30 Days
1.64059E+18,Pune,Unknown,18.5359,73.8996,Private Room,Private room in rental unit,2,1,1,1,1619,4.82,4.8,4.77,,,,,0,1,Budget,4.75-5.0,Small,Available >30 Days
1.64066E+18,Pune,Unknown,18.5439,73.947,Entire Home,Entire rental unit,2,1,1,1,2211,4.82,4.8,4.77,,,,,0,1,Mid-Range,4.75-5.0,Small,Available >30 Days
1.64102E+18,Pune,Unknown,18.58063954,73.8923503,Entire Home,Entire rental unit,4,1,2,2,4542,4.82,4.8,4.77,,,,,0,1,Premium,4.75-5.0,Medium,Available >30 Days
1.6411E+18,Pune,Kalyani Nagar,18.55171645,73.9070993,Entire Home,Entire rental unit,2,1,1,1,1701,4.82,4.8,4.77,,,,,0,1,Budget,4.75-5.0,Small,Available >30 Days
1.64132E+18,Pimpri-Chinchwad,Unknown,18.65816378,73.74371571,Entire Home,Entire guest house,6,3,3,3,6197,4.82,4.8,4.77,,,,,0,1,Premium,4.75-5.0,Large,Available >30 Days
7.75756E+17,Pune,Gahunje,18.66254,73.70735,Entire Home,Entire rental unit,3,1,1,1,4613,4.93,4.84,4.91,4.78,4.9,4.95,4.94,82,1,Premium,4.75-5.0,Medium,Available >30 Days
1.21933E+18,Pune,Unknown,18.5617,73.9083,Private Room,Private room in bed and breakfast,2,1,1,1,3333,4.6,4.9,4.7,4.4,4.6,4.6,4.6,10,1,Mid-Range,4.5-4.75,Small,Available >30 Days
1.35303E+18,Pune,Unknown,18.54462432,73.77838736,Entire Home,Entire rental unit,2,1,1,1,2084,4.52,4.83,4.3,4.3,4.43,4.78,4.57,23,1,Mid-Range,4.5-4.75,Small,Available >30 Days
1.49701E+18,Pune,Unknown,18.54848211,73.77314657,Shared Room,Shared room in apartment,1,1,1,1,1333,5,5,5,5,5,5,5,1,1,Budget,4.75-5.0,Small,Available >30 Days
1.50054E+18,Pune,Unknown,18.5759,73.9143,Entire Home,Entire rental unit,2,1,1,1,2982,4.95,4.9,4.95,4.86,4.95,4.95,4.95,21,1,Mid-Range,4.75-5.0,Small,Available >30 Days
1.50196E+18,Pimpri-Chinchwad,Unknown,18.5933,73.7034,Private Room,Private room in rental unit,2,3,1,1,1517,4.82,4.8,4.77,,,,,0,1,Budget,4.75-5.0,Small,Available >30 Days
1.50218E+18,Pune,Unknown,18.62639229,73.91158326,Entire Home,Entire rental unit,4,1,1,1,2580,4.94,4.74,4.95,4.9,4.96,4.96,4.99,77,1,Mid-Range,4.75-5.0,Medium,Available >30 Days
1.50445E+18,Pune,Unknown,18.5759,73.9143,Entire Home,Entire rental unit,4,1,1,1,2713,4.92,5,4.83,5,5,5,5,12,1,Mid-Range,4.75-5.0,Medium,Available >30 Days
1.58463E+18,Pune,Unknown,18.5766415,73.96969224,Hotel,Room in hotel,3,1,1,1,2100,4.82,4.8,4.77,,,,,0,1,Mid-Range,4.75-5.0,Medium,Available >30 Days
1.58546E+18,Pune,Nigde Mose,18.387,73.6927,Entire Home,Entire villa,12,5,3,3,18024,5,5,5,5,5,5,5,2,1,Luxury,4.75-5.0,Large,Available >30 Days
1.58644E+18,Mangadewadi,Unknown,18.39493826,73.85420026,Entire Home,Entire home,6,2,2,2,7893,4,4,4,4,4,5,5,1,1,Luxury,3.0-4.0,Large,Available >30 Days
1.58714E+18,Pune,Unknown,18.54681,73.77926,Entire Home,Entire rental unit,2,1,1,1,2495,5,5,5,4.75,4.75,5,4.75,4,1,Mid-Range,4.75-5.0,Small,Available >30 Days
1.58838E+18,Pune,Gahunje,18.6644,73.7082,Entire Home,Entire rental unit,4,1,1,1,2684,5,4.92,5,4.92,4.85,5,5,13,1,Mid-Range,4.75-5.0,Medium,Available >30 Days
1.64398E+18,Pune,Unknown,18.57031156,73.90539445,Entire Home,Entire rental unit,4,1,1,1,2186,4.82,4.8,4.77,,,,,0,1,Mid-Range,4.75-5.0,Medium,Available >30 Days
1.64419E+18,Dattwadi,Punawale,18.62959428,73.74245246,Entire Home,Entire rental unit,3,1,1,1,1897,5,5,5,5,5,5,5,1,1,Budget,4.75-5.0,Medium,Available >30 Days
1.64477E+18,Pune,Unknown,18.58485079,73.76478677,Entire Home,Entire rental unit,2,1,1,1,2009,4.67,4.67,4.67,4.67,4.67,4.67,4.67,3,1,Mid-Range,4.5-4.75,Small,Available >30 Days
1.64566E+18,Pune,Balewadi Phata,18.56592617,73.77112753,Private Room,Private room in bungalow,2,2,1,1,3406,4.82,4.8,4.77,,,,,0,1,Mid-Range,4.75-5.0,Small,Available >30 Days
6.39004E+17,Pune,Shivneri Park,18.56624,73.77883,Hotel,Room in hotel,2,1,1,1,2099,5,5,5,5,5,5,5,1,1,Mid-Range,4.75-5.0,Small,Available >30 Days
6.3973E+17,Pune,Balewadi High Street,18.56606,73.77749,Private Room,Private room in villa,2,1,1,1,1999,4.71,4.57,4.86,4.29,4.71,4.57,4.86,7,1,Budget,4.5-4.75,Small,Available >30 Days
6.44469E+17,Pune,Unknown,18.50699,73.8763,Entire Home,Entire apartment,5,1,1,1,2656,4.43,4.13,4.52,4.22,4.61,4.74,4.7,23,1,Mid-Range,4.0-4.5,Medium,Available >30 Days
6.78202E+17,Pune,Unknown,18.53086,73.91646,Private Room,Private room in apartment,2,1.5,1,1,2596,4.85,4.8,4.85,4.75,4.75,4.9,4.8,20,1,Mid-Range,4.75-5.0,Small,Available >30 Days
6.85123E+17,Pune,Unknown,18.5362,73.894,Serviced Apartment,Entire serviced apartment,2,1.5,1,1,7016,5,5,5,4,5,5,5,1,1,Luxury,4.75-5.0,Small,Available >30 Days
1.11437E+18,Pimpri-Chinchwad,Unknown,18.5781,73.7385,Entire Home,Entire rental unit,4,1,1,1,3566,4.82,4.8,4.77,,,,,0,1,Mid-Range,4.75-5.0,Medium,Available >30 Days
1.12076E+18,Pimpri-Chinchwad,Tathawade,18.61236494,73.74365074,Entire Home,Entire rental unit,3,1,1,1,2622,4.82,4.8,4.77,,,,,0,1,Mid-Range,4.75-5.0,Medium,Available >30 Days
1.12381E+18,Pune,Unknown,18.53209,73.90049,Private Room,Private room in rental unit,2,1,1,1,1806,4.75,5,4.92,4.58,4.75,5,4.92,12,1,Budget,4.5-4.75,Small,Available >30 Days
1.13412E+18,Pune,Samarth Colony,18.55638174,73.77651065,Entire Home,Entire rental unit,6,4,4,4,6501,4.85,4.85,4.71,4.91,4.85,4.88,4.88,34,1,Premium,4.75-5.0,Large,Available >30 Days
1.13939E+18,Dattwadi,Tathawade,18.61249,73.74381,Entire Home,Entire rental unit,3,1,1,1,2951,4.82,4.8,4.77,,,,,0,1,Mid-Range,4.75-5.0,Medium,Available >30 Days
1.37947E+18,Pune,Unknown,18.54666285,73.77878502,Entire Home,Entire rental unit,2,1,1,1,2299,4.39,4.78,4.28,4.44,4.28,4.83,4.83,18,1,Mid-Range,4.0-4.5,Small,Available >30 Days
1.38386E+18,Pune,Balewadi High Street,18.57264532,73.77114677,Entire Home,Entire rental unit,4,2,2,2,3297,4.78,4.84,4.76,4.84,4.76,4.9,4.92,51,1,Mid-Range,4.75-5.0,Medium,Available >30 Days
1.39265E+18,Pune,Unknown,18.58564,74.00313,Entire Home,Entire rental unit,5,2,2,2,2572,4.92,4.92,4.92,4.92,5,5,5,12,1,Mid-Range,4.75-5.0,Medium,Available >30 Days
1.50651E+18,Pune,Unknown,18.5377,73.8985,Entire Home,Entire rental unit,3,1,1,1,3929,5,5,5,4.6,4.6,5,5,5,1,Mid-Range,4.75-5.0,Medium,Available >30 Days
1.51079E+18,Pune,Unknown,18.5324,73.8751,Serviced Apartment,Entire serviced apartment,5,2,2,2,4740,4.46,4.08,4.46,4.54,4.54,4.62,4.46,13,1,Premium,4.0-4.5,Medium,Available >30 Days
1.51092E+18,Pune,Unknown,18.60357198,73.73567116,Hotel,Room in boutique hotel,2,1,1,1,1107,1,2,1,1,2,1,3,1,1,Budget,Below 3,Small,Available >30 Days
1.64793E+18,Pune,Unknown,18.59475612,73.90813531,Entire Home,Entire villa,2,1,1,1,1342,4.82,4.8,4.77,,,,,0,1,Budget,4.75-5.0,Small,Available >30 Days
1.65086E+18,Pune,Unknown,18.54116857,73.92216824,Entire Home,Entire rental unit,2,1,1,1,2166,4.82,4.8,4.77,,,,,0,1,Mid-Range,4.75-5.0,Small,Available >30 Days
1.65129E+18,Pune,Gahunje,18.66410784,73.70727111,Entire Home,Entire rental unit,2,1,1,1,4443,4.82,4.8,4.77,,,,,0,1,Premium,4.75-5.0,Small,Available >30 Days
7.9675E+17,Pune,Unknown,18.5533,73.9615,Private Room,Private room in rental unit,1,1,1,1,2923,4.82,4.8,4.77,,,,,0,1,Mid-Range,4.75-5.0,Small,Available >30 Days
8.29363E+17,Pune,Unknown,18.57572,73.91699,Entire Home,Entire rental unit,16,4,4,4,11811,5,5,5,5,5,5,5,4,1,Luxury,4.75-5.0,Large,Available >30 Days
1.17307E+18,Pune,Gahunje,18.66517,73.70801,Entire Home,Entire rental unit,2,1,1,1,2783,4.31,4.69,4.08,4,4.31,4.77,4.23,13,1,Mid-Range,4.0-4.5,Small,Available >30 Days
11744320,Pune,Bavdhan,18.50243,73.76465,Entire Home,Entire villa,12,4,4,4,12367,3.63,4.13,2.88,3.63,4.13,4.75,4.63,8,1,Luxury,3.0-4.0,Large,Available >30 Days
1.3651E+18,Pune,Unknown,18.54728906,73.77852314,Entire Home,Entire rental unit,3,1,1,1,2699,4.38,4.5,4.13,4,4.38,4.38,4.13,8,1,Mid-Range,4.0-4.5,Medium,Available >30 Days
1.37095E+18,Pune,Kalyani Nagar,18.5517,73.9095,Entire Home,Entire rental unit,6,2,2,2,4092,4.88,5,4.63,4.63,4.75,5,4.88,8,1,Premium,4.75-5.0,Large,Available >30 Days
1.49029E+18,Pune,Unknown,18.548,73.9478,Hotel,Room in hotel,2,1,1,1,3090,4.82,4.8,4.77,,,,,0,1,Mid-Range,4.75-5.0,Small,Available >30 Days
1.49527E+18,Pune,Unknown,18.56515937,73.90758748,Entire Home,Entire rental unit,2,1,1,1,2208,4.88,5,4.88,4.75,5,4.88,5,8,1,Mid-Range,4.75-5.0,Small,Available >30 Days
1.56277E+18,Pune,Unknown,18.4251,73.7368,Entire Home,Entire home,12,4,4,4,21600,4.82,4.8,4.77,,,,,0,1,Luxury,4.75-5.0,Large,Available >30 Days
1.63688E+18,Pune,Unknown,18.5292664,73.91371874,Entire Home,Entire rental unit,3,1,1,1,1864,5,5,4,5,5,5,5,1,1,Budget,4.75-5.0,Medium,Available >30 Days
1.63762E+18,Pune,Balewadi Phata,18.56642,73.78731,Entire Home,Entire rental unit,4,1,1,1,2884,5,5,5,5,5,5,5,1,1,Mid-Range,4.75-5.0,Medium,Available >30 Days
1.63784E+18,Pune,Unknown,18.57547,73.91363,Entire Home,Entire rental unit,4,1,1,1,3500,4.82,4.8,4.77,,,,,0,1,Mid-Range,4.75-5.0,Medium,Available >30 Days
6.89713E+17,Pune,Unknown,18.5604,73.8111,Entire Home,Entire apartment,3,1.5,1,1,1983,4.71,4.83,4.58,4.56,4.66,4.85,4.89,80,1,Budget,4.5-4.75,Medium,Available >30 Days
6.9534E+17,Pune,Unknown,18.519,73.9462,Entire Home,Entire apartment,4,1,1,1,4343,4.94,4.78,4.91,4.8,4.9,4.95,4.99,80,1,Premium,4.75-5.0,Medium,Available >30 Days
7.0018E+17,Pune,Unknown,18.4592,73.7882,Entire Home,Entire apartment,5,2,2,2,4399,4.95,4.89,4.89,4.97,4.95,4.95,4.97,37,1,Premium,4.75-5.0,Medium,Available >30 Days
7.34516E+17,Pimpri-Chinchwad,Blue Ridge Town,18.57874,73.73972,Entire Home,Entire holiday home,3,1,1,1,3625,4.82,4.8,4.77,,,,,0,1,Mid-Range,4.75-5.0,Medium,Available >30 Days
1.19344E+18,Dattwadi,Tathawade,18.61282,73.74552,Entire Home,Entire rental unit,3,1,1,1,2337,4.82,4.8,4.77,,,,,0,1,Mid-Range,4.75-5.0,Medium,Available >30 Days
1.19464E+18,Pune,Unknown,18.5204,73.9399,Entire Home,Entire rental unit,6,3,3,3,12161,4,4,3,3,4,4,4,1,1,Luxury,3.0-4.0,Large,Available >30 Days
1.19594E+18,Dattwadi,Tathawade,18.61415,73.74514,Entire Home,Entire rental unit,3,1,1,1,2325,4.82,4.8,4.77,,,,,0,1,Mid-Range,4.75-5.0,Medium,Available >30 Days
1.43734E+18,Pune,Unknown,18.59157,73.96076,Private Room,Private room in home,2,1,1,1,1799,5,4.5,5,5,5,5,5,6,1,Budget,4.75-5.0,Small,Available >30 Days
1.43736E+18,Pune,Unknown,18.59078,73.96135,Entire Home,Entire home,3,1,2,2,2098,5,5,4.67,4.67,5,5,5,3,1,Mid-Range,4.75-5.0,Medium,Available >30 Days
14378496,Pune,Unknown,18.50155,73.80451,Private Room,Private room in bungalow,4,1,1,1,2338,4,4.67,4.4,4.33,4.56,4.44,4.33,10,1,Mid-Range,3.0-4.0,Medium,Available >30 Days
1.43913E+18,Pimpri-Chinchwad,Unknown,18.60041,73.78271,Entire Home,Entire rental unit,4,2,2,2,3401,4.82,4.8,4.77,,,,,0,1,Mid-Range,4.75-5.0,Medium,Available >30 Days
1.44282E+18,Pune,Manjari Budruk,18.5227,73.9845,Serviced Apartment,Entire serviced apartment,4,1,1,1,1105,5,4.63,4.88,5,4.88,5,5,8,1,Budget,4.75-5.0,Medium,Available >30 Days
1.44288E+18,Pune,Manjari Budruk,18.5227,73.9845,Serviced Apartment,Entire serviced apartment,4,1,1,1,1105,4.67,4.67,5,4.33,4.67,4.67,4.67,3,1,Budget,4.5-4.75,Medium,Available >30 Days
1.44709E+18,Pune,Samarth Colony,18.55887,73.77382,Entire Home,Entire home,14,3,4,4,6190,4,4.4,3.4,4,4,4.2,4.2,5,1,Premium,3.0-4.0,Large,Available >30 Days
1.51875E+18,Pune,Unknown,18.53279504,73.87623831,Private Room,Private room in serviced apartment,2,1,1,1,3072,5,4.5,4.88,4.63,4.75,5,4.88,8,1,Mid-Range,4.75-5.0,Small,Available >30 Days
1.51921E+18,Pune,Unknown,18.56517374,73.78785736,Private Room,Private room in rental unit,2,2,1,1,2455,5,5,5,5,5,5,5,1,1,Mid-Range,4.75-5.0,Small,Available >30 Days
1.52093E+18,Pimpri-Chinchwad,Unknown,18.5791,73.7862,Entire Home,Entire rental unit,3,1,1,1,2560,5,5,4.5,4.75,5,5,5,4,1,Mid-Range,4.75-5.0,Medium,Available >30 Days
1.5228E+18,Pune,Unknown,18.56579287,73.78145953,Private Room,Private room in bed and breakfast,2,1,1,1,2454,5,5,5,5,5,5,5,2,1,Mid-Range,4.75-5.0,Small,Available >30 Days
1.60156E+18,Pune,Unknown,18.5335,73.9225,Private Room,Private room in rental unit,2,1,1,1,2500,5,5,5,5,5,5,5,2,1,Mid-Range,4.75-5.0,Small,Available >30 Days
1.6038E+18,Pune,Unknown,18.54197,73.92156,Entire Home,Entire apartment,2,1,1,1,1976,4.88,4.75,4.88,4.75,4.75,4.88,4.75,8,1,Budget,4.75-5.0,Small,Available >30 Days
1.60442E+18,Pune,Unknown,18.51554042,73.81645246,Entire Home,Entire rental unit,10,2.5,2,2,3072,1,4,1,2,5,5,4,1,1,Mid-Range,Below 3,Large,Available >30 Days
1.65274E+18,Pune,Unknown,18.55364,73.96053,Entire Home,Entire rental unit,3,1,1,1,3576,4.82,4.8,4.77,,,,,0,1,Mid-Range,4.75-5.0,Medium,Available >30 Days
1.6529E+18,Pune,Unknown,18.64488769,73.82465347,Entire Home,Entire villa,2,1,1,1,1753,4.82,4.8,4.77,,,,,0,1,Budget,4.75-5.0,Small,Available >30 Days
1.65411E+18,Pune,Gahunje,18.6619,73.7031,Entire Home,Entire rental unit,3,1,1,1,3406,4.82,4.8,4.77,,,,,0,1,Mid-Range,4.75-5.0,Medium,Available >30 Days
9.26899E+17,Pune,Unknown,18.5639,73.9086,Entire Home,Entire rental unit,2,1.5,1,1,3449,4.88,4.76,4.88,4.75,4.9,4.89,4.92,109,1,Mid-Range,4.75-5.0,Small,Available >30 Days
1.27516E+18,Pune,Unknown,18.5088,73.8302,Entire Home,Entire rental unit,4,2,1,1,3808,4.91,4.83,4.97,4.83,4.86,4.97,4.89,35,1,Mid-Range,4.75-5.0,Medium,Available >30 Days
12784886,Pune,Unknown,18.56763,73.77076,Private Room,Private room in rental unit,2,1,1,1,1754,4.87,4.88,4.76,4.81,4.83,4.89,4.94,144,1,Budget,4.75-5.0,Small,Available >30 Days
1.42294E+18,Pune,Pallod Farms,18.55699626,73.79267757,Private Room,Private room in guest house,2,1,1,1,1599,4.82,4.8,4.77,,,,,0,1,Budget,4.75-5.0,Small,Available >30 Days
1.42554E+18,Pune,Unknown,18.596,73.91,Private Room,Private room in home,2,1,1,1,1310,4.98,4.86,5,4.93,4.98,5,5,42,1,Budget,4.75-5.0,Small,Available >30 Days
1.42917E+18,Pune,Gahunje,18.6642,73.7053,Entire Home,Entire apartment,4,1,1,1,4580,5,5,5,5,5,5,5,13,1,Premium,4.75-5.0,Medium,Available >30 Days
1.43319E+18,Pune,Unknown,18.56135343,73.77660057,Private Room,Private room in bed and breakfast,2,1,1,1,1715,4.74,4.72,4.74,4.74,4.77,4.77,4.81,57,1,Budget,4.5-4.75,Small,Available >30 Days
1.52389E+18,Pune,Balewadi Phata,18.56406,73.78376,Entire Home,Entire home,11,3,3,3,7858,4.08,4.54,4.23,4.15,4.31,4.46,4.38,13,1,Luxury,4.0-4.5,Large,Available >30 Days
1.52662E+18,Pune,Unknown,18.4764,73.8158,Entire Home,Entire rental unit,6,2,2,2,4092,5,4.5,4.64,4.64,4.86,4.86,5,14,1,Premium,4.75-5.0,Large,Available >30 Days
1.52823E+18,Pune,Unknown,18.54264409,73.92872209,Entire Home,Entire rental unit,4,1,1,1,2441,4,4.25,4,3.75,4.25,4,3.75,4,1,Mid-Range,3.0-4.0,Medium,Available >30 Days
1.60881E+18,Marunji,Marunji,18.6124782,73.7158778,Private Room,Private room in home,4,6,2,2,1351,4.82,4.8,4.77,,,,,0,1,Budget,4.75-5.0,Medium,Available >30 Days
1.61097E+18,Pune,Chakankar Mala,18.56862332,73.78273041,Entire Home,Entire rental unit,10,2,2,2,5028,4.82,4.8,4.77,,,,,0,1,Premium,4.75-5.0,Large,Available >30 Days
1.65582E+18,Pune,Unknown,18.45727569,73.83666286,Entire Home,Entire villa,2,1,1,1,1535,4.82,4.8,4.77,,,,,0,1,Budget,4.75-5.0,Small,Available >30 Days
20952567,Pune,Samarth Colony,18.55656,73.77377,Entire Home,Entire home,10,2,2,2,2565,4.87,4.82,4.83,4.78,4.89,4.94,4.93,140,1,Mid-Range,4.75-5.0,Large,Available >30 Days
22311018,Pune,Unknown,18.5318,73.897,Private Room,Private room in rental unit,3,1,1,1,2799,4.79,4.92,4.83,4.73,4.82,4.84,4.88,320,1,Mid-Range,4.75-5.0,Medium,Available >30 Days
23054797,Pune,Unknown,18.54357,73.85253,Private Room,Private room in rental unit,4,1,1,1,1961,4.86,5,4.57,4.86,4.71,4.86,4.86,7,1,Budget,4.75-5.0,Medium,Available >30 Days
8.47449E+17,Pune,Unknown,18.54389,73.93839,Entire Home,Entire rental unit,2,1,1,1,3917,4.93,4.88,4.88,4.9,4.95,4.93,4.93,40,1,Mid-Range,4.75-5.0,Small,Available >30 Days
8.48103E+17,Pune,Unknown,18.55119,73.96299,Private Room,Private room in bungalow,16,1.5,1,1,1593,4.82,4.8,4.77,,,,,0,1,Budget,4.75-5.0,Large,Available >30 Days
8.71352E+17,Pimpri-Chinchwad,Tathawade,18.61335,73.74403,Private Room,Private room in bed and breakfast,3,1,1,1,2520,4.82,4.8,4.77,,,,,0,1,Mid-Range,4.75-5.0,Medium,Available >30 Days
1.1563E+18,Pune,Unknown,18.5154,73.8791,Entire Home,Entire rental unit,9,2,3,3,7560,4.91,4.95,4.89,4.82,4.92,4.89,4.97,66,1,Luxury,4.75-5.0,Large,Available >30 Days
1.41292E+18,Pune,Unknown,18.5194,73.9329,Entire Home,Entire rental unit,3,1,1,1,2280,4.82,4.8,4.77,,,,,0,1,Mid-Range,4.75-5.0,Medium,Available >30 Days
1.41532E+18,Pune,Unknown,18.46285166,73.92185787,Entire Home,Entire apartment,4,2,2,2,5190,4.69,4.5,4.35,4.73,4.73,4.85,4.81,26,1,Premium,4.5-4.75,Medium,Available >30 Days
1.41948E+18,Pune,Unknown,18.55151631,73.77745268,Hotel,Room in hotel,2,1,1,1,1754,4.82,4.8,4.77,,,,,0,1,Budget,4.75-5.0,Small,Available >30 Days
1.4223E+18,Pune,Unknown,18.51828,73.944,Entire Home,Entire rental unit,2,1,1,1,3176,4.93,4.89,4.85,4.81,5,4.93,5,27,1,Mid-Range,4.75-5.0,Small,Available >30 Days
1.53084E+18,Pimpri-Chinchwad,Parkhe Vasti,18.59239,73.74533,Entire Home,Entire apartment,4,2,2,2,4116,4.95,4.89,4.53,4.84,4.89,5,5,19,1,Premium,4.75-5.0,Medium,Available >30 Days
1.53256E+18,Pune,Unknown,18.4952,73.8141,Entire Home,Entire rental unit,6,2,3,3,5845,4.82,4.8,4.77,,,,,0,1,Premium,4.75-5.0,Large,Available >30 Days
1.5353E+18,Pune,Gahunje,18.66514668,73.70713263,Entire Home,Entire rental unit,2,1,1,1,3307,4.82,4.8,4.77,,,,,0,1,Mid-Range,4.75-5.0,Small,Available >30 Days
1.53531E+18,Pune,Unknown,18.5756,73.914,Entire Home,Entire apartment,3,1,1,2,3024,4.53,4.87,4.53,4.73,4.8,4.93,4.87,15,1,Mid-Range,4.5-4.75,Medium,Available >30 Days
1.53634E+18,Pune,Unknown,18.5518,73.9508,Entire Home,Entire rental unit,2,1,1,1,3156,4.82,4.8,4.77,,,,,0,1,Mid-Range,4.75-5.0,Small,Available >30 Days
1.53748E+18,Pune,Unknown,18.57544115,73.91380258,Entire Home,Entire apartment,2,1,1,1,3367,4.94,4.89,4.89,4.83,5,5,5,18,1,Mid-Range,4.75-5.0,Small,Available >30 Days
1.53822E+18,Pune,Unknown,18.3971,73.7619,Entire Home,Entire home,13,4,3,3,15997,5,5,5,5,5,5,5,1,1,Luxury,4.75-5.0,Large,Available >30 Days
1.61221E+18,Pune,Unknown,18.5756,73.9141,Entire Home,Entire rental unit,2,1,1,1,3173,5,5,5,5,5,5,5,3,1,Mid-Range,4.75-5.0,Small,Available >30 Days
1.61234E+18,Pune,Unknown,18.57451043,73.91427567,Entire Home,Entire rental unit,2,1,1,1,2515,4.82,4.8,4.77,,,,,0,1,Mid-Range,4.75-5.0,Small,Available >30 Days
1.61393E+18,Pune,Maan,18.5816,73.7248,Entire Home,Entire apartment,6,2,2,2,4958,4.2,4,4,4.4,4.2,4.8,4.6,5,1,Premium,4.0-4.5,Large,Available >30 Days
39832238,India,Unknown,18.46448,73.91747,Entire Home,Entire bungalow,4,2,2,2,5372,5,4.88,4.96,4.92,5,5,4.96,49,1,Premium,4.75-5.0,Medium,Available >30 Days
9.46068E+17,Pune,Unknown,18.5404,73.8995,Private Room,Private room in home,2,1,1,1,3040,4.78,5,4.78,4.78,4.78,4.89,5,9,1,Mid-Range,4.75-5.0,Small,Available >30 Days
1.22963E+18,Pune,Unknown,18.5389,73.9397,Entire Home,Entire rental unit,4,1,1,1,2221,4.75,4.71,4.69,4.67,4.75,4.9,4.9,48,1,Mid-Range,4.5-4.75,Medium,Available >30 Days
1.23151E+18,Pune,Unknown,18.5418,73.8899,Private Room,Private room in rental unit,2,1,1,1,1169,4.42,4.47,4.53,4.26,4.42,4.42,4.58,19,1,Budget,4.0-4.5,Small,Available >30 Days
1.24209E+18,Pune,Unknown,18.54637,73.77811,Entire Home,Entire rental unit,3,1,1,1,2914,4.85,4.83,4.79,4.73,4.85,4.77,4.92,48,1,Mid-Range,4.75-5.0,Medium,Available >30 Days
1.24704E+18,Pune,Blue Ridge Town,18.5789,73.7364,Entire Home,Entire rental unit,2,1,1,1,2209,3.4,4.8,3.2,3.2,3.4,4,4.8,5,1,Mid-Range,3.0-4.0,Small,Available >30 Days
1.39556E+18,Pune,Unknown,18.5633,73.7757,Private Room,Private room in bed and breakfast,2,1,1,1,1540,4.77,4.87,4.65,4.72,4.75,4.89,4.84,79,1,Budget,4.75-5.0,Small,Available >30 Days
1.39695E+18,Pune,Unknown,18.4536,73.8315,Entire Home,Entire rental unit,4,2,2,2,3880,5,5,5,5,5,5,5,7,1,Mid-Range,4.75-5.0,Medium,Available >30 Days
1.5131E+18,Pune,Unknown,18.47394214,73.82061633,Hotel,Room in boutique hotel,2,1,1,1,2220,4.82,4.8,4.77,,,,,0,1,Mid-Range,4.75-5.0,Small,Available >30 Days
1.5166E+18,Pune,Balewadi Phata,18.5643,73.7836,Shared Room,Shared room in guest house,1,1,1,1,1010,4.82,4.8,4.77,,,,,0,1,Budget,4.75-5.0,Small,Available >30 Days
1.59568E+18,Pune,Unknown,18.57678806,73.77086571,Entire Home,Entire rental unit,5,2,2,2,3199,4.75,4.75,4.5,4.75,4.75,4.88,4.63,8,1,Mid-Range,4.5-4.75,Medium,Available >30 Days
1.59792E+18,Pune,Bhugaon,18.4924,73.74,Entire Home,Entire home,16,5,5,5,20192,5,5,5,3,5,5,5,1,1,Luxury,4.75-5.0,Large,Available >30 Days
1.59852E+18,Pune,Unknown,18.5122,73.8717,Entire Home,Entire rental unit,4,1,2,2,3337,5,4,5,4.5,5,4.5,5,2,1,Mid-Range,4.75-5.0,Medium,Available >30 Days
24458749,Pune,Malkhed,18.38796,73.69345,Entire Home,Entire villa,16,2,2,2,2387,4.74,4.74,4.3,4.65,4.67,4.8,4.87,54,1,Mid-Range,4.5-4.75,Large,Available >30 Days
25900005,Pune,Gahunje,18.66107,73.70855,Entire Home,Entire home,6,2,2,2,5559,4.93,4.87,4.9,4.81,4.85,4.96,4.94,101,1,Premium,4.75-5.0,Large,Available >30 Days
2943627,Pune,Unknown,18.57008,73.90937,Private Room,Private room in home,4,1,1,1,1754,4.51,4.7,4.53,4.54,4.68,4.72,4.84,57,1,Budget,4.5-4.75,Medium,Available >30 Days
32177433,Pune,Kalyani Nagar,18.54483,73.90321,Private Room,Private room in townhouse,2,1,1,1,2865,4.9,5,4.6,4.5,4.9,5,5,10,1,Mid-Range,4.75-5.0,Small,Available >30 Days
8.78453E+17,Pune,Maan,18.57744,73.71373,Private Room,Private room in apartment,2,1,1,1,1226,4.75,4.77,4.43,4.75,4.77,4.85,4.8,75,1,Budget,4.5-4.75,Small,Available >30 Days
8.92358E+17,Pimpri-Chinchwad,Gahunje,18.665,73.7067,Entire Home,Entire apartment,4,1,1,1,3100,4.81,4.89,4.65,4.67,4.83,4.9,4.93,99,1,Mid-Range,4.75-5.0,Medium,Available >30 Days
1.10047E+18,Pune,Unknown,18.6059,73.9387,Entire Home,Entire home,4,1,2,2,3406,4.82,4.8,4.77,,,,,0,1,Mid-Range,4.75-5.0,Medium,Available >30 Days
1.10704E+18,Pune,Unknown,18.5531,73.9615,Hotel,Room in hotel,2,1,1,1,4326,4.82,4.8,4.77,,,,,0,1,Premium,4.75-5.0,Small,Available >30 Days
1.33179E+18,Pune,Unknown,18.5556,73.7472,Entire Home,Entire apartment,2,1,1,1,2252,4.88,4.64,5,4.8,4.92,4.92,4.96,25,1,Mid-Range,4.75-5.0,Small,Available >30 Days
1.33536E+18,Yewalewadi,Yewalewadi,18.43998711,73.88744486,Entire Home,Tiny home,2,1,1,1,1514,4.6,4.6,4.8,4.8,4.4,4.6,4.8,5,1,Budget,4.5-4.75,Small,Available >30 Days
1.33822E+18,Pimpri-Chinchwad,Blue Ridge Town,18.5793,73.7348,Entire Home,Entire rental unit,2,1,1,1,2110,4.78,4.28,4.91,4.66,4.75,4.78,4.95,64,1,Mid-Range,4.75-5.0,Small,Available >30 Days
1.54857E+18,Pune,Unknown,18.5757,73.9143,Entire Home,Entire rental unit,3,1,1,1,3807,4.89,4.89,4.94,4.94,4.94,4.94,4.94,18,1,Mid-Range,4.75-5.0,Medium,Available >30 Days
1.54866E+18,Pune,Unknown,18.54057,73.88633,Entire Home,Entire home,2,1,1,1,2980,4,4,4,4,4,4,4,1,1,Mid-Range,3.0-4.0,Small,Available >30 Days
1.54903E+18,Pune,Unknown,18.54095,73.88775,Entire Home,Entire rental unit,2,1,1,1,2822,5,5,5,4,4,5,5,1,1,Mid-Range,4.75-5.0,Small,Available >30 Days
1.61658E+18,Pune,Unknown,18.54112348,73.9230821,Entire Home,Entire rental unit,2,1,1,1,2261,4.75,4.75,4.75,4.88,4.88,5,5,8,1,Mid-Range,4.5-4.75,Small,Available >30 Days
1.61881E+18,Pune,Unknown,18.54253,73.92269,Entire Home,Entire rental unit,2,1,1,1,2446,5,4.5,4.5,5,5,5,5,2,1,Mid-Range,4.75-5.0,Small,Available >30 Days
54337023,Pune,Samarth Colony,18.55344,73.77541,Hotel,Room in hotel,2,1,1,1,1569,4.59,4.53,4.47,4.58,4.52,4.8,4.73,64,1,Budget,4.5-4.75,Small,Available >30 Days
5.52047E+17,Pune,Samarth Colony,18.55389,73.77514,Hotel,Room in hotel,2,1,1,1,1653,4.38,4.48,4.62,4.45,4.48,4.55,4.62,29,1,Budget,4.0-4.5,Small,Available >30 Days
9.75786E+17,Pune,Unknown,18.53337,73.92396,Private Room,Private room in home,3,1,1,1,1492,1,1,1,1,1,1,1,1,1,Budget,Below 3,Medium,Available >30 Days
9.78708E+17,Pimpri-Chinchwad,Unknown,18.61902,73.79482,Private Room,Private room in home,8,1,2,2,2130,4.4,4.2,4.2,4.2,4.4,4.6,4.6,5,1,Mid-Range,4.0-4.5,Large,Available >30 Days
9.91435E+17,Pune,Unknown,18.54301,73.88792,Serviced Apartment,Entire serviced apartment,3,1,1,1,3180,5,5,5,5,5,5,5,3,1,Mid-Range,4.75-5.0,Medium,Available >30 Days
1.28959E+18,Pune,Unknown,18.55422067,73.96921727,Entire Home,Entire apartment,4,1,1,1,2500,4.9,4.3,4.93,4.73,4.87,4.9,4.97,30,1,Mid-Range,4.75-5.0,Medium,Available >30 Days
1.45989E+18,Pune,Unknown,18.531,73.9129,Entire Home,Entire rental unit,2,1,1,1,1695,3.75,3.63,3.38,3.63,4.13,4.88,4.63,8,1,Budget,3.0-4.0,Small,Available >30 Days
1.46025E+18,Pune,Unknown,18.59815854,73.73079443,Hotel,Room in boutique hotel,2,1,1,1,1275,4.82,4.8,4.77,,,,,0,1,Budget,4.75-5.0,Small,Available >30 Days
1.46462E+18,Pune,Unknown,18.5424,73.9415,Entire Home,Entire rental unit,2,1,1,1,2822,4.65,5,4.94,4.65,4.71,4.71,4.88,17,1,Mid-Range,4.5-4.75,Small,Available >30 Days
1.54212E+18,Pune,Unknown,18.48208891,73.90269153,Entire Home,Entire rental unit,2,1,1,1,2138,4.83,4.5,4.83,4.83,5,5,5,6,1,Mid-Range,4.75-5.0,Small,Available >30 Days
1.54277E+18,Pune,Unknown,18.54613,73.77815,Private Room,Private room,2,1,1,1,2223,4.47,4.58,4.42,4.47,4.58,4.47,4.53,19,1,Mid-Range,4.0-4.5,Small,Available >30 Days
1.54484E+18,Donaje,Unknown,18.40622,73.76905,Entire Home,Entire home,10,3,2,2,4209,3.75,4.25,3.5,3.75,3.75,4.5,4.75,4,1,Premium,3.0-4.0,Large,Available >30 Days
1.5464E+18,Pune,Unknown,18.54230763,73.98461978,Entire Home,Entire rental unit,3,1,1,1,2916,4.83,4.5,5,4.83,5,5,4.83,6,1,Mid-Range,4.75-5.0,Medium,Available >30 Days
1.54759E+18,Pune,Unknown,18.54024,73.92224,Entire Home,Entire rental unit,2,1,1,1,2011,4.83,4.5,4.73,4.75,4.79,4.83,4.94,48,1,Mid-Range,4.75-5.0,Small,Available >30 Days
1.62227E+18,Pune,Balewadi Phata,18.56517188,73.78144581,Entire Home,Entire home,11,5,5,5,15388,4.82,4.8,4.77,,,,,0,1,Luxury,4.75-5.0,Large,Available >30 Days
1.62314E+18,Pimpri-Chinchwad,Unknown,18.6601,73.7187,Entire Home,Entire rental unit,4,1,1,1,2631,4.67,5,4.67,4.67,5,5,5,3,1,Mid-Range,4.5-4.75,Medium,Available >30 Days
1.62315E+18,Pune,Unknown,18.56122,73.92051,Hotel,Room in boutique hotel,2,1,1,1,1768,4.82,4.8,4.77,,,,,0,1,Budget,4.75-5.0,Small,Available >30 Days
1.62391E+18,Pune,Unknown,18.46706916,73.82694794,Hotel,Room in boutique hotel,3,1,1,1,1363,4.82,4.8,4.77,,,,,0,1,Budget,4.75-5.0,Medium,Available >30 Days
42326821,Pune,Kalyani Nagar,18.55366,73.90165,Entire Home,Entire home,3,1,1,1,3274,4.88,4.87,4.91,4.77,4.87,4.97,4.96,164,1,Mid-Range,4.75-5.0,Medium,Available >30 Days
43569823,Pimpri-Chinchwad,Parkhe Vasti,18.59028,73.74757,Entire Home,Entire rental unit,2,0,1,1,2424,4.82,4.8,4.77,,,,,0,1,Mid-Range,4.75-5.0,Small,Available >30 Days
43767568,Pune,Unknown,18.5456,73.9434,Entire Home,Entire rental unit,4,1,1,1,2923,4.82,4.8,4.77,,,,,0,1,Mid-Range,4.75-5.0,Medium,Available >30 Days
44622267,Pune,Unknown,18.5929,73.7416,Private Room,Private room in bed and breakfast,5,1.5,1,1,1768,4.82,4.8,4.77,,,,,0,1,Budget,4.75-5.0,Medium,Available >30 Days
46705708,Pune,Unknown,18.56478,73.77607,Hotel,Room in aparthotel,2,1,1,1,3508,4.82,4.8,4.77,,,,,0,1,Mid-Range,4.75-5.0,Small,Available >30 Days
46744886,Pune,Unknown,18.5653,73.77599,Hotel,Room in aparthotel,1,1,1,1,2806,4.82,4.8,4.77,,,,,0,1,Mid-Range,4.75-5.0,Small,Available >30 Days
1.25916E+18,Pune,Kalyani Nagar,18.5478,73.9036,Private Room,Private room in rental unit,1,1,1,1,2338,4.5,5,4,4.5,4.5,5,5,2,1,Mid-Range,4.0-4.5,Small,Available >30 Days
1.26532E+18,Pune,Unknown,18.54506582,73.77960257,Entire Home,Entire apartment,4,1,1,1,3435,4.96,4.83,4.96,4.75,4.88,5,4.83,24,1,Mid-Range,4.75-5.0,Medium,Available >30 Days
1.26587E+18,Pune,Unknown,18.4813,73.8995,Entire Home,Entire guest suite,3,1,1,1,2594,5,5,5,5,5,5,5,3,1,Mid-Range,4.75-5.0,Medium,Available >30 Days
1.26696E+18,Pimpri-Chinchwad,Unknown,18.59954757,73.78355918,Entire Home,Entire rental unit,4,2,2,2,4675,5,5,5,4.5,4.5,5,5,2,1,Premium,4.75-5.0,Medium,Available >30 Days
1.34025E+18,Pimpri-Chinchwad,Blue Ridge Town,18.5795,73.7347,Entire Home,Entire apartment,4,1,1,1,2670,4.74,4.16,4.84,4.61,4.74,4.65,4.77,31,1,Mid-Range,4.5-4.75,Medium,Available >30 Days
1.48305E+18,Pune,Unknown,18.59643591,73.89642935,Hotel,Room in hotel,2,1,1,1,2078,3.67,3.83,3.33,3.5,3.17,3.83,3.33,6,1,Mid-Range,3.0-4.0,Small,Available >30 Days
1.4841E+18,Pune,Unknown,18.5895,73.909,Entire Home,Entire apartment,4,1,1,1,1602,4.67,4.67,4.56,4.67,4.67,4.67,4.67,9,1,Budget,4.5-4.75,Medium,Available >30 Days
1.57283E+18,Pune,Anupam Park,18.5115,73.7769,Entire Home,Entire rental unit,2,1,1,1,1403,3,3,3,2,3,2,4,1,1,Budget,Below 3,Small,Available >30 Days
1.62886E+18,Pimpri-Chinchwad,Unknown,18.6433841,73.79627302,Entire Home,Entire rental unit,4,2,2,2,4135,4.82,4.8,4.77,,,,,0,1,Premium,4.75-5.0,Medium,Available >30 Days
1.63048E+18,Pune,Unknown,18.48160166,73.80878375,Entire Home,Entire villa,2,1,1,1,1403,4.82,4.8,4.77,,,,,0,1,Budget,4.75-5.0,Small,Available >30 Days
1.63108E+18,Pune,Balewadi High Street,18.57480555,73.77463729,Serviced Apartment,Entire serviced apartment,2,1,1,1,2489,4.82,4.8,4.77,,,,,0,1,Mid-Range,4.75-5.0,Small,Available >30 Days
1.63267E+18,Pune,Unknown,18.5704,73.9159,Entire Home,Entire rental unit,2,1,1,1,3153,5,5,5,5,5,5,5,5,1,Mid-Range,4.75-5.0,Small,Available >30 Days
5.54381E+17,Pune,Unknown,18.45497,73.79617,Entire Home,Entire holiday home,5,3,3,3,3620,4.7,4.81,4.59,4.7,4.74,4.74,4.89,27,1,Mid-Range,4.5-4.75,Medium,Available >30 Days
5.72708E+17,Pune,Maan,18.57835,73.71198,Private Room,Private room in rental unit,3,1.5,2,2,3006,4.82,4.8,4.77,,,,,0,1,Mid-Range,4.75-5.0,Medium,Available >30 Days
5.78876E+17,Pune,Natraj Society,18.491,73.8235,Private Room,Private room in serviced apartment,7,2,3,3,3952,4.88,4.88,4.96,4.77,4.88,4.94,4.87,83,1,Mid-Range,4.75-5.0,Large,Available >30 Days
5.87242E+17,Pune,Parkhe Vasti,18.5909,73.7444,Entire Home,Entire apartment,4,2,2,2,2888,4.92,4.86,4.87,4.86,4.9,4.94,4.96,112,1,Mid-Range,4.75-5.0,Medium,Available >30 Days
6.14304E+17,Pune,Unknown,18.54736,73.93059,Entire Home,Entire apartment,6,2.5,2,2,3803,3.83,3.67,3.75,3.83,3.92,4.08,4.25,12,1,Mid-Range,3.0-4.0,Large,Available >30 Days
1.30783E+18,Pune,Unknown,18.5236,73.9353,Entire Home,Entire apartment,4,2,2,2,3739,4.33,4.83,4.5,4.33,4.67,4.67,4.83,6,1,Mid-Range,4.0-4.5,Medium,Available >30 Days
1.31155E+18,Pune,Unknown,18.54198087,73.92364388,Entire Home,Entire rental unit,2,1,1,1,2426,4.85,4.52,4.86,4.78,4.83,4.91,4.88,65,1,Mid-Range,4.75-5.0,Small,Available >30 Days
1.31437E+18,Pune,Unknown,18.5395,73.8953,Entire Home,Entire rental unit,4,2,2,2,8910,4.33,4.67,4.17,3.83,4,4.33,4.67,6,1,Luxury,4.0-4.5,Medium,Available >30 Days
1.47165E+18,Pune,Unknown,18.54086071,73.89726295,Entire Home,Entire rental unit,3,1,1,1,1742,4.45,4.36,4.45,4.27,4.27,4.27,4.64,11,1,Budget,4.0-4.5,Medium,Available >30 Days
1.55488E+18,Pune,Unknown,18.54024899,73.88819082,Entire Home,Entire rental unit,4,1,1,1,3905,5,4.79,4.93,4.93,5,5,5,14,1,Mid-Range,4.75-5.0,Medium,Available >30 Days
1.55723E+18,Pune,Unknown,18.54058,73.89784,Entire Home,Entire rental unit,2,1,1,1,2130,3,4,4,2,4,4,2,1,1,Mid-Range,Below 3,Small,Available >30 Days
1.62596E+18,Pune,Balewadi Phata,18.56560807,73.78561532,Hotel,Room in boutique hotel,3,1,1,1,2556,4.82,4.8,4.77,,,,,0,1,Mid-Range,4.75-5.0,Medium,Available >30 Days
1.62626E+18,Pimpri-Chinchwad,Unknown,18.59721,73.80083,Entire Home,Entire rental unit,4,2,1,1,1871,4.82,4.8,4.77,,,,,0,1,Budget,4.75-5.0,Medium,Available >30 Days
1.62641E+18,Pune,Unknown,18.47335298,73.82100052,Hotel,Room in boutique hotel,2,1,1,1,1736,4.82,4.8,4.77,,,,,0,1,Budget,4.75-5.0,Small,Available >30 Days
1.62667E+18,Pune,Unknown,18.47655,73.91916,Entire Home,Entire rental unit,4,1,1,1,1703,4.82,4.8,4.77,,,,,0,1,Budget,4.75-5.0,Medium,Available >30 Days
47929560,Pune,Unknown,18.53982,73.90023,Private Room,Private room in home,2,1,1,1,3487,4.83,4.91,4.83,4.78,4.87,4.87,4.87,23,1,Mid-Range,4.75-5.0,Small,Available >30 Days
1.08156E+18,Pune,Unknown,18.53286,73.89916,Entire Home,Entire rental unit,3,1,1,1,4200,4.77,4.83,4.83,4.47,4.8,4.93,4.77,30,1,Premium,4.75-5.0,Medium,Available >30 Days
1.31643E+18,Pune,Gahunje,18.66415153,73.70741716,Entire Home,Entire apartment,4,1,1,1,4677,4.68,4.64,4.68,4.54,4.79,4.75,4.75,28,1,Premium,4.5-4.75,Medium,Available >30 Days
1.31653E+18,Pune,Unknown,18.5655,73.9167,Private Room,Private room in rental unit,2,1,1,1,2600,4.83,4.67,4.33,4.5,4.67,4.33,4.5,6,1,Mid-Range,4.75-5.0,Small,Available >30 Days
1.31714E+18,Pimpri-Chinchwad,Unknown,18.57737409,73.81526758,Private Room,Private room in home,2,1,1,1,2572,5,5,5,5,5,5,5,1,1,Mid-Range,4.75-5.0,Small,Available >30 Days
1.31798E+18,Pune,Unknown,18.53825992,73.89804664,Entire Home,Entire rental unit,4,2,2,2,6930,4.19,4.75,3.94,4.06,4.06,4.56,4.63,16,1,Premium,4.0-4.5,Medium,Available >30 Days
1.45067E+18,Pune,Unknown,18.54312,73.78531,Entire Home,Entire rental unit,2,1,1,1,2384,4.94,4.78,4.83,4.72,4.83,4.78,4.83,18,1,Mid-Range,4.75-5.0,Small,Available >30 Days
1.57541E+18,Pune,Gahunje,18.67525,73.70599,Entire Home,Entire rental unit,2,1,1,1,4163,4.82,4.8,4.77,,,,,0,1,Premium,4.75-5.0,Small,Available >30 Days
1.578E+18,Pimpri-Chinchwad,Marunji,18.6040456,73.72844792,Shared Room,Shared room in rental unit,8,2,1,1,2838,4.82,4.8,4.77,,,,,0,1,Mid-Range,4.75-5.0,Large,Available >30 Days
1.57825E+18,Pune,Unknown,18.51618839,73.92616633,Entire Home,Entire guest house,6,3,3,3,10875,4.82,4.8,4.77,,,,,0,1,Luxury,4.75-5.0,Large,Available >30 Days
1.58036E+18,Pune,Unknown,18.6671,73.7158,Entire Home,Entire rental unit,3,1,1,1,2079,4.82,4.8,4.77,,,,,0,1,Mid-Range,4.75-5.0,Medium,Available >30 Days
7.95398E+17,Pune,Unknown,18.56163,73.91361,Private Room,Private room in rental unit,2,1,1,1,2328,4.82,4.8,4.77,,,,,0,1,Mid-Range,4.75-5.0,Small,Available >30 Days
1.21146E+18,Pune,Prosperity Society,18.4874,73.8246,Entire Home,Entire rental unit,5,3,2,2,4970,4.94,4.67,4.83,4.72,4.83,4.94,4.94,18,1,Premium,4.75-5.0,Medium,Available >30 Days
1.2138E+18,Pune,Unknown,18.54129,73.89002,Private Room,Private room in rental unit,2,1,1,1,1262,4.5,4.25,4.38,4.38,4.38,4.5,4.88,8,1,Budget,4.0-4.5,Small,Available >30 Days
1.21581E+18,Pune,Unknown,18.57142,73.90513,Private Room,Private room in bed and breakfast,2,1.5,1,1,1324,4.82,4.8,4.77,,,,,0,1,Budget,4.75-5.0,Small,Available >30 Days
1.22729E+18,Pune,Unknown,18.56002,73.77862,Entire Home,Entire rental unit,2,1,1,1,3060,4.57,4.43,4.52,4.48,4.76,4.62,4.67,21,1,Mid-Range,4.5-4.75,Small,Available >30 Days
1.22741E+18,Pune,Unknown,18.4944,73.8362,Entire Home,Entire rental unit,3,1,1,1,4443,5,5,5,5,5,5,5,1,1,Premium,4.75-5.0,Medium,Available >30 Days
1.2287E+18,Pune,Unknown,18.56006,73.77858,Entire Home,Entire rental unit,2,1,1,1,3120,3,4,4,2,2,4,4,1,1,Mid-Range,Below 3,Small,Available >30 Days
1.35411E+18,Pune,Unknown,18.5552,73.9477,Private Room,Private room in rental unit,4,1,1,1,4056,4.82,4.8,4.77,,,,,0,1,Premium,4.75-5.0,Medium,Available >30 Days
1.3557E+18,Pune,Unknown,18.5755,73.908,Entire Home,Entire apartment,5,3,3,3,7525,4.78,4.78,4.78,4.78,4.78,4.78,4.78,18,1,Luxury,4.75-5.0,Medium,Available >30 Days
1.3565E+18,Pune,Unknown,18.5446808,73.77697679,Entire Home,Entire rental unit,2,1,1,1,2410,4.85,4.83,4.73,4.66,4.78,4.9,4.88,41,1,Mid-Range,4.75-5.0,Small,Available >30 Days
1.35665E+18,Pune,Khanapur,18.4018726,73.73689612,Hotel,Room in hotel,2,1,1,1,2923,4.82,4.8,4.77,,,,,0,1,Mid-Range,4.75-5.0,Small,Available >30 Days
1.36359E+18,Pune,Gahunje,18.6614,73.7105,Entire Home,Entire rental unit,5,1,1,1,2656,4.85,4.79,4.79,4.68,4.82,4.85,4.85,34,1,Mid-Range,4.75-5.0,Medium,Available >30 Days
1.49753E+18,Pune,Unknown,18.5757,73.9142,Entire Home,Entire rental unit,2,1,1,1,2699,4.7,4.78,4.87,4.78,4.78,4.83,4.91,23,1,Mid-Range,4.5-4.75,Small,Available >30 Days
1.50208E+18,Pune,Unknown,18.548,73.9479,Hotel,Room in hotel,2,1,1,1,2931,4.25,4.25,4.5,4.25,3.75,4.5,4.25,4,1,Mid-Range,4.0-4.5,Small,Available >30 Days
1.58262E+18,Pune,Balewadi Phata,18.56546,73.78695,Entire Home,Entire rental unit,3,1,1,1,2642,4.8,4.8,4.8,4.8,4.8,5,5,5,1,Mid-Range,4.75-5.0,Medium,Available >30 Days
1.58371E+18,Pune,Unknown,18.54576835,73.77869904,Entire Home,Entire apartment,4,1,1,1,2955,4.88,4.88,4.88,4.88,4.94,4.94,4.81,16,1,Mid-Range,4.75-5.0,Medium,Available >30 Days
1.58409E+18,Pune,Unknown,18.52964283,73.83439939,Private Room,Private room in rental unit,2,1,1,4,1078,4.82,4.8,4.77,,,,,0,1,Budget,4.75-5.0,Small,Available >30 Days
1.58487E+18,Pune,Unknown,18.58307397,73.9732877,Hotel,Room in hotel,2,2,1,1,3549,4.82,4.8,4.77,,,,,0,1,Mid-Range,4.75-5.0,Small,Available >30 Days
1.58847E+18,Pune,Samarth Colony,18.55852536,73.77749022,Hotel,Room in hotel,2,1,1,1,2121,4,4,4.33,4,4,4.33,4.33,3,1,Mid-Range,3.0-4.0,Small,Available >30 Days
1.58847E+18,Pune,Samarth Colony,18.55801998,73.77776764,Hotel,Room in hotel,2,1,1,1,2133,4.82,4.8,4.77,,,,,0,1,Mid-Range,4.75-5.0,Small,Available >30 Days
1.64395E+18,Pune,Mhalunge,18.57352592,73.75139401,Entire Home,Entire rental unit,4,2,2,2,2427,4.82,4.8,4.77,,,,,0,1,Mid-Range,4.75-5.0,Medium,Available >30 Days
1.64619E+18,Pune,Unknown,18.54390545,73.78829092,Entire Home,Entire rental unit,6,2,3,3,3724,4.82,4.8,4.77,,,,,0,1,Mid-Range,4.75-5.0,Large,Available >30 Days
6.24116E+17,Pune,Unknown,18.54965,73.92962,Entire Home,Entire apartment,6,2,2,2,3582,4.43,4.43,4,4.43,4.57,4.86,4.86,7,1,Mid-Range,4.0-4.5,Large,Available >30 Days
6.27124E+17,Pune,Unknown,18.4804,73.8987,Entire Home,Entire apartment,4,2,2,2,3226,4.82,5,4.91,4.82,4.91,4.9,4.91,11,1,Mid-Range,4.75-5.0,Medium,Available >30 Days
6.71387E+17,Pune,Unknown,18.53435,73.88808,Private Room,Private room in apartment,2,1,1,1,1356,4.74,4.74,4.65,4.77,4.77,4.84,4.9,31,1,Budget,4.5-4.75,Small,Available >30 Days
1.11284E+18,Pune,Kaverinagar,18.60679,73.77308,Private Room,Private room in home,2,1,1,1,2098,4.81,4.69,4.69,4.73,4.73,4.81,4.77,26,1,Mid-Range,4.75-5.0,Small,Available >30 Days
1.12596E+18,Pune,Unknown,18.53985,73.89911,Entire Home,Entire rental unit,4,1,1,1,4760,4.83,4.72,4.79,4.57,4.79,4.81,4.84,107,1,Premium,4.75-5.0,Medium,Available >30 Days
1.38173E+18,Pune,Prosperity Society,18.48639874,73.82476551,Private Room,Private room in bed and breakfast,2,1,1,1,3788,4.75,4.92,4.83,4.67,4.83,4.92,4.92,12,1,Mid-Range,4.5-4.75,Small,Available >30 Days
1.39063E+18,Pimpri-Chinchwad,Unknown,18.5784,73.7827,Private Room,Private room in bed and breakfast,2,1,1,1,5109,4.82,4.8,4.77,,,,,0,1,Premium,4.75-5.0,Small,Available >30 Days
1.50885E+18,Pimpri-Chinchwad,Gahunje,18.6618,73.7094,Entire Home,Entire rental unit,4,1,1,1,2210,4.6,4.67,4.6,4.53,4.6,4.53,4.6,15,1,Mid-Range,4.5-4.75,Medium,Available >30 Days
1.51027E+18,Pimpri-Chinchwad,Unknown,18.5791,73.7862,Entire Home,Entire apartment,2,1,1,1,2010,4.85,4.92,5,4.92,5,4.92,5,13,1,Mid-Range,4.75-5.0,Small,Available >30 Days
1.51028E+18,Pune,Unknown,18.53956,73.89892,Entire Home,Entire rental unit,6,2,2,2,5301,4.66,4.76,4.55,4.59,4.69,4.52,4.79,29,1,Premium,4.5-4.75,Large,Available >30 Days
1.51066E+18,Pune,Unknown,18.54304,73.88494,Entire Home,Entire rental unit,2,1,1,1,1800,4.75,4.5,5,4.5,4.75,4.75,4.75,4,1,Budget,4.5-4.75,Small,Available >30 Days
1.51067E+18,Pune,Unknown,18.5331,73.9251,Private Room,Private room in guest house,2,1,1,1,2384,4.82,4.8,4.77,,,,,0,1,Mid-Range,4.75-5.0,Small,Available >30 Days
1.51086E+18,Pune,Unknown,18.56664005,73.95563577,Hotel,Room in boutique hotel,2,1,1,1,1644,4.82,4.8,4.77,,,,,0,1,Budget,4.75-5.0,Small,Available >30 Days
1.51092E+18,Dattwadi,Unknown,18.45842517,73.83573797,Hotel,Room in boutique hotel,2,1,1,1,1429,4.82,4.8,4.77,,,,,0,1,Budget,4.75-5.0,Small,Available >30 Days
1.58847E+18,Pune,Samarth Colony,18.55775719,73.77635892,Hotel,Room in hotel,2,1,1,1,2069,5,5,5,5,5,5,5,1,1,Mid-Range,4.75-5.0,Small,Available >30 Days
1.59347E+18,Pune,Blue Ridge Town,18.5786,73.7349,Serviced Apartment,Entire serviced apartment,16,8,8,8,20200,4.82,4.8,4.77,,,,,0,1,Luxury,4.75-5.0,Large,Available >30 Days
1.64845E+18,Marunji,Marunji,18.61681779,73.71820997,Entire Home,Entire rental unit,2,1,1,1,1169,4.82,4.8,4.77,,,,,0,1,Budget,4.75-5.0,Small,Available >30 Days
1.64927E+18,Pune,Unknown,18.5419,73.8898,Private Room,Private room in rental unit,2,1,1,1,1144,4.82,4.8,4.77,,,,,0,1,Budget,4.75-5.0,Small,Available >30 Days
8.14857E+17,Pune,Gahunje,18.66121,73.70896,Entire Home,Entire rental unit,3,1,1,1,4045,4.83,4.9,4.86,4.68,4.86,4.97,4.86,59,1,Premium,4.75-5.0,Medium,Available >30 Days
8.18341E+17,Pimpri-Chinchwad,Sakhare Vasti,18.58716,73.73672,Entire Home,Entire rental unit,4,1,1,1,2338,4.75,4.5,4.63,4.75,4.63,4.75,4.88,8,1,Mid-Range,4.5-4.75,Medium,Available >30 Days
1.1695E+18,Pimpri-Chinchwad,Unknown,18.58408,73.72513,Private Room,Private room in apartment,2,1,1,1,1519,4.91,4.86,4.77,4.82,4.95,4.91,4.91,22,1,Budget,4.75-5.0,Small,Available >30 Days
1.17357E+18,Pune,Unknown,18.56814,73.77018,Hotel,Room in hotel,16,10,10,10,23388,4.82,4.8,4.77,,,,,0,1,Luxury,4.75-5.0,Large,Available >30 Days
1.18097E+18,Pune,Chakankar Mala,18.5697,73.781,Private Room,Private room in bungalow,2,1,1,1,1536,3,4,3,3,3,4,2,1,1,Budget,Below 3,Small,Available >30 Days
1.18099E+18,Pune,Shivneri Park,18.57002,73.78074,Private Room,Private room in bungalow,2,1,1,1,1536,4.82,4.8,4.77,,,,,0,1,Budget,4.75-5.0,Small,Available >30 Days
1.18809E+18,Pune,Unknown,18.534,73.8985,Entire Home,Entire apartment,2,1,1,1,5177,4.85,4.79,4.79,4.74,4.87,4.81,4.9,86,1,Premium,4.75-5.0,Small,Available >30 Days
1.4881E+18,Pune,Unknown,18.5764808,73.91282479,Entire Home,Entire rental unit,4,1,1,1,2701,4.92,4.96,4.58,4.83,4.88,4.92,5,24,1,Mid-Range,4.75-5.0,Medium,Available >30 Days
1.49035E+18,Yewalewadi,Yewalewadi,18.4321,73.8993,Entire Home,Entire home,4,2,2,2,4326,4.82,4.8,4.77,,,,,0,1,Premium,4.75-5.0,Medium,Available >30 Days
1.4919E+18,Pune,Kalyani Nagar,18.55213,73.9055,Entire Home,Entire apartment,4,2,2,2,8022,4.82,4.8,4.77,,,,,0,1,Luxury,4.75-5.0,Medium,Available >30 Days
1.49525E+18,Pune,Unknown,18.53116931,73.9148191,Entire Home,Entire rental unit,4,1,1,1,1964,4.43,4.38,4.14,4.14,4.33,4.76,4.81,21,1,Budget,4.0-4.5,Medium,Available >30 Days
1.56229E+18,Pune,Balewadi Phata,18.56244,73.78402,Entire Home,Entire rental unit,16,8,7,7,20085,5,5,5,5,5,5,5,1,1,Luxury,4.75-5.0,Large,Available >30 Days
1.56501E+18,Pune,Unknown,18.57593942,73.91497383,Entire Home,Entire rental unit,3,1,1,1,3143,2,4,4,1,1,3,2,1,1,Mid-Range,Below 3,Medium,Available >30 Days
1.56583E+18,Pune,Unknown,18.45729252,73.91064048,Entire Home,Entire rental unit,4,1,1,1,2273,4.82,4.8,4.77,,,,,0,1,Mid-Range,4.75-5.0,Medium,Available >30 Days
1.56595E+18,Pune,Unknown,18.576,73.9144,Entire Home,Entire rental unit,3,1,1,1,2666,4.56,4.78,4.78,4.56,4.89,4.83,4.83,18,1,Mid-Range,4.5-4.75,Medium,Available >30 Days
1.56671E+18,Pune,Unknown,18.54164,73.88509,Entire Home,Entire rental unit,2,1,1,1,2820,4.82,4.8,4.77,,,,,0,1,Mid-Range,4.75-5.0,Small,Available >30 Days
1.56713E+18,Pune,Unknown,18.53922,73.89815,Private Room,Private room in home,2,1,1,1,2338,5,5,5,5,5,5,5,1,1,Mid-Range,4.75-5.0,Small,Available >30 Days
1.56801E+18,Pune,Unknown,18.5419,73.8855,Entire Home,Entire rental unit,2,1,1,1,2741,4.83,4.83,4.83,4.5,4.83,4.67,4.83,6,1,Mid-Range,4.75-5.0,Small,Available >30 Days
1.63395E+18,Pune,Unknown,18.5673,73.8755,Entire Home,Entire rental unit,3,1,1,1,2222,4.82,4.8,4.77,,,,,0,1,Mid-Range,4.75-5.0,Medium,Available >30 Days
1.63482E+18,Pune,Unknown,18.5945,73.9276,Entire Home,Entire rental unit,2,1,1,1,3128,5,5,5,5,5,5,5,9,1,Mid-Range,4.75-5.0,Small,Available >30 Days
1.63538E+18,Pune,Unknown,18.576,73.9143,Entire Home,Entire rental unit,4,1,1,1,2771,5,5,5,5,5,5,5,1,1,Mid-Range,4.75-5.0,Medium,Available >30 Days
1.63563E+18,Pune,Unknown,18.576,73.9143,Entire Home,Entire rental unit,4,1,1,1,2724,4.82,4.8,4.77,,,,,0,1,Mid-Range,4.75-5.0,Medium,Available >30 Days
1.63746E+18,Pune,Unknown,18.5612,73.9181,Entire Home,Entire rental unit,4,0,1,1,3065,4.82,4.8,4.77,,,,,0,1,Mid-Range,4.75-5.0,Medium,Available >30 Days
6.92677E+17,Pune,Unknown,18.5372,73.89919,Entire Home,Entire rental unit,2,1,1,1,1745,4.67,4.8,4.53,4.55,4.68,4.82,4.93,60,1,Budget,4.5-4.75,Small,Available >30 Days
7.04271E+17,Pune,Unknown,18.6004,73.9353,Entire Home,Entire rental unit,3,1,1,1,1913,5,4.39,4.89,4.86,4.93,4.93,5,28,1,Budget,4.75-5.0,Medium,Available >30 Days
7.10849E+17,Pune,Unknown,18.56469,73.90764,Entire Home,Entire rental unit,4,1,1,1,3555,4.92,4.84,4.88,4.77,4.9,4.97,4.95,234,1,Mid-Range,4.75-5.0,Medium,Available >30 Days
7.13491E+17,Pune,Unknown,18.54236,73.88658,Private Room,Private room in apartment,2,1.5,1,1,1251,4.89,4.83,4.89,4.83,4.78,4.94,4.94,18,1,Budget,4.75-5.0,Small,Available >30 Days
7.20275E+17,Pune,Unknown,18.4542,73.9187,Entire Home,Entire apartment,5,2,2,2,2455,4.08,4.46,3.67,4.13,3.88,4.83,4.58,24,1,Mid-Range,4.0-4.5,Medium,Available >30 Days
7.32277E+17,Pune,Gahunje,18.66231,73.70521,Entire Home,Entire apartment,4,1.5,1,1,4138,3.4,4.2,2.8,3.4,3.6,4.2,4,5,1,Premium,3.0-4.0,Medium,Available >30 Days
7.35962E+17,Pune,Unknown,18.56507,73.91414,Private Room,Private room in apartment,1,1,1,1,4542,4.82,4.8,4.77,,,,,0,1,Premium,4.75-5.0,Small,Available >30 Days
1.19403E+18,Pune,Unknown,18.53116,73.91418,Entire Home,Entire rental unit,2,1,1,1,1850,4.76,4.58,4.73,4.64,4.7,4.76,4.79,33,1,Budget,4.75-5.0,Small,Available >30 Days
1.44054E+18,Pune,Unknown,18.56679608,73.73341556,Entire Home,Entire rental unit,4,2,2,2,2923,4.63,4.5,4,4.5,4.63,4.75,5,8,1,Mid-Range,4.5-4.75,Medium,Available >30 Days
1.44607E+18,Pune,Unknown,18.567,73.9145,Private Room,Private room in home,4,1,1,1,2104,5,5,5,5,5,5,5,1,1,Mid-Range,4.75-5.0,Medium,Available >30 Days
1.51802E+18,Pune,Unknown,18.532,73.8969,Entire Home,Entire rental unit,6,3,3,3,7016,5,5,5,5,5,5,5,14,1,Luxury,4.75-5.0,Large,Available >30 Days
1.52076E+18,Pune,Marutrao Gaikwad nagar,18.5569,73.8083,Private Room,Private room in rental unit,2,1,1,1,1754,4.5,5,4.5,4.5,4.5,5,5,2,1,Budget,4.0-4.5,Small,Available >30 Days
1.52098E+18,Marunji,Marunji,18.6161,73.7191,Serviced Apartment,Entire serviced apartment,3,1,1,1,1304,5,5,5,5,5,5,5,2,1,Budget,4.75-5.0,Medium,Available >30 Days
1.52166E+18,Velhe,Nigde Mose,18.3896,73.6929,Other,Shipping container,6,2,2,2,6748,4.82,4.8,4.77,,,,,0,1,Premium,4.75-5.0,Large,Available >30 Days
1.60153E+18,Pimpri-Chinchwad,Punawale,18.62873009,73.74495934,Entire Home,Entire rental unit,3,1,1,1,1782,5,5,5,5,5,5,5,6,1,Budget,4.75-5.0,Medium,Available >30 Days
1.60855E+18,Pimpri-Chinchwad,Blue Ridge Town,18.5787,73.737,Entire Home,Entire rental unit,3,1,1,1,2076,4.82,4.8,4.77,,,,,0,1,Mid-Range,4.75-5.0,Medium,Available >30 Days
1.65287E+18,Pune,Unknown,18.5812311,73.98109722,Entire Home,Entire rental unit,6,2,2,2,2338,4.82,4.8,4.77,,,,,0,1,Mid-Range,4.75-5.0,Large,Available >30 Days
1.65444E+18,Pune,Pallod Farms,18.55667158,73.7924013,Entire Home,Entire villa,2,1,1,1,2494,4.82,4.8,4.77,,,,,0,1,Mid-Range,4.75-5.0,Small,Available >30 Days
9.06453E+17,Khanapur,Khanapur,18.4003,73.7323,Entire Home,Entire home,15,6,4,4,21283,4.82,4.8,4.77,,,,,0,1,Luxury,4.75-5.0,Large,Available >30 Days
9.24531E+17,Pune,Unknown,18.58156,73.76258,Entire Home,Entire apartment,4,3,3,3,4678,5,5,5,5,5,5,5,2,1,Premium,4.75-5.0,Medium,Available >30 Days
9.29588E+17,Pune,Gahunje,18.6745,73.7065,Entire Home,Entire rental unit,4,1,1,1,2682,4.87,4.86,4.76,4.8,4.82,4.91,4.96,118,1,Mid-Range,4.75-5.0,Medium,Available >30 Days
1.26732E+18,Pune,Unknown,18.54586037,73.77704757,Entire Home,Entire rental unit,2,1,1,1,2670,4.86,4.83,4.69,4.7,4.79,4.91,4.84,77,1,Mid-Range,4.75-5.0,Small,Available >30 Days
1.27328E+18,Pune,Unknown,18.5708,73.7808,Entire Home,Entire rental unit,6,2,2,2,4092,4.83,4.79,4.72,4.83,4.81,4.93,4.95,58,1,Premium,4.75-5.0,Large,Available >30 Days
1.2757E+18,Pimpri-Chinchwad,Unknown,18.6383,73.7637,Entire Home,Entire rental unit,2,1,1,1,1286,4.66,4.48,4.7,4.8,4.7,4.75,4.95,44,1,Budget,4.5-4.75,Small,Available >30 Days
1.27832E+18,Pune,Unknown,18.5457,73.7789,Entire Home,Entire apartment,3,1,1,1,3515,4.9,4.86,4.86,4.78,4.94,4.98,5,51,1,Mid-Range,4.75-5.0,Medium,Available >30 Days
1.42673E+18,Pune,Unknown,18.55961,73.9338,Entire Home,Entire apartment,8,3,3,3,4220,4.6,4.52,4.8,4.72,4.64,4.84,4.8,25,1,Premium,4.5-4.75,Large,Available >30 Days
1.42817E+18,Pune,Unknown,18.55863604,73.93396372,Entire Home,Entire apartment,8,3,3,3,4220,4.55,4.36,4.77,4.45,4.77,4.91,4.68,22,1,Premium,4.5-4.75,Large,Available >30 Days
1.42955E+18,Pune,Unknown,18.55278241,73.95860131,Private Room,Private room in apartment,2,2,1,1,2769,4.81,4.77,4.81,4.81,4.85,4.85,4.85,26,1,Mid-Range,4.75-5.0,Small,Available >30 Days
1.43686E+18,Pune,Kalyani Nagar,18.55155,73.89684,Entire Home,Entire guest house,16,18,17,17,53255,4.82,4.8,4.77,,,,,0,1,Luxury,4.75-5.0,Large,Available >30 Days
1.52646E+18,Pune,Unknown,18.6464,73.7976,Entire Home,Entire rental unit,4,2,2,2,3662,4.82,4.8,4.77,,,,,0,1,Mid-Range,4.75-5.0,Medium,Available >30 Days
1.52688E+18,Pune,Gorhe,18.4125,73.7682,Entire Home,Entire villa,16,4,4,4,6589,5,4.94,4.97,4.97,5,4.97,5,32,1,Premium,4.75-5.0,Large,Available >30 Days
1.52827E+18,Pune,Unknown,18.5744,73.9109,Entire Home,Entire rental unit,3,1,1,1,2844,5,4.96,4.88,4.84,4.96,4.96,4.96,25,1,Mid-Range,4.75-5.0,Medium,Available >30 Days
1.52954E+18,Pune,Unknown,18.5198,73.933,Entire Home,Entire rental unit,4,2,2,2,3391,4.82,4.8,4.77,,,,,0,1,Mid-Range,4.75-5.0,Medium,Available >30 Days
1.60958E+18,Pune,Unknown,18.55526,73.78051,Private Room,Private room in rental unit,3,1,1,1,2058,5,5,5,5,5,5,5,3,1,Mid-Range,4.75-5.0,Medium,Available >30 Days
1.61018E+18,Pune,Unknown,18.562,73.7756,Hotel,Room in hotel,2,1,1,1,1457,4.89,4.89,4.78,4.89,4.89,5,4.89,9,1,Budget,4.75-5.0,Small,Available >30 Days
1.65461E+18,Pirangut,Pirangut,18.50499045,73.70645224,Entire Home,Entire rental unit,2,2,1,1,7016,4.82,4.8,4.77,,,,,0,1,Luxury,4.75-5.0,Small,Available >30 Days
1.65585E+18,Pune,Unknown,18.5463,73.7792,Entire Home,Entire rental unit,2,1,1,1,2521,4.82,4.8,4.77,,,,,0,1,Mid-Range,4.75-5.0,Small,Available >30 Days
2076983,Pune,Unknown,18.54028,73.89531,Private Room,Private room in home,2,1,1,1,3040,5,5,5,4.93,4.87,4.87,5,15,1,Mid-Range,4.75-5.0,Small,Available >30 Days
8.41864E+17,Pune,Suyojan Society,18.53043,73.89737,Entire Home,Entire rental unit,3,1,1,1,3439,4.72,4.85,4.77,4.57,4.77,4.76,4.8,87,1,Mid-Range,4.5-4.75,Medium,Available >30 Days
8.48052E+17,Pune,Unknown,18.55393,73.96167,Private Room,Private room in home,16,1,1,1,1518,4.82,4.8,4.77,,,,,0,1,Budget,4.75-5.0,Large,Available >30 Days
8.51157E+17,Pune,Unknown,18.5113,73.8045,Entire Home,Entire home,8,3.5,3,3,14032,3,4.75,2.5,3,3,3,4,4,1,Luxury,Below 3,Large,Available >30 Days
1.41095E+18,Pune,Gahunje,18.6604,73.7096,Entire Home,Entire apartment,5,1,1,1,2729,4.97,4.9,4.73,4.9,4.9,4.97,4.9,30,1,Mid-Range,4.75-5.0,Medium,Available >30 Days
1.41488E+18,Pune,Unknown,18.55552002,73.80005997,Entire Home,Entire rental unit,5,2,2,2,3570,4.63,4.72,4.66,4.66,4.69,4.75,4.66,32,1,Mid-Range,4.5-4.75,Medium,Available >30 Days
1.41649E+18,Pune,Balewadi Phata,18.56612,73.78727,Entire Home,Entire rental unit,6,1.5,2,2,4060,4.67,5,4.83,4.67,4.83,4.83,4.83,6,1,Premium,4.5-4.75,Large,Available >30 Days
1.41663E+18,Pune,Unknown,18.54581766,73.77414535,Entire Home,Entire home,6,3,3,3,5835,4.82,4.8,4.77,,,,,0,1,Premium,4.75-5.0,Large,Available >30 Days
1.41709E+18,Pune,Unknown,18.5424,73.9231,Entire Home,Entire rental unit,4,1,1,1,2619,4.93,4.77,4.75,4.89,4.89,4.93,4.96,56,1,Mid-Range,4.75-5.0,Medium,Available >30 Days
1.41964E+18,Pune,Unknown,18.54468879,73.77829608,Entire Home,Entire rental unit,4,1,1,1,2930,5,5,5,5,5,5,5,1,1,Mid-Range,4.75-5.0,Medium,Available >30 Days
1.42152E+18,Pune,Unknown,18.49836084,73.79565648,Entire Home,Entire rental unit,4,1.5,1,1,5156,5,5,5,5,5,5,5,1,1,Premium,4.75-5.0,Medium,Available >30 Days
1.53026E+18,Pune,Unknown,18.4474997,73.92178933,Entire Home,Entire apartment,6,3,3,3,4980,5,5,5,5,5,5,5,1,1,Premium,4.75-5.0,Large,Available >30 Days
1.53302E+18,Pune,Samarth Colony,18.5566,73.7749,Entire Home,Entire home,2,1,1,1,1443,5,5,5,4.75,5,5,5,4,1,Budget,4.75-5.0,Small,Available >30 Days
1.53768E+18,Pune,Gahunje,18.663,73.7087,Entire Home,Entire apartment,4,1,1,1,4117,5,5,5,5,5,5,5,5,1,Premium,4.75-5.0,Medium,Available >30 Days
1.61288E+18,Pimpri-Chinchwad,Punawale,18.6265,73.74642,Entire Home,Entire rental unit,3,1,1,1,2231,4.82,4.8,4.77,,,,,0,1,Mid-Range,4.75-5.0,Medium,Available >30 Days
34761021,Pune,Unknown,18.50161,73.87909,Entire Home,Entire bungalow,4,2,2,2,17541,5,4.5,5,5,4.5,5,5,2,1,Luxury,4.75-5.0,Medium,Available >30 Days
36683116,Pune,Unknown,18.5337,73.8984,Entire Home,Entire apartment,4,1,1,1,3367,4.96,4.97,4.88,4.83,4.96,4.95,4.98,245,1,Mid-Range,4.75-5.0,Medium,Available >30 Days
40980045,Pune,Unknown,18.52378,73.76133,Private Room,Private room in rental unit,2,2,2,2,3742,4.82,4.8,4.77,,,,,0,1,Mid-Range,4.75-5.0,Small,Available >30 Days
9.46058E+17,Pune,Unknown,18.5404,73.9016,Private Room,Private room in home,2,1,1,1,3040,5,5,4.83,5,5,5,5,6,1,Mid-Range,4.75-5.0,Small,Available >30 Days
9.49307E+17,Pune,Unknown,18.5712,73.9037,Entire Home,Entire rental unit,6,2,2,2,3134,4.86,4.55,4.79,4.71,4.85,4.92,4.92,78,1,Mid-Range,4.75-5.0,Large,Available >30 Days
9.59873E+17,Pune,Unknown,18.6173,73.9297,Private Room,Private room in farm stay,12,4,4,4,6665,4.82,4.8,4.77,,,,,0,1,Premium,4.75-5.0,Large,Available >30 Days
9.72426E+17,Pune,Unknown,18.54029,73.90197,Entire Home,Entire rental unit,2,1,1,1,2360,4.87,4.82,4.81,4.71,4.79,4.88,4.89,94,1,Mid-Range,4.75-5.0,Small,Available >30 Days
1.2296E+18,Pune,Unknown,18.54427,73.77885,Entire Home,Entire rental unit,2,1,1,1,2830,4.79,4.83,4.65,4.68,4.82,4.88,4.95,84,1,Mid-Range,4.75-5.0,Small,Available >30 Days
1.24789E+18,Pune,Unknown,18.5461,73.7791,Entire Home,Entire apartment,4,1,1,1,3687,4.87,4.9,4.71,4.76,4.81,4.9,4.96,112,1,Mid-Range,4.75-5.0,Medium,Available >30 Days
1.39712E+18,Pune,Unknown,18.54452096,73.94341876,Entire Home,Entire rental unit,3,1,1,1,3503,4.83,4.92,4.83,4.83,5,5,5,12,1,Mid-Range,4.75-5.0,Medium,Available >30 Days
1.39758E+18,Pune,Unknown,18.5457,73.7789,Entire Home,Entire home,2,1,1,1,2245,3.8,4,4,4,4,4.4,4.4,5,1,Mid-Range,3.0-4.0,Small,Available >30 Days
1.39913E+18,Pune,Kalyani Nagar,18.549,73.902,Entire Home,Entire rental unit,4,2,2,2,4500,4.4,4.8,4.35,4.25,4.4,4.7,4.7,20,1,Premium,4.0-4.5,Medium,Available >30 Days
1.40555E+18,Pune,Unknown,18.5656,73.9502,Private Room,Private room in rental unit,2,1,1,1,1885,4.82,4.8,4.77,,,,,0,1,Budget,4.75-5.0,Small,Available >30 Days
1.40575E+18,Pune,Bhugaon,18.4899,73.7481,Entire Home,Entire home,7,2,2,2,8018,4.82,4.8,4.77,,,,,0,1,Luxury,4.75-5.0,Large,Available >30 Days
1.40697E+18,Pune,Unknown,18.54664642,73.77850117,Entire Home,Entire rental unit,2,1,1,1,2946,4.82,4.8,4.77,,,,,0,1,Mid-Range,4.75-5.0,Small,Available >30 Days
1.4072E+18,Pune,Unknown,18.54529775,73.94363023,Entire Home,Entire rental unit,3,1,1,1,3012,4.9,4.8,5,4.8,5,5,4.9,10,1,Mid-Range,4.75-5.0,Medium,Available >30 Days
1.40862E+18,Pune,Mhalunge,18.56748529,73.75333893,Private Room,Private room in rental unit,2,1,1,1,1226,4.82,4.8,4.77,,,,,0,1,Budget,4.75-5.0,Small,Available >30 Days
1.51133E+18,Pune,Unknown,18.5799,73.8946,Entire Home,Entire rental unit,2,1,1,1,3002,4.25,4,4.5,4,3.75,4.75,4.5,4,1,Mid-Range,4.0-4.5,Small,Available >30 Days
1.59698E+18,Pune,Balewadi Phata,18.5677,73.7862,Entire Home,Entire rental unit,2,1,1,1,2560,4.83,4.33,5,4.33,4.67,5,4.5,6,1,Mid-Range,4.75-5.0,Small,Available >30 Days
15979032,Pune,Kalyani Nagar,18.54328,73.90273,Private Room,Private room in townhouse,2,1.5,1,1,2425,5,4.95,4.9,4.9,5,4.9,4.95,20,1,Mid-Range,4.75-5.0,Small,Available >30 Days
1.59828E+18,Pune,Unknown,18.51787447,73.94942351,Entire Home,Entire rental unit,3,2,1,1,4677,5,5,5,4.67,5,5,5,3,1,Premium,4.75-5.0,Medium,Available >30 Days
25983239,Pune,Unknown,18.51628,73.82624,Entire Home,Entire rental unit,5,2,2,2,6548,5,4.92,4.92,4.75,4.83,4.92,5,12,1,Premium,4.75-5.0,Medium,Available >30 Days
31936661,Pune,Unknown,18.5344,73.8284,Entire Home,Entire apartment,5,1,1,1,2876,4.9,4.94,4.91,4.84,4.92,4.93,4.91,203,1,Mid-Range,4.75-5.0,Medium,Available >30 Days
32456611,Pune,Somatane,18.7005,73.6915,Entire Home,Entire rental unit,8,2,2,2,2811,4.51,4.47,4.22,4.47,4.63,4.63,4.73,51,1,Mid-Range,4.5-4.75,Large,Available >30 Days
8.9235E+17,Bhukum,Bhukum,18.48468,73.70878,Entire Home,Entire place,16,5,5,5,15787,5,5,5,5,5,5,5,2,1,Luxury,4.75-5.0,Large,Available >30 Days
8.95666E+17,Pimpri-Chinchwad,Blue Ridge Town,18.579,73.7388,Entire Home,Entire rental unit,4,1,1,1,2455,4.82,4.8,4.77,,,,,0,1,Mid-Range,4.75-5.0,Medium,Available >30 Days
8.96866E+17,Pune,Unknown,18.5526,73.9403,Private Room,Private room in rental unit,1,1,1,1,1396,4.98,4.93,4.93,4.93,4.91,4.93,5,45,1,Budget,4.75-5.0,Small,Available >30 Days
9.01012E+17,Pune,Tathawade,18.6262,73.7555,Entire Home,Entire rental unit,2,2,2,2,3038,5,3,4,4,3,4,5,1,1,Mid-Range,4.75-5.0,Small,Available >30 Days
1.10208E+18,Pune,Unknown,18.5336,73.9155,Entire Home,Entire rental unit,2,1,1,1,1694,4.14,4.14,3.93,3.93,4.25,4.39,4.54,28,1,Budget,4.0-4.5,Small,Available >30 Days
1.10341E+18,Pune,Balewadi Phata,18.56448,73.77593,Hotel,Room in hotel,2,1,1,1,1520,4.82,4.8,4.77,,,,,0,1,Budget,4.75-5.0,Small,Available >30 Days
1.10548E+18,Pune,Gahunje,18.6618,73.7099,Entire Home,Entire rental unit,5,1,1,1,2455,4.62,4.54,4.54,4.46,4.62,4.54,4.54,13,1,Mid-Range,4.5-4.75,Medium,Available >30 Days
1.11052E+18,Pune,Unknown,18.5179,73.8505,Entire Home,Entire apartment,3,1,1,2,2151,4.65,4.55,4.6,4.5,4.6,4.6,4.75,20,1,Mid-Range,4.5-4.75,Medium,Available >30 Days
1.11085E+18,Pune,Blue Ridge Town,18.5767,73.7394,Private Room,Private room in rental unit,2,1,1,1,1975,4.98,5,4.88,4.93,4.95,5,5,57,1,Budget,4.75-5.0,Small,Available >30 Days
1.11281E+18,Pune,Unknown,18.5349,73.88531,Entire Home,Entire apartment,2,1,1,1,2300,4.69,4.65,4.59,4.56,4.71,4.74,4.8,97,1,Mid-Range,4.5-4.75,Small,Available >30 Days
1.33021E+18,Pune,Unknown,18.56810835,73.91488405,Shared Room,Shared room in guest house,1,1,1,1,1110,4.82,4.8,4.77,,,,,0,1,Budget,4.75-5.0,Small,Available >30 Days
1.33842E+18,Pune,Unknown,18.5423,73.8897,Entire Home,Entire rental unit,2,1,1,1,1461,3.33,3,3,3,3.67,3,3.67,3,1,Budget,3.0-4.0,Small,Available >30 Days
1.47607E+18,Pune,Balewadi High Street,18.56991948,73.77049303,Hotel,Room in boutique hotel,2,1,1,1,1903,4.82,4.8,4.77,,,,,0,1,Budget,4.75-5.0,Small,Available >30 Days
1.54875E+18,Pune,Unknown,18.5418,73.88687,Entire Home,Entire rental unit,2,1,1,1,2822,5,5,5,5,5,5,5,2,1,Mid-Range,4.75-5.0,Small,Available >30 Days
1.54914E+18,Pune,Unknown,18.57553,73.90944,Entire Home,Entire rental unit,2,1,1,1,3269,5,5,4.67,4.67,5,5,5,3,1,Mid-Range,4.75-5.0,Small,Available >30 Days
1.55126E+18,Pimpri-Chinchwad,Gahunje,18.66086564,73.70763664,Entire Home,Entire rental unit,5,1,1,1,2585,5,4.92,4.83,5,4.83,4.83,4.83,12,1,Mid-Range,4.75-5.0,Medium,Available >30 Days
1.553E+18,Pune,Unknown,18.5679,73.913,Shared Room,Shared room in guest house,1,1,1,2,1034,5,5,5,5,5,5,5,1,1,Budget,4.75-5.0,Small,Available >30 Days
52522708,Pune,Balewadi Phata,18.56428,73.78226,Entire Home,Entire rental unit,4,2,2,2,2783,4.91,4.94,4.86,4.85,4.87,4.94,4.94,219,1,Mid-Range,4.75-5.0,Medium,Available >30 Days
52641057,Pune,Unknown,18.52071,73.77479,Entire Home,Entire apartment,4,1.5,1,1,2935,4.44,4.67,4.22,4.22,4.44,4.56,4.44,9,1,Mid-Range,4.0-4.5,Medium,Available >30 Days
52886723,Pune,Mavale vasti,18.49088,73.81338,Entire Home,Entire apartment,4,1,2,2,3035,4.82,4.8,4.77,,,,,0,1,Mid-Range,4.75-5.0,Medium,Available >30 Days
9.75161E+17,Pune,Unknown,18.54011,73.90089,Entire Home,Entire rental unit,2,1,1,1,1700,4.76,4.8,4.75,4.55,4.65,4.89,4.86,137,1,Budget,4.75-5.0,Small,Available >30 Days
9.86883E+17,Pimpri-Chinchwad,Unknown,18.63272064,73.84954844,Private Room,Private room in bungalow,2,1,1,1,1798,4.89,4.78,4.89,5,5,5,5,9,1,Budget,4.75-5.0,Small,Available >30 Days
9.93919E+17,Pimpri-Chinchwad,Gahunje,18.66089,73.70972,Entire Home,Entire rental unit,3,1,1,1,2889,4.88,4.77,4.92,4.69,4.88,4.97,4.93,86,1,Mid-Range,4.75-5.0,Medium,Available >30 Days
9.95189E+17,Pune,Unknown,18.53538,73.89624,Private Room,Private room in apartment,2,1,1,1,2366,5,4.95,4.86,4.84,4.95,5,4.98,44,1,Mid-Range,4.75-5.0,Small,Available >30 Days
1.02675E+18,Pune,Bavdhan,18.516,73.7686,Entire Home,Entire apartment,5,2,2,2,5285,4.77,4.74,4.81,4.68,4.84,4.81,4.87,31,1,Premium,4.75-5.0,Medium,Available >30 Days
1.02744E+18,Pune,Unknown,18.55723,73.90805,Entire Home,Entire apartment,3,1,1,1,2230,4.8,4.58,4.79,4.61,4.76,4.82,4.92,71,1,Mid-Range,4.75-5.0,Medium,Available >30 Days
1.28522E+18,Pune,Unknown,18.57997495,73.9795259,Hotel,Room in hotel,2,1,1,1,3200,4.82,4.8,4.77,,,,,0,1,Mid-Range,4.75-5.0,Small,Available >30 Days
1.28595E+18,Pune,Marutrao Gaikwad nagar,18.557,73.8069,Private Room,Private room in home,2,1,1,1,1752,4.75,5,4.75,4.75,4.88,5,5,8,1,Budget,4.5-4.75,Small,Available >30 Days
1.29253E+18,Pune,Parkhe Vasti,18.5938,73.7481,Entire Home,Entire apartment,7,2,2,2,3180,4.57,4.79,4.57,4.63,4.63,4.84,4.81,70,1,Mid-Range,4.5-4.75,Large,Available >30 Days
1.29349E+18,Pune,Unknown,18.5411,73.9226,Private Room,Private room in rental unit,3,1,1,1,2303,4.88,4.56,4.88,4.63,4.81,4.75,4.88,16,1,Mid-Range,4.75-5.0,Medium,Available >30 Days
1.29635E+18,Pune,Unknown,18.5245282,73.86284396,Entire Home,Entire rental unit,4,1,1,1,1952,4.53,4.24,4.55,4.42,4.56,4.65,4.82,66,1,Budget,4.5-4.75,Medium,Available >30 Days
1.4588E+18,Pune,Unknown,18.51084839,73.93022969,Entire Home,Entire rental unit,6,3,3,3,7016,4.82,4.8,4.77,,,,,0,1,Luxury,4.75-5.0,Large,Available >30 Days
1.45951E+18,Pune,Unknown,18.54592641,73.77886097,Entire Home,Entire rental unit,3,1,1,1,2273,4.5,4.5,4.3,3.9,4.5,4.8,4.8,10,1,Mid-Range,4.0-4.5,Medium,Available >30 Days
1.4622E+18,Pune,Gahunje,18.6622,73.7081,Entire Home,Entire rental unit,2,1,1,1,3134,5,4.9,4.95,4.9,4.95,4.95,4.97,58,1,Mid-Range,4.75-5.0,Small,Available >30 Days
1.46289E+18,Pune,Unknown,18.53459428,73.89781361,Entire Home,Entire rental unit,2,1,1,1,2140,4.69,4.63,4.44,4.63,4.63,4.81,4.5,16,1,Mid-Range,4.5-4.75,Small,Available >30 Days
1.53984E+18,Pune,Gahunje,18.6745,73.7065,Entire Home,Entire rental unit,4,1,1,1,3802,4.96,4.88,5,4.79,4.96,4.96,4.96,24,1,Mid-Range,4.75-5.0,Medium,Available >30 Days
1.54219E+18,Pune,Chakankar Mala,18.56815,73.786,Entire Home,Entire rental unit,16,7,8,8,15992,1,1,1,1,1,1,1,1,1,Luxury,Below 3,Large,Available >30 Days
1.54347E+18,Pune,Gahunje,18.6644,73.7082,Private Room,Private room in rental unit,2,1,1,1,2921,4.82,4.8,4.77,,,,,0,1,Mid-Range,4.75-5.0,Small,Available >30 Days
1.62224E+18,Pimpri-Chinchwad,Unknown,18.59947,73.78503,Entire Home,Entire rental unit,4,2,2,2,3405,4.82,4.8,4.77,,,,,0,1,Mid-Range,4.75-5.0,Medium,Available >30 Days
1.62298E+18,Pune,Unknown,18.5756,73.914,Entire Home,Entire apartment,4,1,1,1,2876,4.5,4.67,4.5,4.58,4.58,4.67,4.67,12,1,Mid-Range,4.0-4.5,Medium,Available >30 Days
1.62315E+18,Pune,Unknown,18.50321165,73.93354001,Hotel,Room in boutique hotel,2,1,1,1,2354,4.82,4.8,4.77,,,,,0,1,Mid-Range,4.75-5.0,Small,Available >30 Days
1.25436E+18,Pune,Unknown,18.5531,73.9445,Entire Home,Entire place,10,3,3,3,8752,4.77,4.67,4.7,4.77,4.74,4.91,4.84,43,1,Luxury,4.75-5.0,Large,Available >30 Days
1.25619E+18,Pune,Unknown,18.54566511,73.77974588,Entire Home,Entire rental unit,4,1,1,1,3435,4.79,4.86,4.79,4.69,4.83,4.86,4.83,29,1,Mid-Range,4.75-5.0,Medium,Available >30 Days
1.25917E+18,Pune,Balewadi Phata,18.56475075,73.78395414,Private Room,Private room in bed and breakfast,2,1,1,1,1500,4.38,4.5,4.38,4.25,4.38,4.56,4.44,16,1,Budget,4.0-4.5,Small,Available >30 Days
12636703,Pune,Balewadi Phata,18.56627,73.77185,Entire Home,Entire home,4,2,2,2,6080,4.29,4.43,4.57,4.14,4.14,3.86,4.43,7,1,Premium,4.0-4.5,Medium,Available >30 Days
1.34097E+18,Pune,Unknown,18.56253684,73.77636447,Private Room,Private room in home,2,2,1,1,1890,4.82,4.8,4.77,,,,,0,1,Budget,4.75-5.0,Small,Available >30 Days
1.34551E+18,Pune,Gahunje,18.66450133,73.70673179,Entire Home,Entire rental unit,4,1,1,1,3394,4.72,4.8,4.72,4.64,4.72,4.88,4.8,25,1,Mid-Range,4.5-4.75,Medium,Available >30 Days
1.57252E+18,Pune,Unknown,18.5968,73.9019,Private Room,Private room in home,4,1,2,2,2923,4.82,4.8,4.77,,,,,0,1,Mid-Range,4.75-5.0,Medium,Available >30 Days
1.57441E+18,Pune,Unknown,18.5761,73.9145,Entire Home,Entire apartment,4,1,1,1,2779,4.8,4.8,4.7,4.8,4.8,4.9,4.8,10,1,Mid-Range,4.75-5.0,Medium,Available >30 Days
1.57454E+18,Pune,Unknown,18.53996618,73.89749106,Entire Home,Entire rental unit,6,2,2,2,6665,5,4.95,5,4.89,4.95,4.95,5,19,1,Premium,4.75-5.0,Large,Available >30 Days
1.62887E+18,Pune,Unknown,18.6014,73.9259,Entire Home,Entire rental unit,4,2,2,2,2875,4.82,4.8,4.77,,,,,0,1,Mid-Range,4.75-5.0,Medium,Available >30 Days
1.62897E+18,Pimpri-Chinchwad,Unknown,18.60036361,73.78415397,Entire Home,Entire rental unit,4,2,2,2,4166,4.82,4.8,4.77,,,,,0,1,Premium,4.75-5.0,Medium,Available >30 Days
1.6305E+18,Pune,Unknown,18.5827,73.8967,Entire Home,Entire rental unit,8,1,2,2,6926,5,5,5,5,5,5,5,1,1,Premium,4.75-5.0,Large,Available >30 Days
1.63246E+18,Pune,Unknown,18.499,73.8957,Entire Home,Entire rental unit,4,1,1,1,2611,4.82,4.8,4.77,,,,,0,1,Mid-Range,4.75-5.0,Medium,Available >30 Days
1.63256E+18,Pune,Unknown,18.54319203,73.94099353,Entire Home,Entire rental unit,2,1,1,1,2666,5,5,5,5,5,5,4.67,3,1,Mid-Range,4.75-5.0,Small,Available >30 Days
5.85401E+17,Pune,Pallod Farms,18.5546,73.798,Entire Home,Entire apartment,4,3,1,1,8302,4.69,4.69,4.69,4.54,4.77,4.62,4.62,13,1,Luxury,4.5-4.75,Medium,Available >30 Days
6.12664E+17,Pune,Nigde Mose,18.38765,73.69338,Other,Farm stay,6,5.5,3,3,15672,4.5,5,4.5,4.5,5,5,5,2,1,Luxury,4.0-4.5,Large,Available >30 Days
1.04696E+18,Pune,Unknown,18.57925,73.76521,Hotel,Room in hotel,2,1,1,1,1403,3.75,4.25,3.58,3.92,4,4.08,3.83,12,1,Budget,3.0-4.0,Small,Available >30 Days
1.0542E+18,Pune,Unknown,18.5345,73.89736,Entire Home,Entire rental unit,3,1.5,1,1,4260,4.83,4.91,4.85,4.75,4.85,4.83,4.79,133,1,Premium,4.75-5.0,Medium,Available >30 Days
1.06146E+18,Pune,Unknown,18.5315,73.9128,Entire Home,Entire rental unit,2,1,1,1,1812,4.71,4.5,4.62,4.55,4.64,4.81,4.89,118,1,Budget,4.5-4.75,Small,Available >30 Days
1.06237E+18,Pune,Unknown,18.52632,73.96056,Serviced Apartment,Entire serviced apartment,6,2,2,2,1636,5,5,4.67,4.67,4.67,5,4.67,3,1,Budget,4.75-5.0,Large,Available >30 Days
1.30299E+18,Pune,Unknown,18.54479,73.77948,Entire Home,Entire rental unit,2,1,1,1,2666,4.7,4.73,4.63,4.33,4.43,4.9,4.93,30,1,Mid-Range,4.5-4.75,Small,Available >30 Days
1.30341E+18,Pune,Kalyani Nagar,18.55,73.9016,Entire Home,Entire rental unit,6,3,3,3,6360,4.51,4.81,4.23,4.58,4.42,4.58,4.67,43,1,Premium,4.5-4.75,Large,Available >30 Days
1.3138E+18,Pimpri-Chinchwad,Unknown,18.59692884,73.79003956,Entire Home,Entire rental unit,5,2,2,2,3132,4.67,4.67,4.67,4.67,4.67,4.67,4.67,3,1,Mid-Range,4.5-4.75,Medium,Available >30 Days
1.47184E+18,Pune,Unknown,18.52602423,73.95570716,Hotel,Room in boutique hotel,2,1,1,1,1494,4.82,4.8,4.77,,,,,0,1,Budget,4.75-5.0,Small,Available >30 Days
1.47321E+18,Pune,Shirgaav,18.67487249,73.69186208,Entire Home,Entire apartment,3,1,1,1,3638,5,4.89,5,4.86,4.93,4.96,4.96,28,1,Mid-Range,4.75-5.0,Medium,Available >30 Days
1.55698E+18,Pune,Unknown,18.54128138,73.89568356,Entire Home,Entire rental unit,3,1,1,1,1847,5,5,5,5,5,5,5,6,1,Budget,4.75-5.0,Medium,Available >30 Days
1.56084E+18,Pimpri-Chinchwad,Shankar Kalat Nagar,18.6006,73.7566,Private Room,Private room in rental unit,2,1,1,1,1852,4.82,4.8,4.77,,,,,0,1,Budget,4.75-5.0,Small,Available >30 Days
1.62596E+18,Pune,Unknown,18.45893351,73.83610295,Hotel,Room in boutique hotel,3,1,1,1,1468,4.82,4.8,4.77,,,,,0,1,Budget,4.75-5.0,Medium,Available >30 Days
1.62596E+18,Gorhe Bk.,Sambarewadi,18.40254,73.74211,Hotel,Room in boutique hotel,2,1,1,1,1060,4.82,4.8,4.77,,,,,0,1,Budget,4.75-5.0,Small,Available >30 Days
1.62747E+18,Pune,Unknown,18.5656,73.9161,Entire Home,Entire home,4,3,2,2,5262,5,5,5,4.91,5,5,5,11,1,Premium,4.75-5.0,Medium,Available >30 Days
1.6283E+18,Pune,Unknown,18.5767,73.77,Entire Home,Entire apartment,5,2,2,2,2741,5,5,5,5,5,5,5,2,1,Mid-Range,4.75-5.0,Medium,Available >30 Days
48022687,Pune,Unknown,18.55148,73.96062,Private Room,Private room in bungalow,16,5,5,5,1495,4.82,4.8,4.77,,,,,0,1,Budget,4.75-5.0,Large,Available >30 Days
48273126,Pune,Kalyani Nagar,18.54636,73.90239,Entire Home,Entire apartment,3,2.5,2,2,3508,4.4,4.8,4.4,4.4,4.2,4.8,4,5,1,Mid-Range,4.0-4.5,Medium,Available >30 Days
48370049,Pune,Unknown,18.55685,73.92872,Serviced Apartment,Entire serviced apartment,5,2,2,2,4900,4.17,4.17,4,3.87,3.7,4.17,4,23,1,Premium,4.0-4.5,Medium,Available >30 Days
50161079,Pune,Unknown,18.537,73.8304,Hotel,Room in hotel,3,1,1,1,4350,4.82,4.8,4.77,,,,,0,1,Premium,4.75-5.0,Medium,Available >30 Days
50224036,Pune,Unknown,18.53225,73.91398,Entire Home,Entire rental unit,2,1,1,1,1969,4.09,4.23,3.82,3.96,4.07,4.62,4.55,97,1,Budget,4.0-4.5,Small,Available >30 Days
5034690,Pune,Unknown,18.53906,73.89483,Private Room,Private room in home,3,1,1,1,1581,4.8,4.91,4.89,4.8,4.87,4.92,4.9,223,1,Budget,4.75-5.0,Medium,Available >30 Days
1.07146E+18,Pune,Unknown,18.4719,73.8203,Entire Home,Entire rental unit,6,1.5,2,2,2928,4.87,4.85,4.9,4.8,4.92,4.92,4.94,71,1,Mid-Range,4.75-5.0,Large,Available >30 Days
1.07315E+18,Pimpri-Chinchwad,Unknown,18.6444,73.7963,Serviced Apartment,Entire serviced apartment,4,2.5,2,2,4208,5,5,5,4.67,4.67,5,5,3,1,Premium,4.75-5.0,Medium,Available >30 Days
1.07881E+18,Pune,Balewadi Phata,18.5643,73.777,Entire Home,Entire apartment,4,2,2,2,5120,4.84,4.52,4.84,4.75,4.77,4.93,4.93,44,1,Premium,4.75-5.0,Medium,Available >30 Days
1.0789E+18,Pune,Mhalunge,18.5729,73.7554,Entire Home,Entire apartment,4,2,2,2,3100,4.9,4.2,4.75,4.75,4.9,4.95,4.85,20,1,Mid-Range,4.75-5.0,Medium,Available >30 Days
1.08072E+18,Pimpri-Chinchwad,Unknown,18.64222,73.79704,Entire Home,Entire rental unit,4,2,1,1,4676,5,5,5,5,5,5,5,1,1,Premium,4.75-5.0,Medium,Available >30 Days
1.08364E+18,Pimpri-Chinchwad,Unknown,18.63528018,73.78763942,Entire Home,Entire rental unit,4,2,2,2,3863,5,5,5,5,5,5,5,1,1,Mid-Range,4.75-5.0,Medium,Available >30 Days
1.31497E+18,Pune,Unknown,18.5386,73.898,Entire Home,Entire rental unit,4,2,2,2,8640,4.33,4.5,4.44,4.33,4.22,4.61,4.44,18,1,Luxury,4.0-4.5,Medium,Available >30 Days
1.31584E+18,Pune,Unknown,18.56341747,73.9094995,Entire Home,Entire apartment,4,1,1,1,2490,4.76,4.82,4.62,4.75,4.73,4.85,4.89,55,1,Mid-Range,4.75-5.0,Medium,Available >30 Days
1.31856E+18,Pune,Kalyani Nagar,18.5468,73.8997,Entire Home,Entire rental unit,2,1,1,1,4443,4.92,4.96,4.96,4.92,5,4.92,4.96,24,1,Premium,4.75-5.0,Small,Available >30 Days
1.32091E+18,Pune,Gahunje,18.66397,73.70747,Entire Home,Entire apartment,4,1,1,1,3742,4.68,4.91,4.68,4.55,4.73,4.91,4.91,22,1,Mid-Range,4.5-4.75,Medium,Available >30 Days
1.44936E+18,Khadakwadi,Unknown,18.41645,73.71716,Private Room,Private room in home,4,1,1,1,3974,5,5,4,5,5,5,5,1,1,Mid-Range,4.75-5.0,Medium,Available >30 Days
1.45352E+18,Pimpri-Chinchwad,Marunji,18.6127,73.7266,Private Room,Private room in home,3,1,1,1,1930,5,5,5,5,5,5,5,1,1,Budget,4.75-5.0,Medium,Available >30 Days
1.63868E+18,Pune,Unknown,18.5757,73.914,Entire Home,Entire rental unit,2,1,1,1,3508,5,4.67,4.67,5,4.67,5,5,3,1,Mid-Range,4.75-5.0,Small,Available >30 Days
1.64192E+18,Pune,Unknown,18.54834134,73.78963493,Entire Home,Entire rental unit,7,2,3,3,2910,4.82,4.8,4.77,,,,,0,1,Mid-Range,4.75-5.0,Large,Available >30 Days
7.76553E+17,Pune,Gahunje,18.6628,73.70873,Serviced Apartment,Entire serviced apartment,4,1,1,1,4303,4.86,4.79,4.91,4.76,4.9,4.93,4.88,58,1,Premium,4.75-5.0,Medium,Available >30 Days
7.8154E+17,Pune,Gahunje,18.665,73.70738,Entire Home,Entire rental unit,4,1,1,1,3187,4.85,4.89,4.85,4.75,4.89,4.95,4.96,55,1,Mid-Range,4.75-5.0,Medium,Available >30 Days
7.85382E+17,Pune,Unknown,18.5171,73.8339,Entire Home,Entire apartment,6,2,2,2,9472,4.92,4.97,4.64,4.89,4.92,4.89,4.94,36,1,Luxury,4.75-5.0,Large,Available >30 Days
12253926,Pune,Unknown,18.59094,73.91109,Entire Home,Entire villa,8,2,2,2,2642,4.71,4.65,4.57,4.69,4.75,4.84,4.89,170,1,Mid-Range,4.5-4.75,Large,Available >30 Days
1.36442E+18,Pune,Unknown,18.5410188,73.92299588,Entire Home,Entire rental unit,2,1,1,1,2234,4.59,4.41,4.68,4.46,4.63,4.7,4.63,56,1,Mid-Range,4.5-4.75,Small,Available >30 Days
1.50209E+18,Pune,Unknown,18.5481,73.9479,Hotel,Room in hotel,2,1,1,1,2875,4.82,4.8,4.77,,,,,0,1,Mid-Range,4.75-5.0,Small,Available >30 Days
1.5832E+18,Pimpri-Chinchwad,Unknown,18.6338,73.8491,Private Room,Private room in home,2,1,1,1,1761,5,4.71,5,4.86,5,4.86,5,7,1,Budget,4.75-5.0,Small,Available >30 Days
1.64491E+18,Pune,Balewadi Phata,18.5676,73.7864,Entire Home,Entire rental unit,2,1,1,1,2400,4.82,4.8,4.77,,,,,0,1,Mid-Range,4.75-5.0,Small,Available >30 Days
1.64696E+18,Pune,Unknown,18.5315,73.9156,Private Room,Private room in rental unit,2,1,1,1,2100,4.82,4.8,4.77,,,,,0,1,Mid-Range,4.75-5.0,Small,Available >30 Days
6.39726E+17,Pune,Shivneri Park,18.56662,73.77855,Hotel,Room in hotel,2,1,1,1,2076,4,4,5,4,3,4,4,1,1,Mid-Range,3.0-4.0,Small,Available >30 Days
6.51263E+17,Pune,Shivneri Park,18.56503,73.78012,Hotel,Room in hotel,2,1,1,1,2000,5,4.9,5,5,5,5,5,10,1,Budget,4.75-5.0,Small,Available >30 Days
1.11715E+18,Pune,Unknown,18.58667,73.96615,Entire Home,Entire rental unit,4,0,3,3,3470,5,4.33,5,4.33,4.67,4.67,5,3,1,Mid-Range,4.75-5.0,Medium,Available >30 Days
1.12014E+18,Pimpri-Chinchwad,Tathawade,18.6131,73.74475,Entire Home,Entire rental unit,3,1,1,1,1863,4.5,4.38,4.38,4.25,4.63,4.88,4.75,8,1,Budget,4.0-4.5,Medium,Available >30 Days
1.14524E+18,Pune,Unknown,18.46725,73.91787,Entire Home,Entire bungalow,2,1,1,1,3508,4.82,4.8,4.77,,,,,0,1,Mid-Range,4.75-5.0,Small,Available >30 Days
1.38957E+18,Pune,Gahunje,18.66383205,73.70736953,Entire Home,Entire rental unit,4,0,1,1,3449,5,4.88,5,5,5,4.75,5,8,1,Mid-Range,4.75-5.0,Medium,Available >30 Days
1.39465E+18,Pune,Unknown,18.55380995,73.8980468,Shared Room,Shared room in guest house,1,1,1,1,1106,4,5,4.5,4.5,4,4.5,4.5,2,1,Budget,3.0-4.0,Small,Available >30 Days
1.39492E+18,Pimpri-Chinchwad,Unknown,18.62233026,73.87331287,Entire Home,Entire rental unit,4,2,2,2,3974,4.82,4.8,4.77,,,,,0,1,Mid-Range,4.75-5.0,Medium,Available >30 Days
1.5056E+18,Pimpri-Chinchwad,Unknown,18.6238,73.7321,Private Room,Private room in rental unit,2,2,1,1,1602,5,5,5,5,5,5,5,3,1,Budget,4.75-5.0,Small,Available >30 Days
1.51001E+18,Pune,Unknown,18.5786,73.7862,Entire Home,Entire rental unit,6,3,2,2,3544,4.92,4.67,4.67,4.83,4.75,4.92,4.92,12,1,Mid-Range,4.75-5.0,Large,Available >30 Days
1.51092E+18,Pimpri-Chinchwad,Blue Ridge Town,18.57760096,73.73372,Hotel,Room in boutique hotel,2,1,1,1,1438,4.82,4.8,4.77,,,,,0,1,Budget,4.75-5.0,Small,Available >30 Days
1.51092E+18,Pune,Unknown,18.56192147,73.91712671,Hotel,Room in boutique hotel,2,1,1,1,2288,4.82,4.8,4.77,,,,,0,1,Mid-Range,4.75-5.0,Small,Available >30 Days
1.51092E+18,Pune,Unknown,18.56182725,73.94857675,Hotel,Room in boutique hotel,2,1,1,1,2204,4.82,4.8,4.77,,,,,0,1,Mid-Range,4.75-5.0,Small,Available >30 Days
1.51104E+18,Pimpri-Chinchwad,Unknown,18.60218689,73.73548093,Hotel,Room in boutique hotel,2,1,1,1,981,4.82,4.8,4.77,,,,,0,1,Budget,4.75-5.0,Small,Available >30 Days
1.59065E+18,Pune,Baner Gaon,18.55794375,73.79328511,Private Room,Private room in rental unit,2,1,1,1,1824,5,5,5,5,5,5,5,1,1,Budget,4.75-5.0,Small,Available >30 Days
1.59133E+18,Pune,Manjari Budruk,18.51881437,73.97492399,Entire Home,Entire rental unit,2,1,1,1,2217,4.67,4.33,4.67,4.67,4.67,4.67,4.67,3,1,Mid-Range,4.5-4.75,Small,Available >30 Days
1.59344E+18,Pune,Blue Ridge Town,18.5786,73.7349,Serviced Apartment,Entire serviced apartment,4,1,1,1,2420,4.82,4.8,4.77,,,,,0,1,Mid-Range,4.75-5.0,Medium,Available >30 Days
1.59346E+18,Pune,Blue Ridge Town,18.5786,73.7349,Serviced Apartment,Entire serviced apartment,16,4,4,4,10100,4.82,4.8,4.77,,,,,0,1,Luxury,4.75-5.0,Large,Available >30 Days
1.64775E+18,Pune,Unknown,18.577,73.7647,Entire Home,Entire rental unit,2,1,1,1,2725,4.82,4.8,4.77,,,,,0,1,Mid-Range,4.75-5.0,Small,Available >30 Days
1.64906E+18,Pune,Unknown,18.54555,73.77791,Entire Home,Entire rental unit,2,1,1,1,1801,5,5,5,5,5,5,5,2,1,Budget,4.75-5.0,Small,Available >30 Days
1.65017E+18,Pune,Unknown,18.5839,74.0054,Entire Home,Entire home,6,4,3,3,6813,4.82,4.8,4.77,,,,,0,1,Premium,4.75-5.0,Large,Available >30 Days
1.65069E+18,Pune,Unknown,18.4835,73.8825,Entire Home,Entire home,4,1,1,1,5392,5,5,5,5,5,5,5,3,1,Premium,4.75-5.0,Medium,Available >30 Days
7.98142E+17,Pune,Kalyani Nagar,18.54365,73.90279,Private Room,Private room in apartment,3,1,1,1,1578,4.75,5,4.75,5,5,4.75,5,4,1,Budget,4.5-4.75,Medium,Available >30 Days
8.12844E+17,Pune,Unknown,18.55945,73.92409,Private Room,Private room in bungalow,6,1,1,1,2993,4.5,4,4.5,4.5,4.75,5,5,4,1,Mid-Range,4.0-4.5,Large,Available >30 Days
1.17522E+18,Pune,Unknown,18.451,73.8281,Private Room,Private room in home,2,1,1,1,1285,5,4.8,5,5,5,5,5,5,1,Budget,4.75-5.0,Small,Available >30 Days
1.18154E+18,Pune,Shivneri Park,18.57043,73.78044,Private Room,Private room in bungalow,2,1,1,1,1413,5,5,5,5,5,4,4,2,1,Budget,4.75-5.0,Small,Available >30 Days
1.37104E+18,Pune,Unknown,18.58081797,73.99012111,Private Room,Private room in rental unit,2,1,1,1,1181,4.82,4.8,4.77,,,,,0,1,Budget,4.75-5.0,Small,Available >30 Days
1.37752E+18,Pune,Unknown,18.51007022,73.95197579,Entire Home,Entire rental unit,2,1,1,1,3449,4.99,4.94,4.96,4.91,4.99,4.97,4.99,70,1,Mid-Range,4.75-5.0,Small,Available >30 Days
1.48975E+18,Pune,Unknown,18.53052402,73.91431647,Entire Home,Entire rental unit,2,1,1,1,1637,3.89,4.33,4,4,4,4.44,4.44,9,1,Budget,3.0-4.0,Small,Available >30 Days
1.49032E+18,Pune,Unknown,18.5481,73.9479,Hotel,Room in hotel,2,1,1,1,3090,4.82,4.8,4.77,,,,,0,1,Mid-Range,4.75-5.0,Small,Available >30 Days
1.49281E+18,Pune,Unknown,18.5566,73.802,Private Room,Private room in rental unit,2,1,1,1,1592,4.82,4.8,4.77,,,,,0,1,Budget,4.75-5.0,Small,Available >30 Days
1.63447E+18,Pune,Unknown,18.54235765,73.92176945,Entire Home,Entire rental unit,3,1,1,1,2186,5,5,5,5,5,5,5,1,1,Mid-Range,4.75-5.0,Medium,Available >30 Days
1.63556E+18,Pune,Unknown,18.5759,73.9142,Entire Home,Entire rental unit,4,1,1,1,2724,4.82,4.8,4.77,,,,,0,1,Mid-Range,4.75-5.0,Medium,Available >30 Days
1.63605E+18,Pune,Unknown,18.53098,73.91519,Entire Home,Entire rental unit,3,1,1,1,1450,4.82,4.8,4.77,,,,,0,1,Budget,4.75-5.0,Medium,Available >30 Days
6.89656E+17,Pune,Unknown,18.5333,73.8359,Private Room,Private room in bungalow,2,1.5,1,1,2019,4.15,4.37,3.96,3.96,4,4.44,4.22,27,1,Mid-Range,4.0-4.5,Small,Available >30 Days
6.93224E+17,Pimpri-Chinchwad,Gahunje,18.6616,73.7091,Entire Home,Entire rental unit,4,1,1,1,3739,4.75,4.72,4.82,4.6,4.71,4.83,4.83,121,1,Mid-Range,4.5-4.75,Medium,Available >30 Days
7.03147E+17,Pune,Unknown,18.55069,73.77017,Private Room,Private room in apartment,3,1,1,1,1870,4.91,4.83,4.85,4.76,4.83,4.91,4.96,46,1,Budget,4.75-5.0,Medium,Available >30 Days
7.32333E+17,Pune,Unknown,18.55195,73.94039,Private Room,Private room in bed and breakfast,4,1.5,2,2,2761,3.5,4,3,3.5,4,4.5,3.5,2,1,Mid-Range,3.0-4.0,Medium,Available >30 Days
7.37255E+17,Pune,Unknown,18.57636,73.99875,Hotel,Room in hotel,3,1,1,1,1754,4,4,3.33,4,4.67,4.33,5,3,1,Budget,3.0-4.0,Medium,Available >30 Days
7.55421E+17,Pune,Unknown,18.5531,73.9615,Private Room,Private room in rental unit,7,3,3,3,11694,4.82,4.8,4.77,,,,,0,1,Luxury,4.75-5.0,Large,Available >30 Days
1.19335E+18,Pimpri-Chinchwad,Blue Ridge Town,18.58,73.7357,Entire Home,Entire rental unit,2,1,1,1,2104,4.82,4.8,4.77,,,,,0,1,Mid-Range,4.75-5.0,Small,Available >30 Days
1.19552E+18,Dattwadi,Tathawade,18.61287,73.74539,Entire Home,Entire rental unit,3,1,1,1,3429,4.82,4.8,4.77,,,,,0,1,Mid-Range,4.75-5.0,Medium,Available >30 Days
1.21103E+18,Pune,Unknown,18.5325,73.8751,Entire Home,Entire rental unit,5,2,2,2,4820,4.47,4.4,4.62,4.49,4.47,4.72,4.55,53,1,Premium,4.0-4.5,Medium,Available >30 Days
1.43781E+18,Pune,Unknown,18.52086,73.9395,Entire Home,Entire apartment,4,2,2,2,6062,4.59,4.71,4.35,4.29,4.65,4.53,4.53,17,1,Premium,4.5-4.75,Medium,Available >30 Days
1.44029E+18,Pimpri-Chinchwad,Tathawade,18.61131269,73.74385543,Entire Home,Entire rental unit,2,1,1,1,2151,4.82,4.8,4.77,,,,,0,1,Mid-Range,4.75-5.0,Small,Available >30 Days
1.44649E+18,Pune,Unknown,18.547,73.7511,Serviced Apartment,Entire serviced apartment,4,1,1,1,1402,4.93,4.64,4.93,4.79,4.86,5,4.86,14,1,Budget,4.75-5.0,Medium,Available >30 Days
1.51803E+18,Pune,Unknown,18.53957735,73.89435784,Shared Room,Shared room in bed and breakfast,3,2,1,4,887,3,4,3,4,3,4,4,1,1,Budget,Below 3,Medium,Available >30 Days
1.60503E+18,Pimpri-Chinchwad,Unknown,18.5792,73.7863,Hotel,Room in hotel,2,1,1,1,1796,4.82,4.88,4.94,4.76,4.94,5,5,17,1,Budget,4.75-5.0,Small,Available >30 Days
1.60799E+18,Pune,Gahunje,18.6646,73.704,Entire Home,Entire rental unit,2,1,1,1,2876,4.86,5,4.86,4.71,4.86,4.86,4.43,7,1,Mid-Range,4.75-5.0,Small,Available >30 Days
1.65352E+18,Pune,Unknown,18.54299511,73.92275553,Entire Home,Entire rental unit,2,1,1,1,2411,4.82,4.8,4.77,,,,,0,1,Mid-Range,4.75-5.0,Small,Available >30 Days
9.10677E+17,Pune,Balewadi Phata,18.5641,73.781,Entire Home,Entire rental unit,4,2,2,2,3700,5,4.5,4.5,5,4.5,5,5,2,1,Mid-Range,4.75-5.0,Medium,Available >30 Days
9.32252E+17,Pune,Gahunje,18.66561,73.70682,Entire Home,Entire apartment,6,2,2,2,10724,5,4.95,4.8,4.65,4.9,4.8,4.95,20,1,Luxury,4.75-5.0,Large,Available >30 Days
1.26787E+18,Pune,Unknown,18.4396,73.9096,Entire Home,Entire home,4,1,1,1,1754,4.9,4.86,4.9,4.86,4.86,4.9,4.95,21,1,Budget,4.75-5.0,Medium,Available >30 Days
1.27037E+18,Koregaon Park,Unknown,18.53392974,73.89278405,Entire Home,Entire apartment,4,2,2,2,4836,4.96,4.96,4.92,4.92,4.96,5,5,25,1,Premium,4.75-5.0,Medium,Available >30 Days
1.2726E+18,Pune,Unknown,18.54635909,73.77669604,Entire Home,Entire rental unit,4,1,1,1,3816,4.88,4.92,4.8,4.72,4.88,4.93,4.96,83,1,Mid-Range,4.75-5.0,Medium,Available >30 Days
1.27371E+18,Pimpri-Chinchwad,Unknown,18.5847,73.7809,Entire Home,Entire rental unit,3,1,1,1,2314,4.83,4.78,4.8,4.78,4.8,4.85,4.93,40,1,Mid-Range,4.75-5.0,Medium,Available >30 Days
12792231,Pune,Unknown,18.56727,73.77264,Entire Home,Entire home,8,4,4,4,12309,3,4,3,3,1,4,2,1,1,Luxury,Below 3,Large,Available >30 Days
1.42303E+18,Pune,Unknown,18.53897826,73.89518712,Entire Home,Entire rental unit,3,1,1,1,3120,4.85,5,4.46,4.69,4.92,4.92,4.77,13,1,Mid-Range,4.75-5.0,Medium,Available >30 Days
1.43129E+18,Pune,Unknown,18.56386,73.90761,Entire Home,Entire rental unit,2,1,1,2,3704,5,4.91,4.73,4.91,5,5,5,11,1,Mid-Range,4.75-5.0,Small,Available >30 Days
1.52678E+18,Pimpri-Chinchwad,Unknown,18.5791,73.7862,Entire Home,Entire apartment,2,1,1,1,1900,3.71,4.14,4,3.14,3.71,3.86,4.43,7,1,Budget,3.0-4.0,Small,Available >30 Days
1.52682E+18,Pune,Unknown,18.54188337,73.94110381,Entire Home,Entire rental unit,3,1,1,1,2909,5,5,5,5,5,5,5,1,1,Mid-Range,4.75-5.0,Medium,Available >30 Days
1.52747E+18,Pune,Unknown,18.5428693,73.94204024,Entire Home,Entire rental unit,3,1,1,1,2794,5,5,5,5,5,5,5,1,1,Mid-Range,4.75-5.0,Medium,Available >30 Days
1.52816E+18,Pune,Unknown,18.5538,73.9386,Entire Home,Entire rental unit,6,2,2,2,6580,5,4.75,5,4.75,5,5,5,4,1,Premium,4.75-5.0,Large,Available >30 Days
1.52894E+18,Pune,Unknown,18.5464,73.7793,Entire Home,Entire rental unit,2,1,1,1,2421,4.8,4.9,4.5,4.5,4.9,4.8,4.8,10,1,Mid-Range,4.75-5.0,Small,Available >30 Days
1.52935E+18,Pune,Unknown,18.57666804,73.76568191,Entire Home,Entire rental unit,6,2,2,2,4286,4.96,4.84,5,4.8,4.96,5,4.96,25,1,Premium,4.75-5.0,Large,Available >30 Days
1.60914E+18,Pune,Unknown,18.66466,73.83296,Private Room,Private room in rental unit,2,1,1,1,2109,5,5,5,5,5,5,5,1,1,Mid-Range,4.75-5.0,Small,Available >30 Days
1.61006E+18,Pimpri-Chinchwad,Tathawade,18.607,73.7388,Hotel,Room in hotel,10,5,5,5,7016,4.82,4.8,4.77,,,,,0,1,Luxury,4.75-5.0,Large,Available >30 Days
1.6101E+18,Pune,Marunji,18.6035,73.7293,Hotel,Room in hotel,2,1,1,1,1700,4.82,4.8,4.77,,,,,0,1,Budget,4.75-5.0,Small,Available >30 Days
1.61013E+18,Pune,Unknown,18.5624,73.7757,Hotel,Room in hotel,2,1,1,1,1701,4.89,4.89,4.67,4.78,4.89,5,4.89,9,1,Budget,4.75-5.0,Small,Available >30 Days
1.65547E+18,Pune,Unknown,18.5582,73.9217,Entire Home,Entire rental unit,5,1,1,1,3508,4.82,4.8,4.77,,,,,0,1,Mid-Range,4.75-5.0,Medium,Available >30 Days
1.65582E+18,Pune,Unknown,18.57474395,73.76839045,Entire Home,Entire villa,2,1,1,1,2096,4.82,4.8,4.77,,,,,0,1,Mid-Range,4.75-5.0,Small,Available >30 Days
17024575,Pune,Unknown,18.46396,73.91493,Private Room,Private room in serviced apartment,4,2,2,2,6000,4,3.75,4,3,3.75,4,4,4,1,Premium,3.0-4.0,Medium,Available >30 Days
22739122,Pune,Balewadi High Street,18.5728,73.7714,Entire Home,Entire apartment,4,2,2,2,4326,4.74,4.83,4.56,4.67,4.79,4.95,4.91,136,1,Premium,4.5-4.75,Medium,Available >30 Days
1.14933E+18,Pune,Mhalunge,18.5658,73.7395,Entire Home,Entire apartment,6,3,3,3,4240,4.66,4.83,4.69,4.59,4.69,4.97,4.86,29,1,Premium,4.5-4.75,Large,Available >30 Days
1.15412E+18,Pune,Ramnagar Colony,18.52761,73.77719,Private Room,Private room in rental unit,4,2,1,1,3406,4.82,4.8,4.77,,,,,0,1,Mid-Range,4.75-5.0,Medium,Available >30 Days
1.41295E+18,Pune,Unknown,18.5731,73.916,Entire Home,Entire apartment,4,1,1,1,3496,4.92,4.79,4.92,4.79,4.88,4.92,4.96,24,1,Mid-Range,4.75-5.0,Medium,Available >30 Days
1.53249E+18,Pimpri-Chinchwad,Unknown,18.64462602,73.79674835,Entire Home,Entire rental unit,4,2,2,2,3297,5,5,4.86,5,5,5,4.86,7,1,Mid-Range,4.75-5.0,Medium,Available >30 Days
1.53254E+18,Pune,Unknown,18.64114,73.79774,Entire Home,Entire rental unit,4,2,2,2,3102,5,5,5,5,5,5,5,1,1,Mid-Range,4.75-5.0,Medium,Available >30 Days
1.534E+18,Pune,Unknown,18.53138203,73.83740868,Private Room,Private room in apartment,6,3,3,3,6478,5,4.93,5,5,5,5,5,15,1,Premium,4.75-5.0,Large,Available >30 Days
1.53705E+18,Pune,Unknown,18.57922,73.77444,Entire Home,Entire rental unit,16,6,6,6,10120,4.82,4.8,4.77,,,,,0,1,Luxury,4.75-5.0,Large,Available >30 Days
1.53824E+18,Pimpri-Chinchwad,Shankar Kalat Nagar,18.59664651,73.75426585,Hotel,Room in hotel,3,1,1,1,1719,3.67,4,3,3.67,4,5,3.67,3,1,Budget,3.0-4.0,Medium,Available >30 Days
1.6118E+18,Pune,Unknown,18.54130512,73.92280596,Entire Home,Entire rental unit,2,1,1,1,2688,4.88,4.71,4.71,4.76,4.88,4.88,4.94,17,1,Mid-Range,4.75-5.0,Small,Available >30 Days
1.61233E+18,Pimpri-Chinchwad,Punawale,18.6271,73.74614,Entire Home,Entire rental unit,3,2,1,1,2611,4.82,4.8,4.77,,,,,0,1,Mid-Range,4.75-5.0,Medium,Available >30 Days
1.61234E+18,Pimpri-Chinchwad,Punawale,18.62827611,73.74539275,Entire Home,Entire rental unit,3,2,1,1,2838,4.82,4.8,4.77,,,,,0,1,Mid-Range,4.75-5.0,Medium,Available >30 Days
1.61445E+18,Pune,Unknown,18.5945,73.9276,Serviced Apartment,Entire serviced apartment,3,1,1,2,2820,4.56,4.67,4.67,4.61,4.56,4.56,4.78,18,1,Mid-Range,4.5-4.75,Medium,Available >30 Days
32878924,Pune,Unknown,18.5682,73.9212,Private Room,Private room in hostel,2,1,1,1,2930,5,5,5,4,4,5,5,1,1,Mid-Range,4.75-5.0,Small,Available >30 Days
33415936,Pimpri-Chinchwad,Blue Ridge Town,18.58026,73.73508,Entire Home,Entire loft,2,1.5,1,1,3054,4.81,4.86,4.9,4.62,4.81,4.81,4.81,21,1,Mid-Range,4.75-5.0,Small,Available >30 Days
34517088,Pune,Unknown,18.54128,73.89809,Private Room,Private room in townhouse,2,1,1,1,3625,4.88,4.96,4.96,4.84,4.92,4.88,4.88,25,1,Mid-Range,4.75-5.0,Small,Available >30 Days
35088508,Charholi Budruk,Unknown,18.62151,73.91555,Private Room,Private room in rental unit,2,1,1,1,3695,4.8,4.8,5,5,4.8,4.6,4.8,5,1,Mid-Range,4.75-5.0,Small,Available >30 Days
37863504,Pimpri-Chinchwad,Unknown,18.66549599,73.83238561,Entire Home,Entire apartment,4,1,1,2,2548,4.93,5,4.93,5,5,5,5,14,1,Mid-Range,4.75-5.0,Medium,Available >30 Days
40410823,Gorhe Khurd,Gorhe,18.40965,73.74767,Entire Home,Entire bungalow,12,4.5,3,3,14851,5,5,5,5,5,5,5,1,1,Luxury,4.75-5.0,Large,Available >30 Days
40418361,Pune,Bavdhan,18.5124,73.767,Private Room,Private room in bungalow,2,1,1,1,1576,4.6,4.73,4.36,4.56,4.64,4.76,4.82,45,1,Budget,4.5-4.75,Small,Available >30 Days
9.40527E+17,Pune,Unknown,18.5468,73.8195,Entire Home,Entire rental unit,4,1.5,1,1,2591,4.61,4.67,4.67,4.65,4.69,4.75,4.8,51,1,Mid-Range,4.5-4.75,Medium,Available >30 Days
9.55425E+17,Pune,Unknown,18.50855,73.92548,Private Room,Private room in rental unit,1,1,1,1,1262,4.94,4.72,4.56,4.61,4.89,4.89,5,18,1,Budget,4.75-5.0,Small,Available >30 Days
9.72914E+17,Pune,Unknown,18.54134,73.89884,Entire Home,Entire rental unit,2,1,1,1,2340,4.83,4.81,4.78,4.61,4.72,4.81,4.87,156,1,Mid-Range,4.75-5.0,Small,Available >30 Days
1.23695E+18,Pune,Balewadi High Street,18.5687,73.7753,Entire Home,Entire home,16,18,19,19,40929,4.82,4.8,4.77,,,,,0,1,Luxury,4.75-5.0,Large,Available >30 Days
1.24351E+18,Pune,Unknown,18.54271,73.88899,Private Room,Private room in rental unit,2,1,1,1,1141,4.4,4.4,4,4.2,4.6,4.6,4.8,5,1,Budget,4.0-4.5,Small,Available >30 Days
1.24355E+18,Pune,Unknown,18.546,73.7791,Entire Home,Entire apartment,3,1,1,1,2837,4.8,4.88,4.6,4.64,4.72,4.96,4.84,25,1,Mid-Range,4.75-5.0,Medium,Available >30 Days
1.40151E+18,Pune,Unknown,18.46077869,73.91267304,Private Room,Private room in home,2,1,1,1,3230,4.43,4.71,4.14,4.29,4.29,4.86,4.43,7,1,Mid-Range,4.0-4.5,Small,Available >30 Days
1.40332E+18,Pune,Unknown,18.56650935,73.95132737,Entire Home,Entire rental unit,2,1,1,1,2460,4,4,4,4,4,4,4,1,1,Mid-Range,3.0-4.0,Small,Available >30 Days
1.4035E+18,Pune,Unknown,18.43831,73.91011,Entire Home,Entire home,6,2.5,3,3,3959,4.25,4,4.25,4,4.25,4.25,4.75,4,1,Mid-Range,4.0-4.5,Large,Available >30 Days
1.40916E+18,Pune,Unknown,18.46234145,73.905144,Entire Home,Entire rental unit,4,2,2,2,2572,4.41,4.47,4.29,4.24,4.47,4.47,4.47,17,1,Mid-Range,4.0-4.5,Medium,Available >30 Days
1.51176E+18,Pimpri-Chinchwad,Unknown,18.5791,73.7862,Entire Home,Entire apartment,4,2,2,2,3576,5,5,5,5,5,5,5,3,1,Mid-Range,4.75-5.0,Medium,Available >30 Days
1.51207E+18,Pune,Unknown,18.5758,73.9142,Entire Home,Entire rental unit,2,1,1,1,2759,4.78,4.87,4.83,4.7,4.74,4.87,4.74,23,1,Mid-Range,4.75-5.0,Small,Available >30 Days
1.51281E+18,Pune,Unknown,18.5429,73.94593,Private Room,Private room in rental unit,2,1,1,1,2157,4.82,4.8,4.77,,,,,0,1,Mid-Range,4.75-5.0,Small,Available >30 Days
1.51284E+18,Pune,Unknown,18.59635,73.90928,Entire Home,Entire apartment,6,1,1,1,4930,4.82,4.8,4.77,,,,,0,1,Premium,4.75-5.0,Large,Available >30 Days
1.59964E+18,Pune,Unknown,18.4639179,73.91751913,Entire Home,Entire rental unit,2,1,1,1,2878,4.88,4.88,4.75,4.75,4.88,4.88,5,8,1,Mid-Range,4.75-5.0,Small,Available >30 Days
24006823,Pune,Unknown,18.478,73.8132,Private Room,Private room in rental unit,3,1,1,1,1496,4.81,4.76,4.84,4.84,4.91,4.95,4.94,140,1,Budget,4.75-5.0,Medium,Available >30 Days
31111236,Pune,Kalyani Nagar,18.54677,73.90585,Private Room,Private room in apartment,2,1.5,1,1,2338,4.91,5,4.64,4.82,4.73,4.82,5,11,1,Mid-Range,4.75-5.0,Small,Available >30 Days
31519513,Baner,Balewadi High Street,18.57095,73.77393,Private Room,Private room in bed and breakfast,1,1,1,1,1343,4.73,4.86,4.47,4.74,4.75,4.79,4.84,118,0,Budget,4.5-4.75,Small,Available ≤30 Days
8.75163E+17,Pune,Balewadi Phata,18.562,73.7808,Private Room,Private room in home,3,1.5,1,1,2172,4.76,4.77,4.84,4.68,4.82,4.87,4.9,79,1,Mid-Range,4.75-5.0,Medium,Available >30 Days
8.80952E+17,Pune,Unknown,18.5162,73.9464,Entire Home,Entire rental unit,3,1,1,1,2221,4.69,4.94,4.44,4.69,4.88,4.94,4.94,16,1,Mid-Range,4.5-4.75,Medium,Available >30 Days
8.84334E+17,Pune,Unknown,18.52272,73.93426,Entire Home,Entire rental unit,6,2,2,2,4315,4.87,4.97,4.75,4.8,4.92,4.95,4.9,93,1,Premium,4.75-5.0,Large,Available >30 Days
8.91181E+17,Pune,Maan,18.5786,73.7175,Entire Home,Entire apartment,4,2,2,2,3325,5,4.98,4.96,4.96,5,5,5,52,1,Mid-Range,4.75-5.0,Medium,Available >30 Days
8.92282E+17,Pune,Unknown,18.55205,73.96172,Private Room,Private room in bungalow,16,1.5,1,1,1495,4.82,4.8,4.77,,,,,0,1,Budget,4.75-5.0,Large,Available >30 Days
1.09005E+18,Pune,Balewadi Phata,18.565,73.7817,Entire Home,Entire apartment,6,2,2,2,2544,5,4.86,4.86,4.86,4.86,5,4.86,7,1,Mid-Range,4.75-5.0,Large,Available >30 Days
1.10071E+18,Pune,Unknown,18.5325,73.8375,Serviced Apartment,Entire serviced apartment,6,2,3,3,4723,4.82,4.8,4.77,,,,,0,1,Premium,4.75-5.0,Large,Available >30 Days
1.10764E+18,Pimpri-Chinchwad,Shankar Kalat Nagar,18.62696442,73.74428425,Entire Home,Entire rental unit,3,1.5,1,1,3063,4,4,4,4,4,4,4,1,1,Mid-Range,3.0-4.0,Medium,Available >30 Days
1.33317E+18,Pune,Unknown,18.532,73.8967,Private Room,Private room in rental unit,1,1,1,1,1403,4.31,4.69,4.69,4.15,4.46,4.69,4.46,13,1,Budget,4.0-4.5,Small,Available >30 Days
1.33683E+18,Pune,Unknown,18.5124,73.9327,Private Room,Private room in apartment,4,2,2,2,1851,5,5,4.91,5,5,5,5,11,1,Budget,4.75-5.0,Medium,Available >30 Days
1.33772E+18,Pune,Manjari Budruk,18.5228,73.963,Entire Home,Entire rental unit,3,0,1,1,1788,4.71,4.07,4.79,4.5,4.57,4.64,4.86,14,1,Budget,4.5-4.75,Medium,Available >30 Days
1.47666E+18,Pune,Unknown,18.60173,73.91641,Entire Home,Entire apartment,4,2.5,2,2,3881,4.89,4.35,4.95,4.84,4.89,4.89,4.81,37,1,Mid-Range,4.75-5.0,Medium,Available >30 Days
1.47792E+18,Pune,Unknown,18.5757,73.914,Serviced Apartment,Entire serviced apartment,4,1,1,1,2565,4.72,4.86,4.62,4.62,4.9,4.93,4.93,29,1,Mid-Range,4.5-4.75,Medium,Available >30 Days
1.47846E+18,Pune,Unknown,18.5684,73.9189,Entire Home,Entire rental unit,2,1,1,1,3182,4.76,4.88,4.76,4.71,4.76,4.94,4.94,17,1,Mid-Range,4.75-5.0,Small,Available >30 Days
1.4814E+18,Pune,Unknown,18.54761299,73.91542932,Private Room,Private room in rental unit,2,1,1,1,2918,4.82,4.8,4.77,,,,,0,1,Mid-Range,4.75-5.0,Small,Available >30 Days
1.55127E+18,Pune,Balewadi Phata,18.5662,73.7868,Entire Home,Entire apartment,4,1,1,1,2500,4.93,4.57,4.79,4.57,4.86,4.93,4.86,14,1,Mid-Range,4.75-5.0,Medium,Available >30 Days
1.55184E+18,Pimpri-Chinchwad,Tathawade,18.61271208,73.7452289,Entire Home,Entire rental unit,2,1,1,1,2014,4.82,4.8,4.77,,,,,0,1,Mid-Range,4.75-5.0,Small,Available >30 Days
1.55351E+18,Pune,Unknown,18.5756,73.914,Serviced Apartment,Entire serviced apartment,3,1,1,2,2862,5,4.83,5,4.5,4.83,5,4.83,6,1,Mid-Range,4.75-5.0,Medium,Available >30 Days
1.61502E+18,Gorhe Khurd,Gorhe,18.4095,73.7461,Entire Home,Entire home,10,3,2,2,5865,5,5,5,5,5,5,5,1,1,Premium,4.75-5.0,Large,Available >30 Days
1.6152E+18,Pune,Unknown,18.5491,73.813,Hotel,Room in hotel,3,1,1,1,1816,4.82,4.8,4.77,,,,,0,1,Budget,4.75-5.0,Medium,Available >30 Days
1.62014E+18,Pune,Unknown,18.55021154,73.77779167,Entire Home,Entire rental unit,4,1,1,1,2043,4.82,4.8,4.77,,,,,0,1,Mid-Range,4.75-5.0,Medium,Available >30 Days
52782438,Pune,Unknown,18.5533,73.8975,Private Room,Private room in bed and breakfast,2,1.5,1,1,3049,5,5,5,4.67,5,5,5,3,1,Mid-Range,4.75-5.0,Small,Available >30 Days
5.43133E+17,Pune,Unknown,18.56359,73.93763,Entire Home,Entire apartment,16,4,4,4,4781,3.25,2.75,3,3,3,3.75,3.75,4,1,Premium,3.0-4.0,Large,Available >30 Days
9.83335E+17,Pune,Unknown,18.53843,73.9021,Private Room,Private room in rental unit,2,1,1,1,2170,4.78,4.73,4.73,4.61,4.74,4.77,4.84,94,1,Mid-Range,4.75-5.0,Small,Available >30 Days
9.92816E+17,Pune,Panchawati,18.53841,73.80904,Private Room,Private room in serviced apartment,2,1,1,1,3391,4.82,4.8,4.77,,,,,0,1,Mid-Range,4.75-5.0,Small,Available >30 Days
9.95865E+17,Pune,Unknown,18.51062,73.86854,Entire Home,Entire rental unit,4,1,1,1,3974,4.82,4.8,4.77,,,,,0,1,Mid-Range,4.75-5.0,Medium,Available >30 Days
